candidate,split,strength_band,error_mm
blend_n1800,id,0,3.2720881522003022
blend_n1800,id,1,3.134300468485861
blend_n1800,id,2,1.3882844532323448
blend_n1800,ood,2,1.6952843312069177
blend_n3600,id,0,3.297462706709851
blend_n3600,id,1,3.1145203654822233
blend_n3600,id,2,1.3415289663655758
blend_n3600,ood,2,1.6470921495266866
corr_ridge,id,0,3.2821534171045923
corr_ridge,id,1,3.132973597042113
corr_ridge,id,2,1.6021539634316049
corr_ridge,ood,2,1.8895827101322575
corr_svr,id,0,3.3277108013323717
corr_svr,id,1,3.0935378635357176
corr_svr,id,2,1.4662749946856402
corr_svr,ood,2,1.701291765134563
corr_svr_dimscale,id,0,3.316753245737428
corr_svr_dimscale,id,1,3.0851972599819675
corr_svr_dimscale,id,2,1.471504617580613
corr_svr_dimscale,ood,2,1.6994482964946482
et_n1800,id,0,3.2667013986208406
et_n1800,id,1,3.2084158532723976
et_n1800,id,2,1.4794561126161692
et_n1800,ood,2,1.7511406876149196
et_n3600,id,0,3.289080341376959
et_n3600,id,1,3.1895008956228716
et_n3600,id,2,1.4053817544207012
et_n3600,ood,2,1.6845717682679213
gate_prior,id,0,3.275236012135983
gate_prior,id,1,3.188822153989456
gate_prior,id,2,1.4324879842380311
gate_prior,ood,2,1.795190906581996
gate_weak_ridge,id,0,3.2965683649578663
gate_weak_ridge,id,1,3.173214973624569
gate_weak_ridge,id,2,1.423933200901439
gate_weak_ridge,ood,2,1.761870454428114
gate_weak_svr,id,0,3.3102248159064525
gate_weak_svr,id,1,3.1620501289797263
gate_weak_svr,id,2,1.3804015234815152
gate_weak_svr,ood,2,1.753461264021996
mdn_n1800_w1,id,0,3.2742551030540814
mdn_n1800_w1,id,1,3.106499631137816
mdn_n1800_w1,id,2,1.3038283473684185
mdn_n1800_w1,ood,2,1.6066695095266887
mdn_n3600_w1,id,0,3.2840647060180115
mdn_n3600_w1,id,1,3.1296540441271805
mdn_n3600_w1,id,2,1.2793235352650154
mdn_n3600_w1,ood,2,1.5273343505162802
mdn_n3600_w10,id,0,3.300820526728315
mdn_n3600_w10,id,1,3.198834405272032
mdn_n3600_w10,id,2,1.49148095535219
mdn_n3600_w10,ood,2,1.8811156785782601
mdn_n3600_w3,id,0,3.2905290584789197
mdn_n3600_w3,id,1,3.143068069959193
mdn_n3600_w3,id,2,1.2890108765919188
mdn_n3600_w3,ood,2,1.6331713172158706
prior,id,0,3.2871611212560645
prior,id,1,3.3536516077246357
prior,id,2,3.2492421874608564
prior,ood,2,3.242592717108099
ridge_n1800,id,0,3.274968496488271
ridge_n1800,id,1,3.1474683106207686
ridge_n1800,id,2,1.586829328456232
ridge_n1800,ood,2,1.9240319066522114
ridge_n3600,id,0,3.2900407444101956
ridge_n3600,id,1,3.1322289062021373
ridge_n3600,id,2,1.5688517027748934
ridge_n3600,ood,2,1.8785820080108542
signal_shrink_0.00153998,id,0,3.2764460332296297
signal_shrink_0.00153998,id,1,3.2074956188896
signal_shrink_0.00153998,id,2,1.4396841555991482
signal_shrink_0.00153998,ood,2,1.7769643852849883
signal_shrink_1e-05,id,0,3.289892058144841
signal_shrink_1e-05,id,1,3.141095202821487
signal_shrink_1e-05,id,2,1.3478131687247696
signal_shrink_1e-05,ood,2,1.6602866914541734
svr_n1800,id,0,3.3119711367302695
svr_n1800,id,1,3.1009079026862953
svr_n1800,id,2,1.4320630214657057
svr_n1800,ood,2,1.7549400850164845
svr_n3600,id,0,3.3362164457655017
svr_n3600,id,1,3.0761460132852587
svr_n3600,id,2,1.378106857240404
svr_n3600,ood,2,1.6769499229739422
weak_ridge,id,0,3.316702093833172
weak_ridge,id,1,3.306636904040796
weak_ridge,id,2,3.219883208084092
weak_ridge,ood,2,3.402538159140936
weak_svr,id,0,3.3397422600640847
weak_svr,id,1,3.2615024447021104
weak_svr,id,2,2.89528315762493
weak_svr,ood,2,3.177246104014439
weighted_et_10,id,0,3.285937836126291
weighted_et_10,id,1,3.259720285902485
weighted_et_10,id,2,1.563632480320958
weighted_et_10,ood,2,1.9260121584182086
weighted_et_3,id,0,3.288745326587895
weighted_et_3,id,1,3.218981667021223
weighted_et_3,id,2,1.448781032308705
weighted_et_3,ood,2,1.756519563344234
weighted_svr_10,id,0,3.331382841920837
weighted_svr_10,id,1,3.1648463058099963
weighted_svr_10,id,2,1.56244442779773
weighted_svr_10,ood,2,1.9715846195135631
weighted_svr_3,id,0,3.3280807101464336
weighted_svr_3,id,1,3.1041369163065076
weighted_svr_3,id,2,1.4351522423343286
weighted_svr_3,ood,2,1.7814733538353678
