distance,group,events,mean_mm,median_mm,p90_mm,within_1mm
3,all,540,2.418548908212426,2.2901816682687777,4.500840016454247,0.21296296296296297
3,weak,180,3.300048358145535,3.321405735254841,5.054776055005513,0.05555555555555555
3,medium,180,2.840137062642854,2.8497320261009933,4.5129939034337525,0.08611111111111111
3,strong,180,1.1154613038488883,1.0069798123454587,2.082917709205275,0.49722222222222223
5,all,540,2.1484680980523008,1.9676040593517816,4.090174662794537,0.30648148148148147
5,weak,180,3.2938158658132592,3.4105675755732783,4.696865455007124,0.03333333333333333
5,medium,180,2.4007864507448216,2.3462506409098127,3.9695827370612395,0.11944444444444445
5,strong,180,0.7508019775988215,0.6262873771557587,1.4116628135799651,0.7666666666666667
7,all,540,2.079439449245178,2.0293053221042303,3.9692439332982445,0.3333333333333333
7,weak,180,3.177443555345151,3.297114351760738,4.558006911034714,0.044444444444444446
7,medium,180,2.428513609709484,2.377798792701874,3.8228744855100936,0.1111111111111111
7,strong,180,0.6323611826809005,0.5325347288122029,1.1792998669461603,0.8444444444444444
