distance,family,group,events,mean_mm,p90_mm,within_1mm,within_2mm,answer_rate
3,Ridge,ordinary,240,2.928069737524131,4.369611775165691,0.07291666666666667,0.23125,1.0
3,Ridge,strong_ellipse,48,1.7965913861816036,2.784561288508624,0.16666666666666666,0.6041666666666666,1.0
3,Ridge,weak,96,3.378463057328359,4.66728877968473,0.015625,0.11979166666666667,1.0
3,Ridge,medium,96,3.0692810218108044,4.306780757194057,0.052083333333333336,0.15625,1.0
3,Ridge,strong,96,1.7707259577619654,2.9334576649990867,0.19791666666666666,0.6041666666666666,1.0
3,Ridge,strong_circle,48,1.7448605293423272,3.0574415907312096,0.22916666666666666,0.6041666666666666,1.0
3,Ridge,all,288,2.7394900123003763,4.345357454028013,0.08854166666666667,0.2934027777777778,1.0
3,SVR,ordinary,240,2.8773690228230087,4.799333934809444,0.10625,0.3104166666666667,1.0
3,SVR,strong_ellipse,48,1.6034456911783714,2.7766789019555143,0.2708333333333333,0.7083333333333334,1.0
3,SVR,weak,96,3.4451821788712427,5.194469535721209,0.052083333333333336,0.14583333333333334,1.0
3,SVR,medium,96,2.9951122517673148,4.508908757795748,0.046875,0.234375,1.0
3,SVR,strong,96,1.5548509720081494,2.8631603614551295,0.3020833333333333,0.75,1.0
3,SVR,strong_circle,48,1.5062562528379269,2.9802715600609644,0.3333333333333333,0.7916666666666666,1.0
3,SVR,all,288,2.665048467548902,4.631199781219481,0.13368055555555555,0.3767361111111111,1.0
3,ExtraTrees,ordinary,240,2.893962346022575,4.3370665969125595,0.11666666666666667,0.24583333333333332,1.0
3,ExtraTrees,strong_ellipse,48,1.6981774023754481,2.9894971393978214,0.20833333333333334,0.71875,1.0
3,ExtraTrees,weak,96,3.380588967752209,4.6073692095273,0.015625,0.09375,1.0
3,ExtraTrees,medium,96,3.1360965259220035,4.251827038559439,0.057291666666666664,0.14583333333333334,1.0
3,ExtraTrees,strong,96,1.5673090725699483,2.9099501187750145,0.3229166666666667,0.734375,1.0
3,ExtraTrees,strong_circle,48,1.436440742764449,2.8871943167868137,0.4375,0.75,1.0
3,ExtraTrees,all,288,2.69466485541472,4.250196062450877,0.13194444444444445,0.3246527777777778,1.0
3,SVR_ET_blend,ordinary,240,2.857468805618943,4.478865378988381,0.11041666666666666,0.2833333333333333,1.0
3,SVR_ET_blend,strong_ellipse,48,1.572137881744269,2.702537401462252,0.28125,0.71875,1.0
3,SVR_ET_blend,weak,96,3.3941292589422702,4.943435440542142,0.015625,0.125,1.0
3,SVR_ET_blend,medium,96,3.041348639355027,4.342167632802667,0.036458333333333336,0.19270833333333334,1.0
3,SVR_ET_blend,strong,96,1.494263056622195,2.779799312647596,0.3645833333333333,0.75,1.0
3,SVR_ET_blend,strong_circle,48,1.416388231500121,2.814265859959625,0.4479166666666667,0.78125,1.0
3,SVR_ET_blend,all,288,2.643246984973164,4.360396908960659,0.1388888888888889,0.3559027777777778,1.0
3,prior,ordinary,240,3.3198535134837397,4.185473796304267,0.020833333333333332,0.0875,1.0
3,prior,strong_ellipse,48,3.246202868368615,4.338563419221796,0.020833333333333332,0.08333333333333333,1.0
3,prior,weak,96,3.3534310619172554,4.3105492352338395,0.0,0.07291666666666667,1.0
3,prior,medium,96,3.3231907389284836,4.241886507700545,0.041666666666666664,0.09375,1.0
3,prior,strong,96,3.2461134170479173,4.19644244522443,0.020833333333333332,0.09375,1.0
3,prior,strong_circle,48,3.24602396572722,4.131729498968049,0.020833333333333332,0.10416666666666667,1.0
3,prior,all,288,3.307578405964552,4.242712121257851,0.020833333333333332,0.08680555555555555,1.0
3,REI,ordinary,240,3.043053824394043,4.273111951254756,0.03333333333333333,0.16666666666666666,1.0
3,REI,strong_ellipse,48,2.2970346528971013,3.0590206295902482,0.052083333333333336,0.3229166666666667,1.0
3,REI,weak,96,3.372898485118673,4.6081509708576975,0.010416666666666666,0.08854166666666667,1.0
3,REI,medium,96,3.112480122589647,4.1789141446708875,0.046875,0.140625,1.0
3,REI,strong,96,2.270773279725338,3.2696803214375985,0.052083333333333336,0.3489583333333333,1.0
3,REI,strong_circle,48,2.244511906553575,3.3312454087455396,0.052083333333333336,0.375,1.0
3,REI,all,288,2.918717295811219,4.215304801466365,0.036458333333333336,0.19270833333333334,1.0
3,CNN,ordinary,240,2.9656766550089295,4.304479269622934,0.08541666666666667,0.1875,1.0
3,CNN,strong_ellipse,48,1.997722790013676,3.3091055950119186,0.20833333333333334,0.5208333333333334,1.0
3,CNN,weak,96,3.3492752828215573,4.517679937950881,0.015625,0.078125,1.0
3,CNN,medium,96,3.116383376881989,4.254064505699233,0.052083333333333336,0.13020833333333334,1.0
3,CNN,strong,96,1.9473943728256167,3.4430233945789137,0.25,0.5208333333333334,1.0
3,CNN,strong_circle,48,1.8970659556375573,3.4888884872519994,0.2916666666666667,0.5208333333333334,1.0
3,CNN,all,288,2.8043510108430545,4.219748682438469,0.10590277777777778,0.24305555555555555,1.0
5,Ridge,ordinary,240,2.7277379938867714,4.285917615000927,0.12916666666666668,0.27708333333333335,1.0
5,Ridge,strong_ellipse,48,1.2852802881729757,2.2175452275932486,0.40625,0.8333333333333334,1.0
5,Ridge,weak,96,3.3661605666216516,4.578449858973943,0.015625,0.08854166666666667,1.0
5,Ridge,medium,96,2.8555244512850444,4.218789229634581,0.041666666666666664,0.19270833333333334,1.0
5,Ridge,strong,96,1.2403001108967207,2.4239423954581873,0.46875,0.828125,1.0
5,Ridge,strong_circle,48,1.1953199336204656,2.486265921409819,0.53125,0.8229166666666666,1.0
5,Ridge,all,288,2.4873283762678056,4.1754956852197065,0.1753472222222222,0.3697916666666667,1.0
5,SVR,ordinary,240,2.665219059491788,4.492616579022273,0.16041666666666668,0.34375,1.0
5,SVR,strong_ellipse,48,1.1995952566814385,2.090646895323819,0.4166666666666667,0.8854166666666666,1.0
5,SVR,weak,96,3.4494534138891573,4.855184061955784,0.010416666666666666,0.11458333333333333,1.0
5,SVR,medium,96,2.704816600626774,4.260630061285887,0.07291666666666667,0.2916666666666667,1.0
5,SVR,strong,96,1.108575262554257,2.045499489148521,0.5260416666666666,0.8958333333333334,1.0
5,SVR,strong_circle,48,1.0175552684270757,1.7998780644558017,0.6354166666666666,0.90625,1.0
5,SVR,all,288,2.420948425690063,4.33623513473008,0.203125,0.4340277777777778,1.0
5,ExtraTrees,ordinary,240,2.755139771375895,4.278332916151655,0.11666666666666667,0.28125,1.0
5,ExtraTrees,strong_ellipse,48,1.298210379860186,2.28173965220945,0.3854166666666667,0.8229166666666666,1.0
5,ExtraTrees,weak,96,3.3484471433282317,4.402922884967384,0.0,0.09895833333333333,1.0
5,ExtraTrees,medium,96,2.943186114503207,4.1899747205960685,0.036458333333333336,0.1875,1.0
5,ExtraTrees,strong,96,1.245321360538391,2.344751173835837,0.4479166666666667,0.828125,1.0
5,ExtraTrees,strong_circle,48,1.1924323412165958,2.4889809854750937,0.5104166666666666,0.8333333333333334,1.0
5,ExtraTrees,all,288,2.5123182061232767,4.157119045429447,0.16145833333333334,0.3715277777777778,1.0
5,SVR_ET_blend,ordinary,240,2.672020702250082,4.292802604086764,0.14583333333333334,0.3125,1.0
5,SVR_ET_blend,strong_ellipse,48,1.141188396717917,2.027012421177285,0.46875,0.8854166666666666,1.0
5,SVR_ET_blend,weak,96,3.3777387796584435,4.531375503613127,0.010416666666666666,0.09895833333333333,1.0
5,SVR_ET_blend,medium,96,2.8043706289722987,4.146950084046994,0.036458333333333336,0.24479166666666666,1.0
5,SVR_ET_blend,strong,96,1.068536545353421,2.0860492781847966,0.5520833333333334,0.8802083333333334,1.0
5,SVR_ET_blend,strong_circle,48,0.9958846939889249,2.1122669382775667,0.6354166666666666,0.875,1.0
5,SVR_ET_blend,all,288,2.416881984661388,4.174971858907252,0.1996527777777778,0.4079861111111111,1.0
5,prior,ordinary,240,3.3198535134837397,4.185473796304267,0.020833333333333332,0.0875,1.0
5,prior,strong_ellipse,48,3.246202868368615,4.338563419221796,0.020833333333333332,0.08333333333333333,1.0
5,prior,weak,96,3.3534310619172554,4.3105492352338395,0.0,0.07291666666666667,1.0
5,prior,medium,96,3.3231907389284836,4.241886507700545,0.041666666666666664,0.09375,1.0
5,prior,strong,96,3.2461134170479173,4.19644244522443,0.020833333333333332,0.09375,1.0
5,prior,strong_circle,48,3.24602396572722,4.131729498968049,0.020833333333333332,0.10416666666666667,1.0
5,prior,all,288,3.307578405964552,4.242712121257851,0.020833333333333332,0.08680555555555555,1.0
5,REI,ordinary,240,2.852489317332557,4.274833240002556,0.07083333333333333,0.23541666666666666,1.0
5,REI,strong_ellipse,48,1.6726946600450576,2.5100220540561047,0.17708333333333334,0.71875,1.0
5,REI,weak,96,3.333329800385419,4.451248748411386,0.005208333333333333,0.109375,1.0
5,REI,medium,96,2.9982634876341496,4.120748458788915,0.046875,0.140625,1.0
5,REI,strong,96,1.6359773353343534,2.61461281472127,0.21354166666666666,0.6979166666666666,1.0
5,REI,strong_circle,48,1.599260010623649,2.7119578724840485,0.25,0.6770833333333334,1.0
5,REI,all,288,2.6558568744513074,4.142619147865483,0.08854166666666667,0.3159722222222222,1.0
5,CNN,ordinary,240,2.8412305680648493,4.287709999908249,0.08541666666666667,0.23541666666666666,1.0
5,CNN,strong_ellipse,48,1.5192862082610699,2.488937737948994,0.2916666666666667,0.7083333333333334,1.0
5,CNN,weak,96,3.3289895171425337,4.488378799970787,0.015625,0.078125,1.0
5,CNN,medium,96,3.0098594657012914,4.1815332018045455,0.046875,0.15625,1.0
5,CNN,strong,96,1.5238705414488327,2.612151241064315,0.296875,0.7083333333333334,1.0
5,CNN,strong_circle,48,1.5284548746365951,2.819975823495861,0.3020833333333333,0.7083333333333334,1.0
5,CNN,all,288,2.6209065080975527,4.1084062189085895,0.11979166666666667,0.3142361111111111,1.0
7,Ridge,ordinary,240,2.74859212938943,4.338964764448165,0.13333333333333333,0.2833333333333333,1.0
7,Ridge,strong_ellipse,48,1.1956577005254836,2.1639339920224696,0.4791666666666667,0.8541666666666666,1.0
7,Ridge,weak,96,3.3598982835944464,4.641783759334905,0.020833333333333332,0.11458333333333333,1.0
7,Ridge,medium,96,2.9218041635184293,4.21702512802216,0.046875,0.16666666666666666,1.0
7,Ridge,strong,96,1.1876067266234414,2.272243512622471,0.5052083333333334,0.8541666666666666,1.0
7,Ridge,strong_circle,48,1.1795557527213996,2.3497279508455367,0.53125,0.8541666666666666,1.0
7,Ridge,all,288,2.489769724578773,4.230767903931204,0.1909722222222222,0.3784722222222222,1.0
7,SVR,ordinary,240,2.7009889281249655,4.456110071446838,0.16875,0.3125,1.0
7,SVR,strong_ellipse,48,1.2431784170123172,2.4615818882527054,0.4895833333333333,0.8125,1.0
7,SVR,weak,96,3.402586167718972,4.788313837917146,0.026041666666666668,0.109375,1.0
7,SVR,medium,96,2.8521489509329254,4.329606357980162,0.0625,0.22916666666666666,1.0
7,SVR,strong,96,1.119326410166675,2.3925684095817275,0.578125,0.8489583333333334,1.0
7,SVR,strong_circle,48,0.9954744033210327,2.1196636423010466,0.6666666666666666,0.8854166666666666,1.0
7,SVR,all,288,2.458020509606191,4.363166616730291,0.2222222222222222,0.3958333333333333,1.0
7,ExtraTrees,ordinary,240,2.737258977018592,4.2374753306922015,0.13541666666666666,0.2833333333333333,1.0
7,ExtraTrees,strong_ellipse,48,1.2443530385905068,2.404134525954735,0.4791666666666667,0.78125,1.0
7,ExtraTrees,weak,96,3.324148352379282,4.444804431802879,0.005208333333333333,0.09895833333333333,1.0
7,ExtraTrees,medium,96,2.997093306846759,4.144418573356337,0.020833333333333332,0.17708333333333334,1.0
7,ExtraTrees,strong,96,1.1440823026156919,2.502321057994325,0.5520833333333334,0.8229166666666666,1.0
7,ExtraTrees,strong_circle,48,1.0438115666408772,2.5682986968271395,0.625,0.8645833333333334,1.0
7,ExtraTrees,all,288,2.488441320613911,4.1297560729214355,0.19270833333333334,0.3663194444444444,1.0
7,SVR_ET_blend,ordinary,240,2.681070740957793,4.266995626594894,0.16666666666666666,0.28958333333333336,1.0
7,SVR_ET_blend,strong_ellipse,48,1.1621660301555352,2.3313881278376325,0.4583333333333333,0.8645833333333334,1.0
7,SVR_ET_blend,weak,96,3.3489619552345786,4.58522263687898,0.015625,0.09375,1.0
7,SVR_ET_blend,medium,96,2.896186048422702,4.120451175173102,0.046875,0.19270833333333334,1.0
7,SVR_ET_blend,strong,96,1.03861186381497,2.3375998602422743,0.5833333333333334,0.8697916666666666,1.0
7,SVR_ET_blend,strong_circle,48,0.9150576974744046,2.2719627966881726,0.7083333333333334,0.875,1.0
7,SVR_ET_blend,all,288,2.4279199558240836,4.175374930090125,0.2152777777777778,0.3854166666666667,1.0
7,prior,ordinary,240,3.3198535134837397,4.185473796304267,0.020833333333333332,0.0875,1.0
7,prior,strong_ellipse,48,3.246202868368615,4.338563419221796,0.020833333333333332,0.08333333333333333,1.0
7,prior,weak,96,3.3534310619172554,4.3105492352338395,0.0,0.07291666666666667,1.0
7,prior,medium,96,3.3231907389284836,4.241886507700545,0.041666666666666664,0.09375,1.0
7,prior,strong,96,3.2461134170479173,4.19644244522443,0.020833333333333332,0.09375,1.0
7,prior,strong_circle,48,3.24602396572722,4.131729498968049,0.020833333333333332,0.10416666666666667,1.0
7,prior,all,288,3.307578405964552,4.242712121257851,0.020833333333333332,0.08680555555555555,1.0
7,REI,ordinary,240,2.7632554842104184,4.132952560251672,0.12916666666666668,0.2625,1.0
7,REI,strong_ellipse,48,1.3403026666554545,2.3460367026072175,0.3958333333333333,0.8125,1.0
7,REI,weak,96,3.312493193345946,4.4280918172881085,0.020833333333333332,0.078125,1.0
7,REI,medium,96,2.991513388571049,4.087128218483773,0.036458333333333336,0.16145833333333334,1.0
7,REI,strong,96,1.274283461936777,2.376571933744181,0.4635416666666667,0.8229166666666666,1.0
7,REI,strong_circle,48,1.208264257218099,2.541404441007897,0.53125,0.8333333333333334,1.0
7,REI,all,288,2.5260966812845904,4.078562105196669,0.1736111111111111,0.3541666666666667,1.0
7,CNN,ordinary,240,2.8256812151339945,4.26822413505469,0.12291666666666666,0.25833333333333336,1.0
7,CNN,strong_ellipse,48,1.4899599929516052,2.4974682598226496,0.3020833333333333,0.7708333333333334,1.0
7,CNN,weak,96,3.360634136798699,4.5308200757994825,0.020833333333333332,0.09375,1.0
7,CNN,medium,96,3.0197341987961615,4.207613547013544,0.036458333333333336,0.15625,1.0
7,CNN,strong,96,1.428814698715927,2.667294376210285,0.4010416666666667,0.78125,1.0
7,CNN,strong_circle,48,1.3676694044802484,3.034076281759864,0.5,0.7916666666666666,1.0
7,CNN,all,288,2.6030610114369295,4.157413388171662,0.1527777777777778,0.34375,1.0
