distance,family,epicenter_region,strength_band,mean_mm,p90_mm
3,CNN,edge,0,3.5046866134971286,4.221147488012146
3,CNN,edge,1,3.3024196931028835,4.106705536605708
3,CNN,edge,2,2.1389034008945274,3.5800224053422967
3,CNN,inside,0,2.460544273490955,3.687471348467854
3,CNN,inside,1,2.187586739764908,3.329350524659883
3,CNN,inside,2,1.7030436798786865,3.129327584573946
3,CNN,outside,0,4.0825949614765875,4.890356032358568
3,CNN,outside,1,3.8591436977781743,4.6126507510227786
3,CNN,outside,2,2.0002360377036354,3.3394254054090857
3,ExtraTrees,edge,0,3.5163057502936392,4.328835748290253
3,ExtraTrees,edge,1,3.353931250706696,4.140233442528054
3,ExtraTrees,edge,2,1.604426277559792,3.230681746193842
3,ExtraTrees,inside,0,2.54119414461107,3.6268913443748967
3,ExtraTrees,inside,1,2.2664843978811797,3.4945772285699364
3,ExtraTrees,inside,2,1.1896750028813015,2.1409906426829566
3,ExtraTrees,outside,0,4.084267008351919,4.958791966569344
3,ExtraTrees,outside,1,3.787873929178135,4.573952523572502
3,ExtraTrees,outside,2,1.9078259372687518,3.2808906796410118
3,REI,edge,0,3.4902574364077057,4.216740362377282
3,REI,edge,1,3.3077394828697977,4.0607973085920905
3,REI,edge,2,2.414792062646785,2.9610980630909536
3,REI,inside,0,2.486848390530071,3.4979546331414366
3,REI,inside,1,2.2411711223160764,3.2909165674434506
3,REI,inside,2,1.7049543198599657,2.5819217374298047
3,REI,outside,0,4.141589628418242,4.972396369715104
3,REI,outside,1,3.788529762583068,4.415112806912304
3,REI,outside,2,2.692573456669264,3.5090416041269243
3,Ridge,edge,0,3.513553451484282,4.4250106535803155
3,Ridge,edge,1,3.271340378554017,4.239367249947646
3,Ridge,edge,2,1.8960329414779353,3.1062018304615977
3,Ridge,inside,0,2.4587796021833896,3.5663745646724854
3,Ridge,inside,1,2.223592178124156,3.529353299612534
3,Ridge,inside,2,1.3827349863197103,2.3152971108598197
3,Ridge,outside,0,4.163056118317405,5.170036893285471
3,Ridge,outside,1,3.7129105087542404,4.372950117584131
3,Ridge,outside,2,2.033409945488251,3.215296086965959
3,SVR,edge,0,3.6348564494430153,5.04204459599028
3,SVR,edge,1,3.183983346038827,4.6904346024292085
3,SVR,edge,2,1.6534020837482752,3.0519351057093846
3,SVR,inside,0,2.457406925774557,3.834920361954806
3,SVR,inside,1,2.257579827027601,3.767047644471914
3,SVR,inside,2,1.3016719032420379,2.189287224635698
3,SVR,outside,0,4.243283161396155,5.662302779806145
3,SVR,outside,1,3.5437735822355165,4.751993474456069
3,SVR,outside,2,1.7094789290341346,2.9794270468040978
3,SVR_ET_blend,edge,0,3.5593572508612907,4.636841593502675
3,SVR_ET_blend,edge,1,3.250175600861103,4.337604622934875
3,SVR_ET_blend,edge,2,1.574798203074045,2.913450610311065
3,SVR_ET_blend,inside,0,2.4711830846897933,3.6413456466043943
3,SVR_ET_blend,inside,1,2.2258845821926996,3.6134159624928337
3,SVR_ET_blend,inside,2,1.1969799926968672,2.14764093246085
3,SVR_ET_blend,outside,0,4.151847441275725,5.319833496357348
3,SVR_ET_blend,outside,1,3.647985735011279,4.518550261847743
3,SVR_ET_blend,outside,2,1.711010974095673,2.943021361755274
3,prior,edge,0,3.4471511164205255,4.109678646177881
3,prior,edge,1,3.540557113252997,4.095038095921031
3,prior,edge,2,3.425952596957756,3.918487132458768
3,prior,inside,0,2.5481548151577154,3.410064369363921
3,prior,inside,1,2.4351469423107526,3.4407872555774714
3,prior,inside,2,2.3493094601661286,3.521399028714513
3,prior,outside,0,4.064987254173525,4.673258239336231
3,prior,outside,1,3.993868161221702,4.665875515982778
3,prior,outside,2,3.963078194019868,4.368360032904007
5,CNN,edge,0,3.3324088969386585,4.349428305603847
5,CNN,edge,1,3.0774057463461832,3.9124894836912634
5,CNN,edge,2,1.5866209983744304,2.6974638802806195
5,CNN,inside,0,2.6834052485419257,3.675997131923395
5,CNN,inside,1,2.156925543334837,3.278979458933807
5,CNN,inside,2,1.3456138048571598,2.230467319927838
5,CNN,outside,0,3.9711544059470167,4.6567044625866965
5,CNN,outside,1,3.7952471074228544,4.732857430029587
5,CNN,outside,2,1.6393768211149078,2.9982023899474175
5,ExtraTrees,edge,0,3.4857722271102194,4.311824206325271
5,ExtraTrees,edge,1,3.085077640322683,3.9731756572445205
5,ExtraTrees,edge,2,1.2754407401616918,2.5548935979639915
5,ExtraTrees,inside,0,2.524081828427237,3.5146618277314805
5,ExtraTrees,inside,1,2.090597564597376,3.106238765720988
5,ExtraTrees,inside,2,0.9190075540477348,1.830813453925644
5,ExtraTrees,outside,0,4.03548737444724,4.72770151574628
5,ExtraTrees,outside,1,3.653883138589562,4.471592162475007
5,ExtraTrees,outside,2,1.5415157874057461,2.7031059713878607
5,REI,edge,0,3.421409396176613,4.2556736620905795
5,REI,edge,1,3.1175014856697603,3.8058323351138084
5,REI,edge,2,1.7719972112896802,2.5240479770898103
5,REI,inside,0,2.5119093257691363,3.7103035480677633
5,REI,inside,1,2.177113404103686,3.228406924887378
5,REI,inside,2,1.1997324115933028,1.991940291295055
5,REI,outside,0,4.066670679210507,4.684648568659689
5,REI,outside,1,3.7001755731290027,4.634986425668316
5,REI,outside,2,1.9362023831200774,2.9842757418508925
5,Ridge,edge,0,3.47293138271095,4.340528206260601
5,Ridge,edge,1,2.92056439374728,3.965323152382882
5,Ridge,edge,2,1.3538894319013106,2.6057957028884258
5,Ridge,inside,0,2.6220241759428915,3.7380850317476226
5,Ridge,inside,1,2.0578621649139017,3.041179445685089
5,Ridge,inside,2,1.0042643215967493,1.7067289726796886
5,Ridge,outside,0,4.003526141211112,4.847353917308023
5,Ridge,outside,1,3.5881467951939525,4.621995625007152
5,Ridge,outside,2,1.3627465791921023,2.6357309291027664
5,SVR,edge,0,3.594136862475624,4.6435858322011665
5,SVR,edge,1,2.7190339510950357,4.038727518174849
5,SVR,edge,2,1.1880877574357858,2.134938169854646
5,SVR,inside,0,2.72968825307379,4.174044606878459
5,SVR,inside,1,1.9779734086597003,3.042336240745282
5,SVR,inside,2,0.9799523461447445,1.6285154452256354
5,SVR,outside,0,4.0245351261180575,5.003100481817705
5,SVR,outside,1,3.417442442125587,4.875185320011913
5,SVR,outside,2,1.157685684082241,2.183330714868468
5,SVR_ET_blend,edge,0,3.522188947121376,4.387988789092985
5,SVR_ET_blend,edge,1,2.880682937026385,3.954926628630794
5,SVR_ET_blend,edge,2,1.1187790836125138,2.135997277263909
5,SVR_ET_blend,inside,0,2.5945562549025425,3.605724315521334
5,SVR_ET_blend,inside,1,2.0081435272319257,2.9322753527189622
5,SVR_ET_blend,inside,2,0.8493456067543911,1.6856961357953728
5,SVR_ET_blend,outside,0,4.016471136951412,4.7322742766698465
5,SVR_ET_blend,outside,1,3.5242854226585845,4.761263833735269
5,SVR_ET_blend,outside,2,1.2374849456933579,2.3169170359264726
5,prior,edge,0,3.4471511164205255,4.109678646177881
5,prior,edge,1,3.540557113252997,4.095038095921031
5,prior,edge,2,3.425952596957756,3.918487132458768
5,prior,inside,0,2.5481548151577154,3.410064369363921
5,prior,inside,1,2.4351469423107526,3.4407872555774714
5,prior,inside,2,2.3493094601661286,3.521399028714513
5,prior,outside,0,4.064987254173525,4.673258239336231
5,prior,outside,1,3.993868161221702,4.665875515982778
5,prior,outside,2,3.963078194019868,4.368360032904007
7,CNN,edge,0,3.4961066626361372,4.428751751507651
7,CNN,edge,1,3.1104782614616773,4.07644267120654
7,CNN,edge,2,1.4625892043634423,2.3458489488391026
7,CNN,inside,0,2.5724104320612082,3.7540268019380005
7,CNN,inside,1,2.2910283036725367,3.349541543799113
7,CNN,inside,2,1.2108981771804552,2.2557232515565904
7,CNN,outside,0,4.013385315698752,4.893579735249238
7,CNN,outside,1,3.657696031254271,4.565580288399746
7,CNN,outside,2,1.6129567146038832,3.0908536255892645
7,ExtraTrees,edge,0,3.3980223818930795,4.325272964627346
7,ExtraTrees,edge,1,3.198348535795419,4.063772897867744
7,ExtraTrees,edge,2,1.0437036715272334,2.3807925616143244
7,ExtraTrees,inside,0,2.5390766244957668,3.5633616926469767
7,ExtraTrees,inside,1,2.164844853563914,3.081977190975588
7,ExtraTrees,inside,2,0.9087592459654864,2.010143995822156
7,ExtraTrees,outside,0,4.035346050749,4.914699460706821
7,ExtraTrees,outside,1,3.6280865311809447,4.437506277202143
7,ExtraTrees,outside,2,1.479783990354356,2.991689668830628
7,REI,edge,0,3.4200763714804854,4.284019120137657
7,REI,edge,1,3.1781502837471547,3.9741301149979855
7,REI,edge,2,1.3574245573600963,2.608821042466593
7,REI,inside,0,2.57850453226657,3.4135873115035547
7,REI,inside,1,2.130229262090485,3.209911958469399
7,REI,inside,2,1.023951764519865,2.015323863691684
7,REI,outside,0,3.9388986762907834,4.709401335154815
7,REI,outside,1,3.666160619875508,4.524663437183437
7,REI,outside,2,1.4414740639303691,3.0686903100523315
7,Ridge,edge,0,3.387874607388253,4.403598137067163
7,Ridge,edge,1,3.082794450016336,4.088932281503492
7,Ridge,edge,2,1.2088159491172954,2.424587213546392
7,Ridge,inside,0,2.7019178754563553,3.9131203023632923
7,Ridge,inside,1,2.172994734662142,3.371865215358554
7,Ridge,inside,2,1.1373278593058107,1.8195675448879165
7,Ridge,outside,0,3.989902367938731,5.166579546914399
7,Ridge,outside,1,3.509623305876811,4.460726381349654
7,Ridge,outside,2,1.2166763714472184,2.3462998754506135
7,SVR,edge,0,3.3630434178658932,4.571913927250524
7,SVR,edge,1,2.961591960939338,4.2649619897868565
7,SVR,edge,2,1.0159814549369486,2.252033260947633
7,SVR,inside,0,2.8136748641388687,4.063833620490041
7,SVR,inside,1,2.1423567281846196,3.437068424050945
7,SVR,inside,2,1.0141510540377892,1.9075654233888304
7,SVR,outside,0,4.031040221152153,5.463845889587987
7,SVR,outside,1,3.452498163674819,4.646157057444518
7,SVR,outside,2,1.3278467215252867,2.6573471619874547
7,SVR_ET_blend,edge,0,3.3713136186690322,4.3773471812319285
7,SVR_ET_blend,edge,1,3.0553838764088397,3.9994624254784075
7,SVR_ET_blend,edge,2,0.9163234843290183,2.024166854810714
7,SVR_ET_blend,inside,0,2.6552846066370877,3.6370896231591843
7,SVR_ET_blend,inside,1,2.1109005443119457,3.2463361745461596
7,SVR_ET_blend,inside,2,0.9039541847921676,1.6041041608179727
7,SVR_ET_blend,outside,0,4.020287640397617,5.150344868292495
7,SVR_ET_blend,outside,1,3.5222737245473197,4.436827164119284
7,SVR_ET_blend,outside,2,1.295557922323724,2.7765755272321013
7,prior,edge,0,3.4471511164205255,4.109678646177881
7,prior,edge,1,3.540557113252997,4.095038095921031
7,prior,edge,2,3.425952596957756,3.918487132458768
7,prior,inside,0,2.5481548151577154,3.410064369363921
7,prior,inside,1,2.4351469423107526,3.4407872555774714
7,prior,inside,2,2.3493094601661286,3.521399028714513
7,prior,outside,0,4.064987254173525,4.673258239336231
7,prior,outside,1,3.993868161221702,4.665875515982778
7,prior,outside,2,3.963078194019868,4.368360032904007
