model,strength_band,region,events,mean_mm,median_mm,p90_mm,p95_mm,within_1mm,over_3mm
ErrorGate_r0.01_t0,0,inside_hull,360,3.2389833406640682,3.3021645557294375,4.653777992491764,5.005108661722331,0.027777777777777776,0.6083333333333333
ErrorGate_r0.01_t0,1,inside_hull,360,2.7494890661168987,2.7668615443337217,4.227403036117996,4.604989912081211,0.07777777777777778,0.44305555555555554
ErrorGate_r0.01_t0,2,inside_hull,360,0.8285064758152891,0.6804420024966815,1.604406149589511,2.0418422399748652,0.7013888888888888,0.0125
MiddleGlobalSVR,0,inside_hull,360,3.2098621567743635,3.3153927136431527,4.398351894782636,4.665399422135851,0.03333333333333333,0.6347222222222222
MiddleGlobalSVR,1,inside_hull,360,2.811733680460757,2.902437741346499,4.173432550333739,4.443979534797046,0.06805555555555555,0.4708333333333333
MiddleGlobalSVR,2,inside_hull,360,0.8524255362599258,0.6696502267842246,1.6864779298638615,2.152334021224525,0.6888888888888889,0.0125
MiddleOnlySVR,0,inside_hull,360,3.2137179654846033,3.32137186480273,4.433704093302279,4.686720817487884,0.034722222222222224,0.6361111111111111
MiddleOnlySVR,1,inside_hull,360,2.7673701200039256,2.848141082330851,4.193249550887554,4.459882436920602,0.0763888888888889,0.45
MiddleOnlySVR,2,inside_hull,360,0.8365261668699772,0.6678350956351872,1.6730447519855667,2.1004489814151834,0.6972222222222222,0.011111111111111112
Overlap,0,inside_hull,360,3.2149512506377755,3.262552438167326,4.52681937783077,4.821756782206816,0.03333333333333333,0.6138888888888889
Overlap,1,inside_hull,360,2.7748509940612123,2.8268431477734977,4.18353743697976,4.544154756236425,0.059722222222222225,0.4486111111111111
Overlap,2,inside_hull,360,0.8837782674338998,0.7293027848688247,1.7461716751037233,2.1163460984356806,0.6819444444444445,0.0125
REI,0,inside_hull,360,3.218389181781452,3.3267485499512732,4.383966459360228,4.617275898376758,0.029166666666666667,0.6458333333333334
REI,1,inside_hull,360,2.978746859669078,3.058302084016537,4.112022021871385,4.421419675668467,0.03611111111111111,0.5291666666666667
REI,2,inside_hull,360,1.6399664407671266,1.5619997612422591,2.662753080769702,2.97902781692718,0.23194444444444445,0.04722222222222222
SVR,0,inside_hull,360,3.264453941912813,3.298277926304778,4.832570011175059,5.199526708573668,0.027777777777777776,0.5861111111111111
SVR,1,inside_hull,360,2.748102675062884,2.7748883899990107,4.303514642744362,4.712487776013039,0.08194444444444444,0.43333333333333335
SVR,2,inside_hull,360,0.9241957312395156,0.7579097123704541,1.7985386986825416,2.199106122003555,0.6625,0.013888888888888888
ThreeHard,0,inside_hull,360,3.2065351104523594,3.310154392457904,4.41856579256502,4.674834041376523,0.03333333333333333,0.6388888888888888
ThreeHard,1,inside_hull,360,2.7856650159980902,2.8648644752630656,4.14482885832598,4.437996802594039,0.07083333333333333,0.4527777777777778
ThreeHard,2,inside_hull,360,0.84337990928239,0.6708494753021401,1.6356737554866132,2.113200598671764,0.6930555555555555,0.011111111111111112
