model,group,events,mean_mm,median_mm,p90_mm,p95_mm,within_1mm,over_3mm
Ridge,weak,360,3.2204140665051644,3.2807622657488134,4.511630828890569,4.895275586528088,0.027777777777777776,0.6138888888888889
Ridge,medium,360,2.831184968302319,2.8418008240408037,4.170076936276934,4.603969907781967,0.058333333333333334,0.4625
Ridge,strong,360,1.0599447038577487,0.9139932855743156,2.0114335010770663,2.3854015982681616,0.5541666666666667,0.015277777777777777
Ridge,strong_circle,180,0.9985163970212281,0.8616457905398998,1.9998845380460106,2.3954084854069184,0.5916666666666667,0.013888888888888888
Ridge,strong_ellipse,180,1.1213730106942696,0.9805900783457704,2.015986265009996,2.3697691459124943,0.5166666666666667,0.016666666666666666
Ridge,all,1080,2.3705145795550777,2.3767044482746202,4.142918342359142,4.528341425141756,0.21342592592592594,0.3638888888888889
SVR,weak,360,3.264453941912813,3.298277926304778,4.832570011175059,5.199526708573668,0.027777777777777776,0.5861111111111111
SVR,medium,360,2.748102675062883,2.7748883899990107,4.303514642744362,4.712487776013039,0.08194444444444444,0.43333333333333335
SVR,strong,360,0.9241957312395156,0.7579097123704541,1.7985386986825416,2.199106122003555,0.6625,0.013888888888888888
SVR,strong_circle,180,0.8256437570369248,0.6705755533595386,1.6385735110431874,2.1586560042747753,0.7333333333333333,0.011111111111111112
SVR,strong_ellipse,180,1.0227477054421064,0.886847946931238,1.9261801038120978,2.200951276097967,0.5916666666666667,0.016666666666666666
SVR,all,1080,2.3122507827384045,2.1988734264280474,4.314167357979372,4.79047484308212,0.2574074074074074,0.34444444444444444
ExtraTrees,weak,360,3.1956250511022684,3.3377604919845947,4.339408583571751,4.562701302730143,0.029166666666666667,0.6569444444444444
ExtraTrees,medium,360,2.9315479656142456,3.0209260058368907,4.142609199217809,4.395341009173727,0.03888888888888889,0.5069444444444444
ExtraTrees,strong,360,1.0221270116153234,0.815082437532511,2.0539933453402415,2.52527873847301,0.5888888888888889,0.02361111111111111
ExtraTrees,strong_circle,180,0.9535380242660774,0.6733424866906788,2.1161012484286466,2.524715404163635,0.6555555555555556,0.022222222222222223
ExtraTrees,strong_ellipse,180,1.0907159989645694,0.9738945642506329,1.9924698120912208,2.525278738473011,0.5222222222222223,0.025
ExtraTrees,all,1080,2.383100009443946,2.5381609321974175,4.047198946838362,4.3582699493182355,0.21898148148148147,0.3958333333333333
Blend,weak,360,3.209151037443677,3.288785066773488,4.461371634693741,4.775855229964684,0.029166666666666667,0.6138888888888889
Blend,medium,360,2.8066122501803696,2.822625550623462,4.174907837632096,4.519501768284198,0.04861111111111111,0.45694444444444443
Blend,strong,360,0.8918824798782609,0.7186513805729429,1.7824459425027044,2.1632832366071137,0.65,0.015277777777777777
Blend,strong_circle,180,0.8080534758763479,0.5822589919574545,1.6097188658394261,2.1562211225308747,0.6972222222222222,0.013888888888888888
Blend,strong_ellipse,180,0.9757114838801743,0.8709014206737855,1.8065241577484614,2.1638195642511904,0.6027777777777777,0.016666666666666666
Blend,all,1080,2.3025485891674355,2.353350433036633,4.137563144641271,4.484126808169361,0.24259259259259258,0.36203703703703705
ThreeHard,weak,360,3.2065351104523594,3.310154392457904,4.41856579256502,4.674834041376523,0.03333333333333333,0.6388888888888888
ThreeHard,medium,360,2.7856650159980902,2.8648644752630656,4.14482885832598,4.437996802594039,0.07083333333333333,0.4527777777777778
ThreeHard,strong,360,0.84337990928239,0.6708494753021401,1.6356737554866132,2.113200598671764,0.6930555555555555,0.011111111111111112
ThreeHard,strong_circle,180,0.7484457707867594,0.5566600871012466,1.4927909943593873,2.1445349822518045,0.7527777777777778,0.008333333333333333
ThreeHard,strong_ellipse,180,0.9383140477780209,0.81418356214667,1.6948853182362107,2.0953273966433037,0.6333333333333333,0.013888888888888888
ThreeHard,all,1080,2.2785266785776135,2.357945552729393,4.102750550640208,4.421817061967063,0.2657407407407407,0.3675925925925926
MiddleGlobalSVR,weak,360,3.2098621567743635,3.3153927136431527,4.398351894782636,4.665399422135851,0.03333333333333333,0.6347222222222222
MiddleGlobalSVR,medium,360,2.811733680460757,2.902437741346499,4.173432550333739,4.443979534797046,0.06805555555555555,0.4708333333333333
MiddleGlobalSVR,strong,360,0.8524255362599258,0.6696502267842246,1.6864779298638615,2.1523340212245254,0.6888888888888889,0.0125
MiddleGlobalSVR,strong_circle,180,0.7615281175779276,0.5566600871012466,1.5734990774513034,2.1667114491383535,0.75,0.011111111111111112
MiddleGlobalSVR,strong_ellipse,180,0.9433229549419238,0.8018923946640879,1.7310485313491688,2.101973722236323,0.6277777777777778,0.013888888888888888
MiddleGlobalSVR,all,1080,2.291340457831682,2.3681526666007238,4.10591097659351,4.433386474594983,0.26342592592592595,0.3726851851851852
MiddleOnlySVR,weak,360,3.2137179654846033,3.32137186480273,4.433704093302279,4.686720817487884,0.034722222222222224,0.6361111111111111
MiddleOnlySVR,medium,360,2.7673701200039256,2.848141082330851,4.193249550887554,4.459882436920602,0.0763888888888889,0.45
MiddleOnlySVR,strong,360,0.8365261668699773,0.6678350956351872,1.6730447519855667,2.1004489814151834,0.6972222222222222,0.011111111111111112
MiddleOnlySVR,strong_circle,180,0.7442807872647076,0.5690618160551214,1.5164549617395628,2.1007685488756596,0.7555555555555555,0.008333333333333333
MiddleOnlySVR,strong_ellipse,180,0.928771546475247,0.8052323421226846,1.702327433212898,2.0948435092468363,0.6388888888888888,0.013888888888888888
MiddleOnlySVR,all,1080,2.272538084119502,2.2876936998613235,4.108041010234691,4.437807449645778,0.26944444444444443,0.36574074074074076
ErrorGate_r0.001_t0.2,weak,360,3.22530316431173,3.289238096660349,4.474777466770847,4.769549985003325,0.03333333333333333,0.6291666666666667
ErrorGate_r0.001_t0.2,medium,360,2.7737527873305394,2.832836103156759,4.201880502075897,4.486613326112555,0.07222222222222222,0.4583333333333333
ErrorGate_r0.001_t0.2,strong,360,0.8390571974945515,0.7004453711764678,1.6467802697418346,2.0566871827561877,0.7027777777777777,0.0125
ErrorGate_r0.001_t0.2,strong_circle,180,0.7348598871427504,0.5652860452019957,1.53036287105192,2.0798339342494385,0.775,0.011111111111111112
ErrorGate_r0.001_t0.2,strong_ellipse,180,0.9432545078463528,0.8087262305037917,1.6946619839412724,2.0448943764528833,0.6305555555555555,0.013888888888888888
ErrorGate_r0.001_t0.2,all,1080,2.2793710497122732,2.329777663377483,4.150038535454262,4.4756506011981925,0.26944444444444443,0.36666666666666664
ErrorGate_r0.001_t0,weak,360,3.2534748282840926,3.3258789244794555,4.693784855821671,5.027262866530639,0.030555555555555555,0.6152777777777778
ErrorGate_r0.001_t0,medium,360,2.7480124435236735,2.7798357084734713,4.222028400636515,4.589226012888606,0.08055555555555556,0.4361111111111111
ErrorGate_r0.001_t0,strong,360,0.8314890055033927,0.6831680846118241,1.6248007488978875,2.049093533858083,0.6986111111111111,0.0125
ErrorGate_r0.001_t0,strong_circle,180,0.7243017727005775,0.5500666781238819,1.493391626148947,2.0277629145082554,0.7694444444444445,0.011111111111111112
ErrorGate_r0.001_t0,strong_ellipse,180,0.9386762383062078,0.7990235921423934,1.6707380583941545,2.054059420345054,0.6277777777777778,0.013888888888888888
ErrorGate_r0.001_t0,all,1080,2.2776587591037196,2.2294066170783737,4.19526154685536,4.6417463395330065,0.26990740740740743,0.35462962962962963
ErrorGate_r0.01_t0.2,weak,360,3.218762675117698,3.2891624952751695,4.438728560967859,4.799706576741128,0.03333333333333333,0.6166666666666667
ErrorGate_r0.01_t0.2,medium,360,2.7681913137360805,2.8407354216033482,4.1847118672817585,4.529161733753704,0.0763888888888889,0.4513888888888889
ErrorGate_r0.01_t0.2,strong,360,0.8332153174571976,0.6870235389121203,1.6217570486096737,2.0497917965846524,0.7041666666666667,0.0125
ErrorGate_r0.01_t0.2,strong_circle,180,0.7331853249444084,0.5564204599302606,1.503486708900502,2.0830909110013174,0.775,0.011111111111111112
ErrorGate_r0.01_t0.2,strong_ellipse,180,0.9332453099699868,0.8153121029973944,1.6632790047762134,2.022894421887868,0.6333333333333333,0.013888888888888888
ErrorGate_r0.01_t0.2,all,1080,2.2733897687703255,2.3264913033184342,4.133284306193939,4.456823475133056,0.2712962962962963,0.36018518518518516
ErrorGate_r0.01_t0,weak,360,3.2389833406640682,3.3021645557294375,4.653777992491764,5.005108661722331,0.027777777777777776,0.6083333333333333
ErrorGate_r0.01_t0,medium,360,2.7494890661168987,2.7668615443337217,4.227403036117996,4.604989912081211,0.07777777777777778,0.44305555555555554
ErrorGate_r0.01_t0,strong,360,0.8285064758152892,0.6804420024966815,1.604406149589511,2.0418422399748652,0.7013888888888888,0.0125
ErrorGate_r0.01_t0,strong_circle,180,0.7247959121235356,0.5506380540949298,1.516773009153896,2.0454232241038506,0.7777777777777778,0.011111111111111112
ErrorGate_r0.01_t0,strong_ellipse,180,0.9322170395070429,0.8060219798426098,1.683708456141142,2.0338182143248282,0.625,0.013888888888888888
ErrorGate_r0.01_t0,all,1080,2.272326294198752,2.2402535276039126,4.196862503950493,4.640145274969657,0.2689814814814815,0.35462962962962963
ErrorGate_r0.1_t0.2,weak,360,3.209853363472101,3.2952660853991627,4.432005789006602,4.7743784632639805,0.034722222222222224,0.6222222222222222
ErrorGate_r0.1_t0.2,medium,360,2.771735008472104,2.8241974757742803,4.161190261086215,4.470045080966072,0.07222222222222222,0.45555555555555555
ErrorGate_r0.1_t0.2,strong,360,0.8321431061402633,0.6719871266252292,1.6167325423352155,2.0488427834586993,0.6972222222222222,0.0125
ErrorGate_r0.1_t0.2,strong_circle,180,0.7364084210551346,0.5579641516631019,1.5089627640437224,2.067856658255559,0.7611111111111111,0.011111111111111112
ErrorGate_r0.1_t0.2,strong_ellipse,180,0.9278777912253919,0.8063070299951829,1.680533072922055,2.038006147654127,0.6333333333333333,0.013888888888888888
ErrorGate_r0.1_t0.2,all,1080,2.271243826028156,2.3345484768684304,4.122980235193923,4.445602247013148,0.26805555555555555,0.36342592592592593
ErrorGate_r0.1_t0,weak,360,3.2273661317690943,3.2907427358849177,4.593633287904988,4.9412992836674,0.030555555555555555,0.6083333333333333
ErrorGate_r0.1_t0,medium,360,2.754309861582759,2.800731909416678,4.209199439258824,4.6004812649165805,0.0763888888888889,0.4444444444444444
ErrorGate_r0.1_t0,strong,360,0.8342088340402268,0.6741453051911634,1.6086930345179666,2.0572749599096687,0.6986111111111111,0.0125
ErrorGate_r0.1_t0,strong_circle,180,0.7378348530758779,0.5597983339575485,1.5107611998949289,2.065480729635495,0.7666666666666667,0.011111111111111112
ErrorGate_r0.1_t0,strong_ellipse,180,0.9305828150045755,0.7910749863456661,1.682024176971261,1.9731646202864317,0.6305555555555555,0.013888888888888888
ErrorGate_r0.1_t0,all,1080,2.2719616091306936,2.2462739275108987,4.192125305765877,4.594041125047318,0.26851851851851855,0.35509259259259257
StratumSVR1,weak,360,3.2701268481682884,3.3332934838888253,4.836650660517964,5.23449990140785,0.030555555555555555,0.5902777777777778
StratumSVR1,medium,360,2.7442742955177564,2.7698775795476065,4.319935093351842,4.759162816787887,0.08333333333333333,0.43333333333333335
StratumSVR1,strong,360,0.9242554687635726,0.7652037588797214,1.8114458053714917,2.12785413494527,0.6625,0.013888888888888888
StratumSVR1,strong_circle,180,0.8247483634222722,0.6783233454755097,1.6217491466132954,2.126115332793742,0.7333333333333333,0.011111111111111112
StratumSVR1,strong_ellipse,180,1.0237625741048728,0.8906169313162359,1.9119476033296912,2.128387824901177,0.5916666666666667,0.016666666666666666
StratumSVR1,all,1080,2.3128855374832056,2.169867560183739,4.31962734843975,4.812391841647187,0.2587962962962963,0.3458333333333333
StratumSVR2,weak,360,3.2771670904193355,3.306826828740866,4.853104838879077,5.264437045739344,0.029166666666666667,0.5875
StratumSVR2,medium,360,2.739938345319362,2.7523228831024147,4.358066124407615,4.785825690537897,0.08333333333333333,0.4361111111111111
StratumSVR2,strong,360,0.9305582892473555,0.7856262122519824,1.785842571410231,2.0983455111198257,0.6611111111111111,0.013888888888888888
StratumSVR2,strong_circle,180,0.8288193212202866,0.692273694707965,1.6659918547230568,2.084159638267182,0.7333333333333333,0.011111111111111112
StratumSVR2,strong_ellipse,180,1.0322972572744245,0.9001199287050379,1.9078271429553653,2.1164982244872097,0.5888888888888889,0.016666666666666666
StratumSVR2,all,1080,2.3158879083286843,2.153456600621054,4.352303475280519,4.834939147515588,0.25787037037037036,0.3458333333333333
Overlap,weak,360,3.2149512506377755,3.262552438167326,4.52681937783077,4.821756782206816,0.03333333333333333,0.6138888888888889
Overlap,medium,360,2.7748509940612123,2.8268431477734977,4.18353743697976,4.544154756236425,0.059722222222222225,0.4486111111111111
Overlap,strong,360,0.8837782674338998,0.7293027848688247,1.7461716751037233,2.1163460984356806,0.6819444444444445,0.0125
Overlap,strong_circle,180,0.7902057584968311,0.5910982503400649,1.641625134374973,2.1175060871382767,0.75,0.011111111111111112
Overlap,strong_ellipse,180,0.9773507763709685,0.846283094502116,1.812147454998825,2.0768024243659586,0.6138888888888889,0.013888888888888888
Overlap,all,1080,2.2911935040442954,2.3067428744972123,4.152100574011119,4.5308403429913335,0.25833333333333336,0.35833333333333334
REI,weak,360,3.218389181781452,3.3267485499512732,4.383966459360228,4.617275898376758,0.029166666666666667,0.6458333333333334
REI,medium,360,2.978746859669078,3.058302084016537,4.112022021871385,4.421419675668467,0.03611111111111111,0.5291666666666667
REI,strong,360,1.6399664407671266,1.5619997612422591,2.662753080769702,2.97902781692718,0.23194444444444445,0.04722222222222222
REI,strong_circle,180,1.6151722280810659,1.5536712007873141,2.7031094538596716,3.056028213356887,0.2638888888888889,0.06111111111111111
REI,strong_ellipse,180,1.6647606534531874,1.563573308887198,2.632597310541669,2.910157826640188,0.2,0.03333333333333333
REI,all,1080,2.6123674940725516,2.67115653670972,4.103594294704752,4.384633868297908,0.09907407407407408,0.4074074074074074
Prior,weak,360,3.2204060818218916,3.34477665958374,4.219611115573473,4.564085391585436,0.030555555555555555,0.7027777777777777
Prior,medium,360,3.2833063950786117,3.438091800590965,4.2814485702167095,4.440904530954521,0.019444444444444445,0.725
Prior,strong,360,3.1776983813086037,3.3264626705507307,4.184109483025062,4.440606336009381,0.027777777777777776,0.7
Prior,strong_circle,180,3.167495621750401,3.3351420847653177,4.196864135930555,4.536542618249236,0.03888888888888889,0.7
Prior,strong_ellipse,180,3.187901140866806,3.3264626705507307,4.140273159524052,4.318089561487256,0.016666666666666666,0.7
Prior,all,1080,3.227136952736369,3.378242294348923,4.2270348546869725,4.480737992714025,0.025925925925925925,0.7092592592592593
