model,group,events,mean_mm,median_mm,p90_mm,p95_mm,within_1mm,over_3mm,seed,variation
MiddleOnlySVR,weak,360,3.2122618956557174,3.317706386566651,4.416098996175242,4.665056160909521,0.03611111111111111,0.6333333333333333,41,base tree/classifier seed
MiddleOnlySVR,medium,360,2.7784399801597113,2.855944568902545,4.211762303210614,4.449777138398391,0.0763888888888889,0.45694444444444443,41,base tree/classifier seed
MiddleOnlySVR,strong,360,0.836781366625111,0.6623384551167855,1.672311621148138,2.081578061155004,0.6958333333333333,0.011111111111111112,41,base tree/classifier seed
MiddleOnlySVR,strong_circle,180,0.7463210102274941,0.5800018548150663,1.5083925076543279,2.115974184073654,0.7638888888888888,0.008333333333333333,41,base tree/classifier seed
MiddleOnlySVR,strong_ellipse,180,0.9272417230227281,0.8067893664048192,1.7103591340948339,2.071789204497362,0.6277777777777778,0.013888888888888888,41,base tree/classifier seed
MiddleOnlySVR,all,1080,2.27582774748018,2.3016575785170565,4.116153806823054,4.427227073223183,0.26944444444444443,0.36712962962962964,41,base tree/classifier seed
MiddleOnlySVR,weak,360,3.2118824359122553,3.3235668017884183,4.441508227902931,4.679807566971343,0.03333333333333333,0.6402777777777777,42,base tree/classifier seed
MiddleOnlySVR,medium,360,2.766065071852158,2.824946863197469,4.190782017412126,4.452647964171797,0.075,0.44722222222222224,42,base tree/classifier seed
MiddleOnlySVR,strong,360,0.8365386003792028,0.6562785178414107,1.6694602437661352,2.1023985078702703,0.6944444444444444,0.011111111111111112,42,base tree/classifier seed
MiddleOnlySVR,strong_circle,180,0.7409112268974621,0.5714088406302436,1.4797230187837203,2.1034464321380466,0.7583333333333333,0.008333333333333333,42,base tree/classifier seed
MiddleOnlySVR,strong_ellipse,180,0.9321659738609436,0.8064467026658049,1.7140580379117891,2.0788911037712996,0.6305555555555555,0.013888888888888888,42,base tree/classifier seed
MiddleOnlySVR,all,1080,2.271495369381205,2.288675059011948,4.105901966322755,4.444803140777142,0.2675925925925926,0.3662037037037037,42,base tree/classifier seed
MiddleOnlySVR,weak,360,3.222107017251839,3.3272899634744926,4.4564324503923896,4.709207127345219,0.03333333333333333,0.6430555555555556,43,base tree/classifier seed
MiddleOnlySVR,medium,360,2.7653167140455466,2.856249128985816,4.188951739983004,4.529971608314731,0.07916666666666666,0.4513888888888889,43,base tree/classifier seed
MiddleOnlySVR,strong,360,0.8389725659882085,0.6694366088143777,1.6690125132951035,2.13013375182889,0.6930555555555555,0.011111111111111112,43,base tree/classifier seed
MiddleOnlySVR,strong_circle,180,0.7490142504086265,0.5673650556057169,1.4883925290699251,2.1387286610970198,0.7527777777777778,0.008333333333333333,43,base tree/classifier seed
MiddleOnlySVR,strong_ellipse,180,0.9289308815677904,0.8027030584545571,1.712638813708605,2.104477568958068,0.6333333333333333,0.013888888888888888,43,base tree/classifier seed
MiddleOnlySVR,all,1080,2.2754654324285313,2.303838252624599,4.1086963053457914,4.461068473856917,0.26851851851851855,0.3685185185185185,43,base tree/classifier seed
ErrorGate_r0.01_t0,weak,360,3.238933123301736,3.3017152081602923,4.6529316920876225,5.005485803264531,0.029166666666666667,0.6083333333333333,41,gate initialization only; fixed base ensemble
ErrorGate_r0.01_t0,medium,360,2.7493260034584606,2.766492684749762,4.227592330471717,4.612883077155808,0.07777777777777778,0.44305555555555554,41,gate initialization only; fixed base ensemble
ErrorGate_r0.01_t0,strong,360,0.8290300249469592,0.6808331147181288,1.5943535657718833,2.0404280984137757,0.7013888888888888,0.0125,41,gate initialization only; fixed base ensemble
ErrorGate_r0.01_t0,strong_circle,180,0.7244596888661019,0.5539761819978626,1.5290226982677284,2.0438908403685496,0.7777777777777778,0.011111111111111112,41,gate initialization only; fixed base ensemble
ErrorGate_r0.01_t0,strong_ellipse,180,0.9336003610278163,0.8031085611285748,1.6832813972308425,2.033856672003705,0.625,0.013888888888888888,41,gate initialization only; fixed base ensemble
ErrorGate_r0.01_t0,all,1080,2.2724297172357186,2.239237791822631,4.199634529797671,4.6401099981023455,0.26944444444444443,0.35462962962962963,41,gate initialization only; fixed base ensemble
ErrorGate_r0.01_t0,weak,360,3.2391065410590083,3.3021830290098713,4.655543004200129,5.00868672925652,0.027777777777777776,0.6083333333333333,42,gate initialization only; fixed base ensemble
ErrorGate_r0.01_t0,medium,360,2.7495991926689465,2.767079596473551,4.226638955452008,4.60439787293433,0.07777777777777778,0.44305555555555554,42,gate initialization only; fixed base ensemble
ErrorGate_r0.01_t0,strong,360,0.8284891594706553,0.6821380156593982,1.6153552860237634,2.044209650856189,0.7,0.0125,42,gate initialization only; fixed base ensemble
ErrorGate_r0.01_t0,strong_circle,180,0.7248020582251422,0.5533660051388046,1.5122672105959185,2.0477338821508937,0.7722222222222223,0.011111111111111112,42,gate initialization only; fixed base ensemble
ErrorGate_r0.01_t0,strong_ellipse,180,0.9321762607161683,0.8046189239787109,1.6840418698352142,2.034045574222157,0.6277777777777778,0.013888888888888888,42,gate initialization only; fixed base ensemble
ErrorGate_r0.01_t0,all,1080,2.2723982977328703,2.24057968473549,4.197108252097906,4.642046627330391,0.26851851851851855,0.35462962962962963,42,gate initialization only; fixed base ensemble
ErrorGate_r0.01_t0,weak,360,3.238913124265318,3.301524839729768,4.6511815813298565,5.004640816541145,0.027777777777777776,0.6083333333333333,43,gate initialization only; fixed base ensemble
ErrorGate_r0.01_t0,medium,360,2.749544844135196,2.767014015479956,4.227978015859511,4.597691282364349,0.07777777777777778,0.44305555555555554,43,gate initialization only; fixed base ensemble
ErrorGate_r0.01_t0,strong,360,0.8284898294436278,0.6845252596884215,1.6163101616395938,2.0408769423893482,0.6986111111111111,0.0125,43,gate initialization only; fixed base ensemble
ErrorGate_r0.01_t0,strong_circle,180,0.7253393143930901,0.5528998724127452,1.5098539118054342,2.0446454577173907,0.7722222222222223,0.011111111111111112,43,gate initialization only; fixed base ensemble
ErrorGate_r0.01_t0,strong_ellipse,180,0.9316403444941657,0.8074915437118394,1.6827362393380771,2.0335399001888343,0.625,0.013888888888888888,43,gate initialization only; fixed base ensemble
ErrorGate_r0.01_t0,all,1080,2.272315932614714,2.2390680400333034,4.195939210807289,4.637955873600272,0.26805555555555555,0.35462962962962963,43,gate initialization only; fixed base ensemble
ThreeHard,weak,360,3.205608262166592,3.301572051315109,4.4144436947816805,4.664630066985128,0.034722222222222224,0.6347222222222222,41,base tree/classifier seed
ThreeHard,medium,360,2.794339928921437,2.8857387018812384,4.172403397385147,4.448579051362015,0.07083333333333333,0.4597222222222222,41,base tree/classifier seed
ThreeHard,strong,360,0.8453843005755844,0.6706444124751586,1.6285041272277747,2.0922169669651,0.6888888888888889,0.0125,41,base tree/classifier seed
ThreeHard,strong_circle,180,0.752633847913206,0.5800018548150663,1.5109892550417048,2.1944011977796554,0.7611111111111111,0.011111111111111112,41,base tree/classifier seed
ThreeHard,strong_ellipse,180,0.9381347532379629,0.8241303403262672,1.7078585305192626,2.0514893341979725,0.6166666666666667,0.013888888888888888,41,base tree/classifier seed
ThreeHard,all,1080,2.2817774972212046,2.362473530106596,4.112502617611833,4.421637998509887,0.26481481481481484,0.36898148148148147,41,base tree/classifier seed
ThreeHard,weak,360,3.2052689767132154,3.3102703566976563,4.42697073967902,4.678597979082281,0.03333333333333333,0.6430555555555556,42,base tree/classifier seed
ThreeHard,medium,360,2.7854287893214504,2.8461381570084674,4.152954017106177,4.444862911254431,0.07083333333333333,0.45416666666666666,42,base tree/classifier seed
ThreeHard,strong,360,0.8449265457857973,0.66360669678901,1.635672167736715,2.1380735417682306,0.6888888888888889,0.011111111111111112,42,base tree/classifier seed
ThreeHard,strong_circle,180,0.7466163086367477,0.561860022146166,1.4889832954048543,2.1401951969002124,0.7527777777777778,0.008333333333333333,42,base tree/classifier seed
ThreeHard,strong_ellipse,180,0.9432367829348468,0.8230513788745164,1.7138443634116565,2.1041576022410693,0.625,0.013888888888888888,42,base tree/classifier seed
ThreeHard,all,1080,2.2785414372734873,2.3606176195237394,4.10234900109228,4.434661286667702,0.26435185185185184,0.36944444444444446,42,base tree/classifier seed
ThreeHard,weak,360,3.212337839609316,3.3105813392058856,4.434607430065826,4.696899587573521,0.03194444444444444,0.6430555555555556,43,base tree/classifier seed
ThreeHard,medium,360,2.7831692176058356,2.884969407975892,4.157869545496588,4.495781634215993,0.07083333333333333,0.4527777777777778,43,base tree/classifier seed
ThreeHard,strong,360,0.8472629644783176,0.6737599494500435,1.6401773635811019,2.1416569480894507,0.6888888888888889,0.011111111111111112,43,base tree/classifier seed
ThreeHard,strong_circle,180,0.7547319651080686,0.5610066602092378,1.4818772673799094,2.243947443390137,0.75,0.008333333333333333,43,base tree/classifier seed
ThreeHard,strong_ellipse,180,0.9397939638485667,0.8146863261679194,1.712638813708605,2.1298089139367966,0.6277777777777778,0.013888888888888888,43,base tree/classifier seed
ThreeHard,all,1080,2.28092334056449,2.366846367459788,4.114666370769248,4.446748155665473,0.2638888888888889,0.36898148148148147,43,base tree/classifier seed
MiddleGlobalSVR,weak,360,3.2101170000546366,3.3064929666806053,4.412950002096881,4.664031361686335,0.03333333333333333,0.6305555555555555,41,base tree/classifier seed
MiddleGlobalSVR,medium,360,2.819860026465808,2.9360794599067432,4.205995967742116,4.448256232482582,0.06805555555555555,0.4791666666666667,41,base tree/classifier seed
MiddleGlobalSVR,strong,360,0.8527042449851521,0.6646389139481397,1.674820741821787,2.171733899502679,0.6833333333333333,0.0125,41,base tree/classifier seed
MiddleGlobalSVR,strong_circle,180,0.7643904375295234,0.56309927877255,1.5778076337659601,2.179883799742472,0.7527777777777778,0.011111111111111112,41,base tree/classifier seed
MiddleGlobalSVR,strong_ellipse,180,0.9410180524407806,0.8005435106398429,1.7168786254059694,2.0861849967565282,0.6138888888888889,0.013888888888888888,41,base tree/classifier seed
MiddleGlobalSVR,all,1080,2.294227090501866,2.393980868935779,4.107731635284993,4.421637998509887,0.26157407407407407,0.37407407407407406,41,base tree/classifier seed
MiddleGlobalSVR,weak,360,3.2082161933644002,3.322286751787661,4.419449881741351,4.679789076626576,0.03333333333333333,0.6361111111111111,42,base tree/classifier seed
MiddleGlobalSVR,medium,360,2.811157028081856,2.913122093129573,4.172195260834065,4.43042468890871,0.06944444444444445,0.4736111111111111,42,base tree/classifier seed
MiddleGlobalSVR,strong,360,0.8524037314251787,0.6607993983707408,1.6856128541657192,2.151124462187386,0.6847222222222222,0.0125,42,base tree/classifier seed
MiddleGlobalSVR,strong_circle,180,0.7583279445399013,0.5636916797959017,1.540687290326045,2.1609872731814352,0.7472222222222222,0.011111111111111112,42,base tree/classifier seed
MiddleGlobalSVR,strong_ellipse,180,0.9464795183104561,0.8064467026658049,1.7301669356033216,2.144332020592447,0.6222222222222222,0.013888888888888888,42,base tree/classifier seed
MiddleGlobalSVR,all,1080,2.2905923176238114,2.36385058694309,4.08824307721699,4.424114667227667,0.2625,0.37407407407407406,42,base tree/classifier seed
MiddleGlobalSVR,weak,360,3.2148454727294684,3.312792153006397,4.42483017865428,4.687826369324101,0.03194444444444444,0.6402777777777777,43,base tree/classifier seed
MiddleGlobalSVR,medium,360,2.8091581849303378,2.9127281459499574,4.181688283253048,4.461622027885239,0.06944444444444445,0.4736111111111111,43,base tree/classifier seed
MiddleGlobalSVR,strong,360,0.8540742539098728,0.6694366088143777,1.6958837746446969,2.1782168646299267,0.6861111111111111,0.0125,43,base tree/classifier seed
MiddleGlobalSVR,strong_circle,180,0.7639925371059686,0.5577441286643131,1.569605802969598,2.180938191964358,0.75,0.011111111111111112,43,base tree/classifier seed
MiddleGlobalSVR,strong_ellipse,180,0.9441559707137768,0.7994031549779717,1.7274659438765283,2.1427667116202613,0.6222222222222222,0.013888888888888888,43,base tree/classifier seed
MiddleGlobalSVR,all,1080,2.292692637189893,2.375213158112053,4.103299333754272,4.437745992672188,0.2625,0.37546296296296294,43,base tree/classifier seed
