size,family,split,mean_mm,median_mm,p90_mm
360,cnn,id,2.9717721368306824,3.091078464877211,4.358700513352956
360,cnn,ood,2.1342135758474132,2.0332903109216045,3.4046636288543866
360,constant,id,3.24013036930175,3.384071188600891,4.268518559719987
360,constant,ood,3.3123569470319145,3.3400520411623313,4.263325240501546
360,extra_trees,id,2.893134012563473,3.035046666740313,4.373528100957235
360,extra_trees,ood,1.7395945913797966,1.6010047997975598,2.955165877305982
360,gnn,id,2.9344543116365154,3.0231777396666804,4.4445054563767465
360,gnn,ood,2.0217205330396477,1.92049850751672,3.3485227899203944
360,hist_gradient_boosting,id,2.9104937721639628,2.950500011768459,4.54234487755274
360,hist_gradient_boosting,ood,1.6761178188918773,1.5571552205578807,3.036900297910021
360,ridge,id,2.891525390345954,2.957462454515138,4.466872178844525
360,ridge,ood,1.8194053659406484,1.6192764341840526,3.3277385933473194
360,svr,id,2.8906181410809095,2.8929209919079164,4.704460815713883
360,svr,ood,1.6721020694457136,1.5778104899366359,2.99879015106455
720,cnn,id,2.948523882116331,3.042774112418858,4.49501577567507
720,cnn,ood,2.0421029824668997,1.9730533348402437,3.3761736684335406
720,constant,id,3.244264401390044,3.3716664871716593,4.279544894639536
720,constant,ood,3.290341507993696,3.2836678949411815,4.246366497558695
720,extra_trees,id,2.86850846225204,3.054788173840963,4.368032027157748
720,extra_trees,ood,1.6434793128868024,1.470296643638928,3.005932965886501
720,gnn,id,2.9319736021835654,3.0096922609831034,4.497314568440649
720,gnn,ood,1.9059399882162618,1.8535175917921716,3.111099682196984
720,hist_gradient_boosting,id,2.8796129466845506,2.97672443679096,4.5963735590936405
720,hist_gradient_boosting,ood,1.589255351190047,1.4922692510421243,2.6634010979703895
720,ridge,id,2.870527342356892,2.9463249789212975,4.463691783910254
720,ridge,ood,1.745190559140567,1.7047347363711087,3.079131318391918
720,svr,id,2.8526606088815765,2.8684710593400164,4.689084082338211
720,svr,ood,1.6023019536653809,1.5649917676875758,2.686477679078202
1440,cnn,id,2.929314363728446,3.033871835219114,4.483625291703423
1440,cnn,ood,1.9043366256790863,1.8446938866896807,3.252823759840388
1440,constant,id,3.2462124838706274,3.3962355848969565,4.287337197591123
1440,constant,ood,3.2723369446228094,3.251913305493334,4.225955865363706
1440,extra_trees,id,2.8583180335895695,3.0696940687138574,4.323363926822878
1440,extra_trees,ood,1.5205445383948704,1.3249016836799685,2.7436151835765243
1440,gnn,id,2.9128982475123495,2.998740405532656,4.496826732580598
1440,gnn,ood,1.7958435782538125,1.7170670433257946,2.9692293360031403
1440,hist_gradient_boosting,id,2.8794741394495604,3.067239530751758,4.4722205811832785
1440,hist_gradient_boosting,ood,1.4846039351509042,1.3966157610101815,2.636405622742168
1440,ridge,id,2.865290012223132,3.0055940263907797,4.405160891325911
1440,ridge,ood,1.7218087936675657,1.6832026024816689,2.9608443454095177
1440,svr,id,2.838566441786,2.9275787355767267,4.612541832137872
1440,svr,ood,1.5034302832012834,1.4805088811457014,2.593656587228568
1800,cnn,id,2.907619253664896,3.0286985194983935,4.439175562694925
1800,cnn,ood,1.8835857480780513,1.8405299757079279,3.2310528665667118
1800,constant,id,3.249080188836526,3.421402832762803,4.2970234717526505
1800,constant,ood,3.2683938917731608,3.216909032617827,4.248990808298436
1800,extra_trees,id,2.8620717975946732,3.0376411412807296,4.386429222851108
1800,extra_trees,ood,1.4892326691381288,1.3324257480361081,2.718815451195098
1800,gnn,id,2.8906590021752043,3.02873815251276,4.4029000720282045
1800,gnn,ood,1.770125984395206,1.693447656997323,3.056343694704759
1800,hist_gradient_boosting,id,2.863961451639286,3.058022711524095,4.452165930529345
1800,hist_gradient_boosting,ood,1.5546716640135523,1.5236539536421714,2.803451795737046
1800,ridge,id,2.8612300760332174,2.9797985495041868,4.399369362338093
1800,ridge,ood,1.6833608953843489,1.609352676291833,2.9535804046005456
1800,svr,id,2.840359740025392,2.8533361897818965,4.674023443324487
1800,svr,ood,1.4766767951809432,1.3739182177700142,2.563838084808995
