event,event_uid,window_ms,strength_band,geometry,propagation_law,epicenter_region,is_control,full_field_minimum_t1_us,detector_rate,pre_event_rate,post_event_rate,excess_rate,spatial_rate_std
0,9c7fd1d29f756bee4efe87670fd1f536db89d422eee3c83b50bdf08b1e961c54:0,0.25,0,circular,ballistic,edge,False,83.02059936523438,0.025978915662650603,0.019153225806451613,0.028241978609625667,0.009088752803174054,0.009596596206754973
1,9c7fd1d29f756bee4efe87670fd1f536db89d422eee3c83b50bdf08b1e961c54:1,0.25,2,circular,diffusive,edge,False,40.33734130859375,0.027359437751004016,0.023177083333333334,0.03125,0.008072916666666666,0.004454879354743687
2,9c7fd1d29f756bee4efe87670fd1f536db89d422eee3c83b50bdf08b1e961c54:2,0.25,1,elliptical,ballistic,edge,False,78.49079132080078,0.02710843373493976,0.02821601941747573,0.02632705479452055,-0.0018889646229551804,0.004841190141060721
3,9c7fd1d29f756bee4efe87670fd1f536db89d422eee3c83b50bdf08b1e961c54:3,0.25,0,circular,ballistic,outside,False,81.48314666748047,0.030622489959839357,0.032589285714285716,0.02809633027522936,-0.004492955439056357,0.01001502878677711
4,9c7fd1d29f756bee4efe87670fd1f536db89d422eee3c83b50bdf08b1e961c54:4,0.25,2,elliptical,ballistic,outside,False,41.58723831176758,0.02873995983935743,0.0276268115942029,0.029166666666666667,0.0015398550724637673,0.010275081712410199
5,9c7fd1d29f756bee4efe87670fd1f536db89d422eee3c83b50bdf08b1e961c54:5,0.25,1,elliptical,diffusive,edge,False,83.83525085449219,0.025853413654618473,0.024305555555555556,0.026729559748427674,0.002424004192872118,0.010198920508990985
0,9c7fd1d29f756bee4efe87670fd1f536db89d422eee3c83b50bdf08b1e961c54:0,0.5,0,circular,ballistic,edge,False,83.02059936523438,0.02749248496993988,0.019153225806451613,0.02867562929061785,0.009522403484166237,0.005956645728665922
1,9c7fd1d29f756bee4efe87670fd1f536db89d422eee3c83b50bdf08b1e961c54:1,0.5,2,circular,diffusive,edge,False,40.33734130859375,0.027429859719438877,0.023177083333333334,0.028776385224274406,0.005599301890941072,0.004394490178569348
2,9c7fd1d29f756bee4efe87670fd1f536db89d422eee3c83b50bdf08b1e961c54:2,0.5,1,elliptical,ballistic,edge,False,78.49079132080078,0.028870240480961925,0.02821601941747573,0.02904040404040404,0.0008243846229283106,0.005739357357808538
3,9c7fd1d29f756bee4efe87670fd1f536db89d422eee3c83b50bdf08b1e961c54:3,0.5,0,circular,ballistic,outside,False,81.48314666748047,0.03006012024048096,0.032589285714285716,0.02907381615598886,-0.003515469558296857,0.007696538825519647
4,9c7fd1d29f756bee4efe87670fd1f536db89d422eee3c83b50bdf08b1e961c54:4,0.5,2,elliptical,ballistic,outside,False,41.58723831176758,0.03162575150300601,0.0276268115942029,0.03226744186046512,0.004640630266262217,0.009437731218312706
5,9c7fd1d29f756bee4efe87670fd1f536db89d422eee3c83b50bdf08b1e961c54:5,0.5,1,elliptical,diffusive,edge,False,83.83525085449219,0.02655310621242485,0.024305555555555556,0.02704767726161369,0.0027421217060581357,0.007688381389390183
0,9c7fd1d29f756bee4efe87670fd1f536db89d422eee3c83b50bdf08b1e961c54:0,1.0,0,circular,ballistic,edge,False,83.02059936523438,0.027934184184184183,0.019153225806451613,0.028515208110992528,0.009361982304540915,0.005301138979916891
1,9c7fd1d29f756bee4efe87670fd1f536db89d422eee3c83b50bdf08b1e961c54:1,1.0,2,circular,diffusive,edge,False,40.33734130859375,0.03009259259259259,0.023177083333333334,0.031036689419795222,0.007859606086461888,0.007677372199896758
2,9c7fd1d29f756bee4efe87670fd1f536db89d422eee3c83b50bdf08b1e961c54:2,1.0,1,elliptical,ballistic,edge,False,78.49079132080078,0.02877877877877878,0.02821601941747573,0.028843470982142856,0.0006274515646671266,0.004144268058478277
3,9c7fd1d29f756bee4efe87670fd1f536db89d422eee3c83b50bdf08b1e961c54:3,1.0,0,circular,ballistic,outside,False,81.48314666748047,0.02827827827827828,0.032589285714285716,0.027575669383003494,-0.005013616331282222,0.007224824841467493
4,9c7fd1d29f756bee4efe87670fd1f536db89d422eee3c83b50bdf08b1e961c54:4,1.0,2,elliptical,ballistic,outside,False,41.58723831176758,0.03882007007007007,0.0276268115942029,0.0396505376344086,0.012023726040205702,0.011906257266779656
5,9c7fd1d29f756bee4efe87670fd1f536db89d422eee3c83b50bdf08b1e961c54:5,1.0,1,elliptical,diffusive,edge,False,83.83525085449219,0.027715215215215215,0.024305555555555556,0.028052805280528052,0.0037472497249724963,0.007530152284892644
6,9c7fd1d29f756bee4efe87670fd1f536db89d422eee3c83b50bdf08b1e961c54:6,0.25,0,elliptical,ballistic,outside,False,83.10761260986328,0.03263052208835342,0.02721774193548387,0.03585737179487179,0.008639629859387921,0.00931086194326878
7,9c7fd1d29f756bee4efe87670fd1f536db89d422eee3c83b50bdf08b1e961c54:7,0.25,2,elliptical,diffusive,inside,False,26.228382110595703,0.029367469879518073,0.018887362637362636,0.03540348101265823,0.016516118375295593,0.008351307610248054
8,9c7fd1d29f756bee4efe87670fd1f536db89d422eee3c83b50bdf08b1e961c54:8,0.25,0,circular,diffusive,edge,False,83.06597137451172,0.03049698795180723,0.029037610619469027,0.03170955882352941,0.0026719482040603836,0.0082019187035615
9,9c7fd1d29f756bee4efe87670fd1f536db89d422eee3c83b50bdf08b1e961c54:9,0.25,2,circular,ballistic,inside,False,21.620222091674805,0.02798694779116466,0.024305555555555556,0.03234649122807018,0.008040935672514623,0.009070071016643902
10,9c7fd1d29f756bee4efe87670fd1f536db89d422eee3c83b50bdf08b1e961c54:10,0.25,2,circular,ballistic,outside,False,48.888919830322266,0.027484939759036143,0.027113970588235295,0.027931415929203538,0.0008174453409682432,0.007856666278056998
11,9c7fd1d29f756bee4efe87670fd1f536db89d422eee3c83b50bdf08b1e961c54:11,0.25,0,elliptical,ballistic,inside,False,83.4388427734375,0.028237951807228916,0.027018229166666668,0.02900326797385621,0.0019850388071895424,0.009906712285073236
6,9c7fd1d29f756bee4efe87670fd1f536db89d422eee3c83b50bdf08b1e961c54:6,0.5,0,elliptical,ballistic,outside,False,83.10761260986328,0.033504509018036074,0.02721774193548387,0.03494458128078818,0.007726839345304309,0.008981212044064133
7,9c7fd1d29f756bee4efe87670fd1f536db89d422eee3c83b50bdf08b1e961c54:7,0.5,2,elliptical,diffusive,inside,False,26.228382110595703,0.03275300601202405,0.018887362637362636,0.035845588235294115,0.01695822559793148,0.008124645788418861
8,9c7fd1d29f756bee4efe87670fd1f536db89d422eee3c83b50bdf08b1e961c54:8,0.5,0,circular,diffusive,edge,False,83.06597137451172,0.02974699398797595,0.029037610619469027,0.029954663212435232,0.0009170525929662054,0.005954011501570305
9,9c7fd1d29f756bee4efe87670fd1f536db89d422eee3c83b50bdf08b1e961c54:9,0.5,2,circular,ballistic,inside,False,21.620222091674805,0.042146793587174346,0.024305555555555556,0.048763736263736264,0.024458180708180708,0.010155143475019786
10,9c7fd1d29f756bee4efe87670fd1f536db89d422eee3c83b50bdf08b1e961c54:10,0.5,2,circular,ballistic,outside,False,48.888919830322266,0.030122745490981963,0.027113970588235295,0.03125,0.004136029411764705,0.010148962385102574
11,9c7fd1d29f756bee4efe87670fd1f536db89d422eee3c83b50bdf08b1e961c54:11,0.5,0,elliptical,ballistic,inside,False,83.4388427734375,0.025801603206412827,0.027018229166666668,0.02551178660049628,-0.0015064425661703885,0.007684299423936858
6,9c7fd1d29f756bee4efe87670fd1f536db89d422eee3c83b50bdf08b1e961c54:6,1.0,0,elliptical,ballistic,outside,False,83.10761260986328,0.029216716716716717,0.02721774193548387,0.029421909492273732,0.0022041675567898607,0.006242163807799166
7,9c7fd1d29f756bee4efe87670fd1f536db89d422eee3c83b50bdf08b1e961c54:7,1.0,2,elliptical,diffusive,inside,False,26.228382110595703,0.03878878878878879,0.018887362637362636,0.04078331497797357,0.021895952340610935,0.010637843496913055
8,9c7fd1d29f756bee4efe87670fd1f536db89d422eee3c83b50bdf08b1e961c54:8,1.0,0,circular,diffusive,edge,False,83.06597137451172,0.029811061061061062,0.029037610619469027,0.029909706546275394,0.0008720959268063676,0.006433229549450992
9,9c7fd1d29f756bee4efe87670fd1f536db89d422eee3c83b50bdf08b1e961c54:9,1.0,2,circular,ballistic,inside,False,21.620222091674805,0.05721346346346346,0.024305555555555556,0.06235532407407408,0.03804976851851852,0.0167321523815442
10,9c7fd1d29f756bee4efe87670fd1f536db89d422eee3c83b50bdf08b1e961c54:10,1.0,2,circular,ballistic,outside,False,48.888919830322266,0.03328328328328328,0.027113970588235295,0.03425550405561993,0.0071415334673846365,0.00969295816159375
11,9c7fd1d29f756bee4efe87670fd1f536db89d422eee3c83b50bdf08b1e961c54:11,1.0,0,elliptical,ballistic,inside,False,83.4388427734375,0.02633883883883884,0.027018229166666668,0.02626661129568106,-0.0007516178709856061,0.005482351324561002
12,9c7fd1d29f756bee4efe87670fd1f536db89d422eee3c83b50bdf08b1e961c54:12,0.25,0,elliptical,diffusive,edge,False,83.83525085449219,0.02886546184738956,0.02446933962264151,0.03212412587412587,0.007654786251484361,0.00824501390846227
13,9c7fd1d29f756bee4efe87670fd1f536db89d422eee3c83b50bdf08b1e961c54:13,0.25,2,circular,diffusive,outside,False,24.173242568969727,0.028363453815261043,0.025590551181102362,0.03125,0.005659448818897638,0.006578987159679296
14,9c7fd1d29f756bee4efe87670fd1f536db89d422eee3c83b50bdf08b1e961c54:14,0.25,2,elliptical,ballistic,edge,False,2.976627826690674,0.04430220883534137,0.03251689189189189,0.06157178217821782,0.029054890286325928,0.018819861998694593
15,9c7fd1d29f756bee4efe87670fd1f536db89d422eee3c83b50bdf08b1e961c54:15,0.25,0,elliptical,diffusive,outside,False,83.0942153930664,0.027735943775100403,0.020569620253164556,0.031066176470588236,0.01049655621742368,0.009457723408946137
16,9c7fd1d29f756bee4efe87670fd1f536db89d422eee3c83b50bdf08b1e961c54:16,0.25,0,elliptical,ballistic,edge,False,83.30601501464844,0.032003012048192774,0.02847222222222222,0.03618421052631579,0.007711988304093569,0.004955343128112358
17,9c7fd1d29f756bee4efe87670fd1f536db89d422eee3c83b50bdf08b1e961c54:17,0.25,1,circular,diffusive,outside,False,69.66682434082031,0.030747991967871487,0.03515625,0.026647286821705425,-0.008508963178294575,0.010114402966093769
12,9c7fd1d29f756bee4efe87670fd1f536db89d422eee3c83b50bdf08b1e961c54:12,0.5,0,elliptical,diffusive,edge,False,83.83525085449219,0.02899549098196393,0.02446933962264151,0.030216284987277353,0.005746945364635842,0.006199267189036907
13,9c7fd1d29f756bee4efe87670fd1f536db89d422eee3c83b50bdf08b1e961c54:13,0.5,2,circular,diffusive,outside,False,24.173242568969727,0.026991482965931863,0.025590551181102362,0.02746975806451613,0.001879206883413767,0.006993589154783584
14,9c7fd1d29f756bee4efe87670fd1f536db89d422eee3c83b50bdf08b1e961c54:14,0.5,2,elliptical,ballistic,edge,False,2.976627826690674,0.09819639278557114,0.03251689189189189,0.1258903133903134,0.09337342149842151,0.04997479294403808
15,9c7fd1d29f756bee4efe87670fd1f536db89d422eee3c83b50bdf08b1e961c54:15,0.5,0,elliptical,diffusive,outside,False,83.0942153930664,0.030122745490981963,0.020569620253164556,0.031919642857142855,0.0113500226039783,0.01013039648691979
16,9c7fd1d29f756bee4efe87670fd1f536db89d422eee3c83b50bdf08b1e961c54:16,0.5,0,elliptical,ballistic,edge,False,83.30601501464844,0.03193887775551102,0.02847222222222222,0.03322458791208791,0.00475236568986569,0.005192989088584139
17,9c7fd1d29f756bee4efe87670fd1f536db89d422eee3c83b50bdf08b1e961c54:17,0.5,1,circular,diffusive,outside,False,69.66682434082031,0.028243987975951904,0.03515625,0.026055408970976253,-0.009100841029023747,0.007430796716531159
12,9c7fd1d29f756bee4efe87670fd1f536db89d422eee3c83b50bdf08b1e961c54:12,1.0,0,elliptical,diffusive,edge,False,83.83525085449219,0.02931056056056056,0.02446933962264151,0.02988521836506159,0.005415878742420079,0.00498531773007968
13,9c7fd1d29f756bee4efe87670fd1f536db89d422eee3c83b50bdf08b1e961c54:13,1.0,2,circular,diffusive,outside,False,24.173242568969727,0.030593093093093094,0.025590551181102362,0.0313216743119266,0.0057311231308242415,0.007648769023934206
14,9c7fd1d29f756bee4efe87670fd1f536db89d422eee3c83b50bdf08b1e961c54:14,1.0,2,elliptical,ballistic,edge,False,2.976627826690674,0.15872122122122123,0.03251689189189189,0.18066980023501764,0.14815290834312575,0.0699938083764476
15,9c7fd1d29f756bee4efe87670fd1f536db89d422eee3c83b50bdf08b1e961c54:15,1.0,0,elliptical,diffusive,outside,False,83.0942153930664,0.029654654654654656,0.020569620253164556,0.030434782608695653,0.009865162355531098,0.008657175835120073
16,9c7fd1d29f756bee4efe87670fd1f536db89d422eee3c83b50bdf08b1e961c54:16,1.0,0,elliptical,ballistic,edge,False,83.30601501464844,0.03006131131131131,0.02847222222222222,0.030309606481481483,0.0018373842592592608,0.00555707361754498
17,9c7fd1d29f756bee4efe87670fd1f536db89d422eee3c83b50bdf08b1e961c54:17,1.0,1,circular,diffusive,outside,False,69.66682434082031,0.02884134134134134,0.03515625,0.027979237770193403,-0.007177012229806597,0.006684246957258075
18,9c7fd1d29f756bee4efe87670fd1f536db89d422eee3c83b50bdf08b1e961c54:18,0.25,0,elliptical,diffusive,inside,False,83.17460632324219,0.025602409638554216,0.024824766355140186,0.02618838028169014,0.0013636139265499544,0.008339983798110517
19,9c7fd1d29f756bee4efe87670fd1f536db89d422eee3c83b50bdf08b1e961c54:19,0.25,1,elliptical,diffusive,inside,False,79.99817657470703,0.02873995983935743,0.027573529411764705,0.02917817679558011,0.0016046473838154038,0.00863596087793111
20,9c7fd1d29f756bee4efe87670fd1f536db89d422eee3c83b50bdf08b1e961c54:20,0.25,2,elliptical,diffusive,edge,False,17.424806594848633,0.027484939759036143,0.022321428571428572,0.03045886075949367,0.008137432188065098,0.009337045758762987
21,9c7fd1d29f756bee4efe87670fd1f536db89d422eee3c83b50bdf08b1e961c54:21,0.25,1,elliptical,diffusive,outside,False,82.27796173095703,0.025225903614457833,0.022478070175438597,0.026041666666666668,0.003563596491228071,0.009596596206754973
22,9c7fd1d29f756bee4efe87670fd1f536db89d422eee3c83b50bdf08b1e961c54:22,0.25,2,circular,diffusive,inside,False,54.16373062133789,0.03451305220883534,0.036851415094339625,0.03277972027972028,-0.004071694814619345,0.007872688045964957
23,9c7fd1d29f756bee4efe87670fd1f536db89d422eee3c83b50bdf08b1e961c54:23,0.25,1,circular,diffusive,inside,False,55.27487182617188,0.02710843373493976,0.0283203125,0.026348039215686275,-0.0019722732843137254,0.010015028786777111
18,9c7fd1d29f756bee4efe87670fd1f536db89d422eee3c83b50bdf08b1e961c54:18,0.5,0,elliptical,diffusive,inside,False,83.17460632324219,0.031124749498997996,0.024824766355140186,0.03284438775510204,0.008019621399961853,0.008653848889134912
19,9c7fd1d29f756bee4efe87670fd1f536db89d422eee3c83b50bdf08b1e961c54:19,0.5,1,elliptical,diffusive,inside,False,79.99817657470703,0.0281187374749499,0.027573529411764705,0.02820475638051044,0.000631226968745735,0.006966619320292769
20,9c7fd1d29f756bee4efe87670fd1f536db89d422eee3c83b50bdf08b1e961c54:20,0.5,2,elliptical,diffusive,edge,False,17.424806594848633,0.03369238476953908,0.022321428571428572,0.03622855392156863,0.013907125350140059,0.012948139699176514
21,9c7fd1d29f756bee4efe87670fd1f536db89d422eee3c83b50bdf08b1e961c54:21,0.5,1,elliptical,diffusive,outside,False,82.27796173095703,0.023985470941883767,0.022478070175438597,0.024179864253393666,0.001701794077955069,0.00515470867771616
22,9c7fd1d29f756bee4efe87670fd1f536db89d422eee3c83b50bdf08b1e961c54:22,0.5,2,circular,diffusive,inside,False,54.16373062133789,0.03557114228456914,0.036851415094339625,0.035225826972010175,-0.0016255881223294494,0.008201756284441334
23,9c7fd1d29f756bee4efe87670fd1f536db89d422eee3c83b50bdf08b1e961c54:23,0.5,1,circular,diffusive,inside,False,55.27487182617188,0.030811623246492986,0.0283203125,0.03140508684863524,0.003084774348635237,0.007573254738392272
18,9c7fd1d29f756bee4efe87670fd1f536db89d422eee3c83b50bdf08b1e961c54:18,1.0,0,elliptical,diffusive,inside,False,83.17460632324219,0.030311561561561562,0.024824766355140186,0.030969730941704035,0.006144964586563849,0.00918407977059455
19,9c7fd1d29f756bee4efe87670fd1f536db89d422eee3c83b50bdf08b1e961c54:19,1.0,1,elliptical,diffusive,inside,False,79.99817657470703,0.029404404404404404,0.027573529411764705,0.02953813104189044,0.001964601630125736,0.007730464760332075
20,9c7fd1d29f756bee4efe87670fd1f536db89d422eee3c83b50bdf08b1e961c54:20,1.0,2,elliptical,diffusive,edge,False,17.424806594848633,0.041666666666666664,0.022321428571428572,0.04360545154185022,0.02128402297042165,0.019362481412960687
21,9c7fd1d29f756bee4efe87670fd1f536db89d422eee3c83b50bdf08b1e961c54:21,1.0,1,elliptical,diffusive,outside,False,82.27796173095703,0.02611986986986987,0.022478070175438597,0.02634023354564756,0.0038621633702089625,0.005895422010582876
22,9c7fd1d29f756bee4efe87670fd1f536db89d422eee3c83b50bdf08b1e961c54:22,1.0,2,circular,diffusive,inside,False,54.16373062133789,0.036692942942942945,0.036851415094339625,0.036674132138857785,-0.0001772829554818403,0.008212572598676273
23,9c7fd1d29f756bee4efe87670fd1f536db89d422eee3c83b50bdf08b1e961c54:23,1.0,1,circular,diffusive,inside,False,55.27487182617188,0.03250125125125125,0.0283203125,0.03294573643410853,0.00462542393410853,0.008703563305561327
24,9c7fd1d29f756bee4efe87670fd1f536db89d422eee3c83b50bdf08b1e961c54:24,0.25,0,circular,diffusive,outside,False,83.83525085449219,0.02635542168674699,0.024846311475409836,0.02780511811023622,0.0029588066348263838,0.007183277119103505
25,9c7fd1d29f756bee4efe87670fd1f536db89d422eee3c83b50bdf08b1e961c54:25,0.25,0,circular,diffusive,inside,False,83.11221313476562,0.030622489959839357,0.030412946428571428,0.030793795620437957,0.0003808491918665287,0.006369767841591125
26,9c7fd1d29f756bee4efe87670fd1f536db89d422eee3c83b50bdf08b1e961c54:26,0.25,0,circular,ballistic,inside,False,83.43622589111328,0.03438755020080321,0.04342105263157895,0.028814935064935064,-0.014606117566643886,0.00929393001083013
27,9c7fd1d29f756bee4efe87670fd1f536db89d422eee3c83b50bdf08b1e961c54:27,0.25,2,elliptical,diffusive,outside,False,31.994482040405277,0.033383534136546184,0.033396946564885496,0.03336864406779661,-2.8302497088884826e-05,0.006951497200866581
28,9c7fd1d29f756bee4efe87670fd1f536db89d422eee3c83b50bdf08b1e961c54:28,0.25,2,circular,ballistic,edge,False,10.482998847961426,0.03714859437751004,0.028532608695652172,0.04219745222929936,0.013664843533647188,0.01386669409330636
29,9c7fd1d29f756bee4efe87670fd1f536db89d422eee3c83b50bdf08b1e961c54:29,0.25,1,elliptical,ballistic,inside,False,76.30987548828125,0.02886546184738956,0.03125,0.02697841726618705,-0.004271582733812951,0.00998667985144466
24,9c7fd1d29f756bee4efe87670fd1f536db89d422eee3c83b50bdf08b1e961c54:24,0.5,0,circular,diffusive,outside,False,83.83525085449219,0.028494488977955913,0.024846311475409836,0.029675066312997347,0.004828754837587511,0.005404308756569409
25,9c7fd1d29f756bee4efe87670fd1f536db89d422eee3c83b50bdf08b1e961c54:25,0.5,0,circular,diffusive,inside,False,83.11221313476562,0.02905811623246493,0.030412946428571428,0.028666020671834627,-0.0017469257567368016,0.005242597579272632
26,9c7fd1d29f756bee4efe87670fd1f536db89d422eee3c83b50bdf08b1e961c54:26,0.5,0,circular,ballistic,inside,False,83.43622589111328,0.03037324649298597,0.04342105263157895,0.027305074257425743,-0.016115978374153208,0.007102653214822568
27,9c7fd1d29f756bee4efe87670fd1f536db89d422eee3c83b50bdf08b1e961c54:27,0.5,2,elliptical,diffusive,outside,False,31.994482040405277,0.031124749498997996,0.033396946564885496,0.030315896739130436,-0.0030810498257550605,0.0076410505049151044
28,9c7fd1d29f756bee4efe87670fd1f536db89d422eee3c83b50bdf08b1e961c54:28,0.5,2,circular,ballistic,edge,False,10.482998847961426,0.04840931863727455,0.028532608695652172,0.052902334152334154,0.024369725456681982,0.017322533710920213
29,9c7fd1d29f756bee4efe87670fd1f536db89d422eee3c83b50bdf08b1e961c54:29,0.5,1,elliptical,ballistic,inside,False,76.30987548828125,0.02999749498997996,0.03125,0.029643316195372752,-0.0016066838046272479,0.010096270336621426
24,9c7fd1d29f756bee4efe87670fd1f536db89d422eee3c83b50bdf08b1e961c54:24,1.0,0,circular,diffusive,outside,False,83.83525085449219,0.03006131131131131,0.024846311475409836,0.03078677309007982,0.005940461614669983,0.006687393639052032
25,9c7fd1d29f756bee4efe87670fd1f536db89d422eee3c83b50bdf08b1e961c54:25,1.0,0,circular,diffusive,inside,False,83.11221313476562,0.028591091091091092,0.030412946428571428,0.028361048478015783,-0.002051897950555645,0.004430472016104908
26,9c7fd1d29f756bee4efe87670fd1f536db89d422eee3c83b50bdf08b1e961c54:26,1.0,0,circular,ballistic,inside,False,83.43622589111328,0.03078078078078078,0.04342105263157895,0.029452433628318585,-0.013968619003260366,0.005987730787790491
27,9c7fd1d29f756bee4efe87670fd1f536db89d422eee3c83b50bdf08b1e961c54:27,1.0,2,elliptical,diffusive,outside,False,31.994482040405277,0.03569194194194194,0.033396946564885496,0.036038306451612906,0.0026413598867274096,0.0070425968349529435
28,9c7fd1d29f756bee4efe87670fd1f536db89d422eee3c83b50bdf08b1e961c54:28,1.0,2,circular,ballistic,edge,False,10.482998847961426,0.06553428428428429,0.028532608695652172,0.0692874862183021,0.04075487752264992,0.025453795974289806
29,9c7fd1d29f756bee4efe87670fd1f536db89d422eee3c83b50bdf08b1e961c54:29,1.0,1,elliptical,ballistic,inside,False,76.30987548828125,0.03190690690690691,0.03125,0.03198818897637795,0.0007381889763779514,0.01043951545726534
30,9c7fd1d29f756bee4efe87670fd1f536db89d422eee3c83b50bdf08b1e961c54:30,0.25,1,circular,ballistic,outside,False,82.76805877685547,0.028363453815261043,0.029269366197183098,0.027161214953271028,-0.00210815124391207,0.008137331866188419
31,9c7fd1d29f756bee4efe87670fd1f536db89d422eee3c83b50bdf08b1e961c54:31,0.25,1,circular,diffusive,edge,False,74.30206298828125,0.0303714859437751,0.03005952380952381,0.030598958333333332,0.0005394345238095219,0.007356601852285566
32,9c7fd1d29f756bee4efe87670fd1f536db89d422eee3c83b50bdf08b1e961c54:32,0.25,1,circular,ballistic,inside,False,76.8946533203125,0.02886546184738956,0.027644230769230768,0.030199579831932773,0.002555349062702005,0.00853044451203134
33,9c7fd1d29f756bee4efe87670fd1f536db89d422eee3c83b50bdf08b1e961c54:33,0.25,2,elliptical,ballistic,inside,False,18.11391258239746,0.030245983935742973,0.02990301724137931,0.030545112781954886,0.0006420955405755761,0.008759105138762166
34,9c7fd1d29f756bee4efe87670fd1f536db89d422eee3c83b50bdf08b1e961c54:34,0.25,1,circular,ballistic,edge,False,82.90755462646484,0.029367469879518073,0.03125,0.028795811518324606,-0.0024541884816753935,0.011630454656830417
35,9c7fd1d29f756bee4efe87670fd1f536db89d422eee3c83b50bdf08b1e961c54:35,0.25,1,elliptical,ballistic,outside,False,74.56050109863281,0.0286144578313253,0.028311965811965812,0.028882575757575756,0.0005706099456099442,0.007596760015271867
30,9c7fd1d29f756bee4efe87670fd1f536db89d422eee3c83b50bdf08b1e961c54:30,0.5,1,circular,ballistic,outside,False,82.76805877685547,0.028181362725450902,0.029269366197183098,0.02774859943977591,-0.0015207667574071888,0.007302222368310827
31,9c7fd1d29f756bee4efe87670fd1f536db89d422eee3c83b50bdf08b1e961c54:31,0.5,1,circular,diffusive,edge,False,74.30206298828125,0.031375250501002004,0.03005952380952381,0.031725888324873094,0.0016663645153492841,0.007769317956347344
32,9c7fd1d29f756bee4efe87670fd1f536db89d422eee3c83b50bdf08b1e961c54:32,0.5,1,circular,ballistic,inside,False,76.8946533203125,0.027304609218436873,0.027644230769230768,0.027184959349593495,-0.0004592714196372735,0.008016032064128256
33,9c7fd1d29f756bee4efe87670fd1f536db89d422eee3c83b50bdf08b1e961c54:33,0.5,2,elliptical,ballistic,inside,False,18.11391258239746,0.036761022044088175,0.02990301724137931,0.03883812010443864,0.008935102863059333,0.01318153672300305
34,9c7fd1d29f756bee4efe87670fd1f536db89d422eee3c83b50bdf08b1e961c54:34,0.5,1,circular,ballistic,edge,False,82.90755462646484,0.030874248496993988,0.03125,0.03082482993197279,-0.00042517006802721136,0.01093613329287608
35,9c7fd1d29f756bee4efe87670fd1f536db89d422eee3c83b50bdf08b1e961c54:35,0.5,1,elliptical,ballistic,outside,False,74.56050109863281,0.02655310621242485,0.028311965811965812,0.026014397905759164,-0.0022975679062066483,0.0059753809829040895
30,9c7fd1d29f756bee4efe87670fd1f536db89d422eee3c83b50bdf08b1e961c54:30,1.0,1,circular,ballistic,outside,False,82.76805877685547,0.02855980980980981,0.029269366197183098,0.028442240373395565,-0.0008271258237875327,0.007583694896396807
31,9c7fd1d29f756bee4efe87670fd1f536db89d422eee3c83b50bdf08b1e961c54:31,1.0,1,circular,diffusive,edge,False,74.30206298828125,0.029654654654654656,0.03005952380952381,0.029607102908277404,-0.0004524209012464059,0.0083936485641884
32,9c7fd1d29f756bee4efe87670fd1f536db89d422eee3c83b50bdf08b1e961c54:32,1.0,1,circular,ballistic,inside,False,76.8946533203125,0.03028028028028028,0.027644230769230768,0.030674626006904487,0.003030395237673719,0.006547285010986552
33,9c7fd1d29f756bee4efe87670fd1f536db89d422eee3c83b50bdf08b1e961c54:33,1.0,2,elliptical,ballistic,inside,False,18.11391258239746,0.04848598598598598,0.02990301724137931,0.05092723669309173,0.02102421945171242,0.020283685886652445
34,9c7fd1d29f756bee4efe87670fd1f536db89d422eee3c83b50bdf08b1e961c54:34,1.0,1,circular,ballistic,edge,False,82.90755462646484,0.030686936936936936,0.03125,0.03065223166843783,-0.0005977683315621686,0.007861938806108847
35,9c7fd1d29f756bee4efe87670fd1f536db89d422eee3c83b50bdf08b1e961c54:35,1.0,1,elliptical,ballistic,outside,False,74.56050109863281,0.02827827827827828,0.028311965811965812,0.028273809523809524,-3.815628815628802e-05,0.005017501915856712
