model,strength_band,nuisance_standardized_rmse,field_probability_rmse
constant_training_mean,0,0.9976795526353942,0.007401880342513323
constant_training_mean,1,0.9795622478749315,0.006142494268715382
constant_training_mean,2,1.067721601205186,0.05970465764403343
coinc_joint,0,0.9858350007770194,
coinc_joint,1,0.9781593534545315,
coinc_joint,2,1.0162277282729373,
coinc_aux,0,0.9778884516800819,0.0028187378775328398
coinc_aux,1,0.9816207731830454,0.00293363886885345
coinc_aux,2,1.0252179131380446,0.028240250423550606
