model,group,events,mean_mm,median_mm,p90_mm,p95_mm,within_1mm,over_3mm,test_seed
base_SVR,weak,60,3.285440630711177,3.3667177622515068,4.705279262899505,5.305331231795504,0.041666666666666664,0.6416666666666667,20260911101
base_SVR,medium,60,2.733933588065122,2.735477262530164,4.181652694719217,4.409209080736622,0.075,0.39166666666666666,20260911101
base_SVR,strong,60,0.7334157035382513,0.5764359029615833,1.3995834942149439,1.9551694975229554,0.7666666666666667,0.0,20260911101
base_SVR,strong_circle,30,0.6004757648465534,0.4344795335844446,1.0391055806782017,1.2655090903888275,0.8666666666666667,0.0,20260911101
base_SVR,strong_ellipse,30,0.8663556422299497,0.7072770895163266,1.6623471380500223,2.1904423428672666,0.6666666666666666,0.0,20260911101
base_SVR,all,180,2.25092997410485,2.236459774497038,4.244799667455538,4.63933263570041,0.29444444444444445,0.34444444444444444,20260911101
base_ET,weak,60,3.236693107621859,3.312581116751688,4.3198071909138145,4.640755333193999,0.03333333333333333,0.6666666666666666,20260911101
base_ET,medium,60,2.9257497942557658,3.0519681065005835,3.8735210722133058,4.141991995209618,0.016666666666666666,0.5166666666666667,20260911101
base_ET,strong,60,0.9484472978645824,0.7733360136799763,1.8749864446022537,2.4293251144979333,0.675,0.0,20260911101
base_ET,strong_circle,30,0.7951807736284011,0.6763283592349045,1.4446460832237884,1.8428045316884716,0.7666666666666667,0.0,20260911101
base_ET,strong_ellipse,30,1.1017138221007636,0.8656162042985018,2.239414115326263,2.5608898043762394,0.5833333333333334,0.0,20260911101
base_ET,all,180,2.370296733247402,2.6631328715709133,3.946814320942902,4.269325625997082,0.24166666666666667,0.39444444444444443,20260911101
dense_SVR,weak,60,3.290644806198033,3.25035548737443,4.764018803416289,5.229475819067804,0.025,0.6166666666666667,20260911101
dense_SVR,medium,60,2.4716049202460577,2.3920968576618913,3.881360974998541,4.1942906170285195,0.058333333333333334,0.275,20260911101
dense_SVR,strong,60,0.7933516511391123,0.6573763201605564,1.5059739803207306,1.8687534224181819,0.675,0.0,20260911101
dense_SVR,strong_circle,30,0.6565770796232293,0.5477309612682915,1.3017336274408897,1.4644407071015808,0.75,0.0,20260911101
dense_SVR,strong_ellipse,30,0.9301262226549954,0.8451104236995043,1.7555635297274117,2.014407287865713,0.6,0.0,20260911101
dense_SVR,all,180,2.185200459194401,2.128216834653455,4.052192287391333,4.51086758714793,0.25277777777777777,0.2972222222222222,20260911101
dense_ET,weak,60,3.2445251098505223,3.3102083871417296,4.335290276651128,4.676051336125579,0.03333333333333333,0.6416666666666667,20260911101
dense_ET,medium,60,2.8425112737119305,2.9603919323035455,4.006576714065808,4.294982608942121,0.008333333333333333,0.475,20260911101
dense_ET,strong,60,0.8320011272764162,0.6744503866322373,1.9283584500771673,2.0697630522573163,0.7166666666666667,0.0,20260911101
dense_ET,strong_circle,30,0.7244254499097561,0.5511662999737628,1.5525810595129697,1.9531468171166513,0.7666666666666667,0.0,20260911101
dense_ET,strong_ellipse,30,0.9395768046430764,0.803866991180674,1.9412195034772535,2.1798676892338933,0.6666666666666666,0.0,20260911101
dense_ET,all,180,2.3063458369462895,2.4625361895121394,4.079838907904066,4.319446598456641,0.25277777777777777,0.37222222222222223,20260911101
pair_SVR,weak,60,3.219038818056139,3.3636674055528637,4.490446743495828,4.694735583717328,0.05,0.6,20260911101
pair_SVR,medium,60,2.7948651090867282,2.7925483484175064,4.0892095639805754,4.481062647088302,0.06666666666666667,0.4166666666666667,20260911101
pair_SVR,strong,60,0.8179939782838199,0.6575114230806158,1.655332238426953,2.0270314507348455,0.7083333333333334,0.0,20260911101
pair_SVR,strong_circle,30,0.6912518810201707,0.5006056002415697,1.370867050892608,1.6766676577350712,0.7833333333333333,0.0,20260911101
pair_SVR,strong_ellipse,30,0.9447360755474691,0.858137871390731,1.8668904145130658,2.1667036398998767,0.6333333333333333,0.0,20260911101
pair_SVR,all,180,2.277299301808896,2.387181554869376,4.152778703545306,4.48881546319609,0.275,0.3388888888888889,20260911101
pair_ET,weak,60,3.2258500193063715,3.3739001049586115,4.315127333894752,4.489788984100189,0.03333333333333333,0.6416666666666667,20260911101
pair_ET,medium,60,2.983206828801804,3.07719090708052,4.061837714567243,4.182580309288906,0.025,0.525,20260911101
pair_ET,strong,60,0.9630434330438021,0.8207965570170166,1.9366953893667773,2.2908143580493894,0.6416666666666667,0.0,20260911101
pair_ET,strong_circle,30,0.8332283091331382,0.7245336548263406,1.4281859173775735,1.5897992645404455,0.7333333333333333,0.0,20260911101
pair_ET,strong_ellipse,30,1.0928585569544664,0.9250942643367502,2.243414054689847,2.3300003995280045,0.55,0.0,20260911101
pair_ET,all,180,2.390700093717326,2.682297488544405,4.04801071460738,4.223487975647258,0.23333333333333334,0.3888888888888889,20260911101
oracle_onset_SVR,weak,60,3.2782910477876923,3.39099695066935,4.703315327981724,5.191342652045611,0.041666666666666664,0.6333333333333333,20260911101
oracle_onset_SVR,medium,60,2.7332727346900594,2.752285704365238,4.210474861934505,4.4502660735029815,0.075,0.38333333333333336,20260911101
oracle_onset_SVR,strong,60,0.7345503842461514,0.5730369620068448,1.4339632299151475,2.009941529915083,0.775,0.0,20260911101
oracle_onset_SVR,strong_circle,30,0.5960852599658584,0.40849110634297536,1.032860038207184,1.2431683847797999,0.8833333333333333,0.0,20260911101
oracle_onset_SVR,strong_ellipse,30,0.8730155085264445,0.7233663763828448,1.663579323432426,2.222209018495515,0.6666666666666666,0.0,20260911101
oracle_onset_SVR,all,180,2.2487047222413015,2.232210184514676,4.237071990602992,4.685874847151212,0.2972222222222222,0.3388888888888889,20260911101
oracle_onset_ET,weak,60,3.231510008151788,3.356724953622443,4.376088467315113,4.802638094142128,0.03333333333333333,0.6666666666666666,20260911101
oracle_onset_ET,medium,60,2.9322965791217825,3.0403410693441524,3.9501120125291322,4.024885071895079,0.016666666666666666,0.5166666666666667,20260911101
oracle_onset_ET,strong,60,0.9475792501284469,0.7638044889067488,1.9830958080034644,2.426971267573511,0.6833333333333333,0.016666666666666666,20260911101
oracle_onset_ET,strong_circle,30,0.7961258186846557,0.7113608967385316,1.4583962394388736,1.8288721233335279,0.7666666666666667,0.016666666666666666,20260911101
oracle_onset_ET,strong_ellipse,30,1.0990326815722384,0.8465860067367212,2.359504352302308,2.5539135758272677,0.6,0.016666666666666666,20260911101
oracle_onset_ET,all,180,2.370461945800672,2.657173885033602,3.978197155704688,4.309424371704842,0.24444444444444444,0.4,20260911101
oracle_nuisance_SVR,weak,60,3.325135728377386,3.4655566516282184,4.788747254995985,5.159158763708445,0.03333333333333333,0.6333333333333333,20260911101
oracle_nuisance_SVR,medium,60,2.7200978544912715,2.6340354041135994,4.263264149314701,4.499164579364494,0.06666666666666667,0.36666666666666664,20260911101
oracle_nuisance_SVR,strong,60,0.7984422679647256,0.6492550534062207,1.6227934052253234,2.11111774623596,0.7166666666666667,0.0,20260911101
oracle_nuisance_SVR,strong_circle,30,0.6348333225502951,0.4996029100430619,1.3421716456929103,1.4114058214546854,0.7833333333333333,0.0,20260911101
oracle_nuisance_SVR,strong_ellipse,30,0.9620512133791561,0.7986165619512218,1.9603656642782876,2.185294290266084,0.65,0.0,20260911101
oracle_nuisance_SVR,all,180,2.281225283611128,2.217470378258988,4.304627612057093,4.6688539768416675,0.2722222222222222,0.3333333333333333,20260911101
oracle_nuisance_ET,weak,60,3.2714304170704747,3.3634491095205528,4.378381819012985,4.757371927345633,0.025,0.675,20260911101
oracle_nuisance_ET,medium,60,2.9543851634083937,3.0418498320518808,3.9405865208803994,4.021592211525489,0.03333333333333333,0.5166666666666667,20260911101
oracle_nuisance_ET,strong,60,0.9388460268076723,0.7577610044597095,1.853993951559436,2.328688236801019,0.7083333333333334,0.0,20260911101
oracle_nuisance_ET,strong_circle,30,0.7772022188957911,0.7102252212746196,1.4081923854710265,1.6927768215585388,0.8,0.0,20260911101
oracle_nuisance_ET,strong_ellipse,30,1.1004898347195535,0.8139847435920884,2.318343609158943,2.6430566114035217,0.6166666666666667,0.0,20260911101
oracle_nuisance_ET,all,180,2.38822053576218,2.666908095377392,4.01405185526229,4.294235821382077,0.25555555555555554,0.3972222222222222,20260911101
oracle_nuisance_only_SVR,weak,60,3.505870616594007,3.360398181750806,5.065750848590591,5.345700439690818,0.016666666666666666,0.7,20260911101
oracle_nuisance_only_SVR,medium,60,3.3842360974365553,3.3983210559736494,4.711147968454796,4.938368058275164,0.016666666666666666,0.6333333333333333,20260911101
oracle_nuisance_only_SVR,strong,60,3.3663755899517707,3.483100528141633,4.535038756700495,4.893698078209635,0.03333333333333333,0.7,20260911101
oracle_nuisance_only_SVR,strong_circle,30,3.352135186721534,3.5288279503550832,4.699384971549124,5.686024117096751,0.03333333333333333,0.7,20260911101
oracle_nuisance_only_SVR,strong_ellipse,30,3.3806159931820066,3.3910454919598614,4.478768079899311,4.692949632731321,0.03333333333333333,0.7,20260911101
oracle_nuisance_only_SVR,all,180,3.418827434660778,3.388076300006789,4.849768547227095,5.20351497350433,0.022222222222222223,0.6777777777777778,20260911101
oracle_nuisance_only_ET,weak,60,3.3700118476162984,3.3960926869992996,4.772794437098119,5.16665148210571,0.03333333333333333,0.65,20260911101
oracle_nuisance_only_ET,medium,60,3.4346374154459016,3.6186771449607344,4.563600415536826,4.735145798622381,0.016666666666666666,0.6833333333333333,20260911101
oracle_nuisance_only_ET,strong,60,3.210380535807768,3.3575072065738905,4.118311307380103,4.513604498786537,0.06666666666666667,0.7166666666666667,20260911101
oracle_nuisance_only_ET,strong_circle,30,3.166089893149815,3.405494446254914,4.1988283176412615,4.79586120043114,0.06666666666666667,0.6333333333333333,20260911101
oracle_nuisance_only_ET,strong_ellipse,30,3.2546711784657227,3.3468534131644248,3.9218635087760787,4.188373029357823,0.06666666666666667,0.8,20260911101
oracle_nuisance_only_ET,all,180,3.33834326628999,3.441294567936307,4.503605407563012,4.797166897457079,0.03888888888888889,0.6833333333333333,20260911101
oracle_mean_SVR,weak,60,2.4175920218821036,2.523696793255982,3.7590477262179487,3.9719681570106604,0.08333333333333333,0.31666666666666665,20260911101
oracle_mean_SVR,medium,60,0.7951776216573447,0.7115214266767131,1.4658766777190821,1.6673945222428104,0.6833333333333333,0.0,20260911101
oracle_mean_SVR,strong,60,1.1207627581468997,0.659567028418111,2.630313463037436,3.051299331693932,0.6166666666666667,0.06666666666666667,20260911101
oracle_mean_SVR,strong_circle,30,1.00275483353698,0.5620385627980723,2.5064650532301456,3.333268661678197,0.6333333333333333,0.06666666666666667,20260911101
oracle_mean_SVR,strong_ellipse,30,1.2387706827568192,0.7460520341420138,2.7640769631575814,3.0460071638868818,0.6,0.06666666666666667,20260911101
oracle_mean_SVR,all,180,1.4445108005621161,1.1784287187555003,3.1240978159047734,3.521403153532449,0.46111111111111114,0.12777777777777777,20260911101
oracle_mean_ET,weak,60,0.74106066868387,0.6256305052031739,1.174758129302653,1.3580901225774258,0.75,0.016666666666666666,20260911101
oracle_mean_ET,medium,60,0.7558794430578887,0.741224257797948,1.3133923709126687,1.7041246450537628,0.8,0.0,20260911101
oracle_mean_ET,strong,60,0.7401359592448552,0.6341058503133318,1.4376355969448094,1.7012649323871043,0.7666666666666667,0.0,20260911101
oracle_mean_ET,strong_circle,30,0.5697906664761639,0.5438352355220047,0.8969657999286146,1.1809285853252507,0.9333333333333333,0.0,20260911101
oracle_mean_ET,strong_ellipse,30,0.9104812520135467,0.7965563023589615,1.701708447674336,1.7894431746469117,0.6,0.0,20260911101
oracle_mean_ET,all,180,0.7456920236622048,0.6683908357351702,1.3344722830710427,1.7012649323871045,0.7722222222222223,0.005555555555555556,20260911101
rates_plain_41,weak,60,3.3931136982851613,3.4845307225475466,4.884516006875535,5.24205397043233,0.03333333333333333,0.6333333333333333,20260911101
rates_plain_41,medium,60,2.8460564721570383,2.8498530584228776,4.003752899182492,4.439182728199628,0.041666666666666664,0.4666666666666667,20260911101
rates_plain_41,strong,60,1.0465326438047184,0.9516605632936819,1.9224312950658464,2.232256410430201,0.5416666666666666,0.016666666666666666,20260911101
rates_plain_41,strong_circle,30,0.8807550632405304,0.8702307396017359,1.5369322468557924,1.5906458243511146,0.6166666666666667,0.0,20260911101
rates_plain_41,strong_ellipse,30,1.2123102243689066,1.1318464662765348,2.1809629973256035,2.338584752339772,0.4666666666666667,0.03333333333333333,20260911101
rates_plain_41,all,180,2.4285676047489724,2.440520850626842,4.355559329676126,4.76828945585864,0.20555555555555555,0.37222222222222223,20260911101
rates_plain_42,weak,60,3.445057755815857,3.6125889879054536,5.199920488952734,5.4670697418417715,0.008333333333333333,0.6333333333333333,20260911101
rates_plain_42,medium,60,3.060935838250857,3.1499304404793604,4.291306723797805,4.794334490714946,0.03333333333333333,0.5333333333333333,20260911101
rates_plain_42,strong,60,1.0672495764541239,0.9638568955761586,1.8373790180531309,2.0250903734673833,0.5166666666666667,0.0,20260911101
rates_plain_42,strong_circle,30,0.9198471182559388,0.8727219769895671,1.5568660893323627,2.0051395131761574,0.6833333333333333,0.0,20260911101
rates_plain_42,strong_ellipse,30,1.2146520346523084,1.2257728520331472,1.9449226957486934,2.0270855172883246,0.35,0.0,20260911101
rates_plain_42,all,180,2.5244143901736122,2.3885673874423916,4.556030857693075,4.926352232946007,0.18611111111111112,0.3888888888888889,20260911101
rates_plain_43,weak,60,3.395421847597876,3.5385304833282194,4.910578853844116,5.189139256748535,0.008333333333333333,0.625,20260911101
rates_plain_43,medium,60,2.884831566724512,3.027473713471003,4.252486013552914,4.579233573445589,0.03333333333333333,0.525,20260911101
rates_plain_43,strong,60,1.0882061944724855,1.0227438640823716,1.830751586264065,2.1929168189365225,0.49166666666666664,0.0,20260911101
rates_plain_43,strong_circle,30,0.9092677633616105,0.8297798506734663,1.4254122216483918,1.4685482848401346,0.6,0.0,20260911101
rates_plain_43,strong_ellipse,30,1.2671446255833607,1.2050394975915388,2.1793270811645677,2.5173910822257164,0.38333333333333336,0.0,20260911101
rates_plain_43,all,180,2.456153202931625,2.2686916087130995,4.458963309224925,4.779049419614123,0.17777777777777778,0.38333333333333336,20260911101
rates_plain,weak,60,3.3847272938399766,3.545839672550297,4.906512946913823,5.242934880786877,0.016666666666666666,0.625,20260911101
rates_plain,medium,60,2.9046254292375555,2.992816621793999,4.08136212308436,4.466672648515292,0.03333333333333333,0.49166666666666664,20260911101
rates_plain,strong,60,0.9413248428196953,0.8442210073167747,1.812907253713512,2.0023005826626425,0.6666666666666666,0.0,20260911101
rates_plain,strong_circle,30,0.7525955779332949,0.7166563513492514,1.1861522600486998,1.3814463949685902,0.8333333333333334,0.0,20260911101
rates_plain,strong_ellipse,30,1.1300541077060957,1.0224844743207813,1.9673646863335064,2.0716115910312984,0.5,0.0,20260911101
rates_plain,all,180,2.410225855299076,2.281685152888755,4.3938685626912575,4.8375172302279354,0.2388888888888889,0.37222222222222223,20260911101
coinc_plain_41,weak,60,3.4384760863049584,3.4066459498124972,5.300495156129473,5.551287765627742,0.016666666666666666,0.6,20260911101
coinc_plain_41,medium,60,2.898166046782168,2.887739170273479,4.237746995038419,4.568645746754903,0.03333333333333333,0.475,20260911101
coinc_plain_41,strong,60,1.1244781223468716,0.9941928251034804,2.084613108695304,2.297504764985276,0.5,0.016666666666666666,20260911101
coinc_plain_41,strong_circle,30,0.9956154462932487,0.8895917076168764,1.5850298585034,1.8801314193502636,0.55,0.016666666666666666,20260911101
coinc_plain_41,strong_ellipse,30,1.2533407984004943,1.1596877580229006,2.2250602455348765,2.4975483683162536,0.45,0.016666666666666666,20260911101
coinc_plain_41,all,180,2.4870400851446663,2.335688683698729,4.569516679504736,5.004235364975623,0.18333333333333332,0.3638888888888889,20260911101
coinc_plain_42,weak,60,3.3675824202092692,3.4069471165852323,4.753181627483069,5.07548039632602,0.016666666666666666,0.675,20260911101
coinc_plain_42,medium,60,2.8900166650780386,2.9051027811470975,4.0925504022004295,4.459432793433378,0.05,0.44166666666666665,20260911101
coinc_plain_42,strong,60,1.1979748860085835,1.0756906207140915,2.095849926790887,2.509807596054311,0.44166666666666665,0.0,20260911101
coinc_plain_42,strong_circle,30,0.9882926435053822,0.975933573454156,1.5430677407783666,1.6972950770242032,0.55,0.0,20260911101
coinc_plain_42,strong_ellipse,30,1.407657128511785,1.2105654644491075,2.488301131985122,2.5524636411101356,0.3333333333333333,0.0,20260911101
coinc_plain_42,all,180,2.485191323765297,2.540723246593613,4.213765731611246,4.724544159985965,0.16944444444444445,0.37222222222222223,20260911101
coinc_plain_43,weak,60,3.4009793498080674,3.440191811495734,5.231974346954588,5.555368333662993,0.041666666666666664,0.6166666666666667,20260911101
coinc_plain_43,medium,60,2.8615602425815894,2.875443099783692,4.081982206723359,4.200640329247208,0.05,0.45,20260911101
coinc_plain_43,strong,60,0.9292285600844447,0.940553718651925,1.6779713737810042,1.8277827467244476,0.5916666666666667,0.0,20260911101
coinc_plain_43,strong_circle,30,0.8573659999378546,0.8033515215414633,1.317154723705198,1.7935305926243765,0.7,0.0,20260911101
coinc_plain_43,strong_ellipse,30,1.0010911202310344,1.0100925469609716,1.765260221002263,1.9245609154680752,0.48333333333333334,0.0,20260911101
coinc_plain_43,all,180,2.3972560508247005,2.3245607393244416,4.262224988715595,4.843383046925952,0.22777777777777777,0.35555555555555557,20260911101
coinc_plain,weak,60,3.3668816578316627,3.392290609273643,5.018296538045617,5.432137285325506,0.025,0.6416666666666667,20260911101
coinc_plain,medium,60,2.8514406643857684,2.8902490140897243,3.967823182858271,4.346570926970138,0.041666666666666664,0.4583333333333333,20260911101
coinc_plain,strong,60,0.934433435978206,0.8110495873260202,1.695193400465409,2.0216475560751888,0.625,0.0,20260911101
coinc_plain,strong_circle,30,0.7852259096887487,0.7520770540955335,1.2228911636672237,1.262713806229043,0.75,0.0,20260911101
coinc_plain,strong_ellipse,30,1.083640962267663,1.0253136832312397,1.997953423376624,2.059791259520303,0.5,0.0,20260911101
coinc_plain,all,180,2.3842519193985456,2.3507960065173834,4.241507141148015,4.734931467177685,0.23055555555555557,0.36666666666666664,20260911101
coinc_joint_41,weak,60,3.4604044542266355,3.3841787640953616,5.374048763067251,5.715736317332303,0.016666666666666666,0.6083333333333333,20260911101
coinc_joint_41,medium,60,2.896251024368787,2.8820648592547933,4.2862773676851225,4.606947117116821,0.025,0.4583333333333333,20260911101
coinc_joint_41,strong,60,1.1447126144008735,1.063091626876143,1.9707576511999536,2.145187565261866,0.48333333333333334,0.016666666666666666,20260911101
coinc_joint_41,strong_circle,30,1.0442243395109825,0.8966985801413707,1.7058674106448415,2.04956077286136,0.55,0.016666666666666666,20260911101
coinc_joint_41,strong_ellipse,30,1.245200889290764,1.1443970575292415,2.0427305393294666,2.4585773161114397,0.4166666666666667,0.016666666666666666,20260911101
coinc_joint_41,all,180,2.5004560309987656,2.3059884321883115,4.567813331870323,5.084036117807822,0.175,0.3611111111111111,20260911101
coinc_joint_42,weak,60,3.3722629802314312,3.3583798165484975,4.833771458851867,5.1090085822627,0.008333333333333333,0.675,20260911101
coinc_joint_42,medium,60,2.8766961101353683,2.8906005986021217,4.072181547717278,4.379546151912932,0.05,0.44166666666666665,20260911101
coinc_joint_42,strong,60,1.1518153700145015,1.0695315925430189,2.0764343118180144,2.3998008388947962,0.4583333333333333,0.0,20260911101
coinc_joint_42,strong_circle,30,0.9706302278659986,0.9623540192502731,1.5746560270578926,1.6980624885193791,0.5333333333333333,0.0,20260911101
coinc_joint_42,strong_ellipse,30,1.3330005121630046,1.1827567177413845,2.2793217747557843,2.6403084459284605,0.38333333333333336,0.0,20260911101
coinc_joint_42,all,180,2.4669248201271,2.5064945098600013,4.263267034805106,4.771550097097527,0.17222222222222222,0.37222222222222223,20260911101
coinc_joint_43,weak,60,3.391307800766475,3.4083563521230964,4.7932594120516425,5.221395252871706,0.025,0.6666666666666666,20260911101
coinc_joint_43,medium,60,2.9119368667550076,2.9861530917927412,4.2675677503672125,4.621921157389145,0.03333333333333333,0.49166666666666664,20260911101
coinc_joint_43,strong,60,0.9480710072735905,0.8984142421106408,1.7353107510096106,2.087488803071192,0.6,0.0,20260911101
coinc_joint_43,strong_circle,30,0.8448449092705589,0.876111322473738,1.3482775279670725,1.5300517267363007,0.6833333333333333,0.0,20260911101
coinc_joint_43,strong_ellipse,30,1.051297105276622,0.9638422241210485,1.8401379137037486,2.088841254824102,0.5166666666666667,0.0,20260911101
coinc_joint_43,all,180,2.4171052249316913,2.3638941294334535,4.324589766761515,4.762121569473229,0.21944444444444444,0.3861111111111111,20260911101
coinc_joint,weak,60,3.3638311057137273,3.433920016081577,4.851527057715621,5.209681034124618,0.025,0.6583333333333333,20260911101
coinc_joint,medium,60,2.8503721267252558,2.996841675026858,3.9761718450923165,4.439295964622075,0.041666666666666664,0.5,20260911101
coinc_joint,strong,60,0.9049778975660073,0.7820042887976424,1.6782504647410472,1.9855852726304468,0.625,0.0,20260911101
coinc_joint,strong_circle,30,0.7469554839031382,0.7304424111530903,1.1795006638484276,1.3381276263117383,0.7666666666666667,0.0,20260911101
coinc_joint,strong_ellipse,30,1.0630003112288764,1.0545520996407458,1.88184027923393,2.0367970095191623,0.48333333333333334,0.0,20260911101
coinc_joint,all,180,2.37306037666833,2.3863649348536735,4.268487425480383,4.702585608865658,0.23055555555555557,0.3861111111111111,20260911101
coinc_aux_41,weak,60,3.3917498205300634,3.4425669049017595,4.967619267209279,5.413091916898569,0.03333333333333333,0.625,20260911101
coinc_aux_41,medium,60,2.8857283683556143,2.8315755273835608,4.187450505890524,4.668683402697916,0.025,0.4583333333333333,20260911101
coinc_aux_41,strong,60,1.1319422347225834,1.05058865113448,2.063038298348931,2.1799302796600903,0.4666666666666667,0.025,20260911101
coinc_aux_41,strong_circle,30,1.028589734836953,0.903501488468168,1.8461595398449857,2.065263546617132,0.5166666666666667,0.016666666666666666,20260911101
coinc_aux_41,strong_ellipse,30,1.2352947346082137,1.2299500269563408,2.158732303988121,2.2352565758406793,0.4166666666666667,0.03333333333333333,20260911101
coinc_aux_41,all,180,2.4698068078694204,2.440151594841458,4.385552362489931,4.826605461048888,0.175,0.36944444444444446,20260911101
coinc_aux_42,weak,60,3.3871984961093204,3.4482034473580736,4.759746281730743,5.001166352769166,0.016666666666666666,0.6666666666666666,20260911101
coinc_aux_42,medium,60,2.863181864248493,2.9035647443027335,4.048383065857211,4.280741359593722,0.05,0.43333333333333335,20260911101
coinc_aux_42,strong,60,1.189112027529255,1.0748126201752681,2.022197103552495,2.424164185824635,0.44166666666666665,0.0,20260911101
coinc_aux_42,strong_circle,30,0.9832941391154578,0.9526183199527876,1.5104410570732036,1.772604016010582,0.55,0.0,20260911101
coinc_aux_42,strong_ellipse,30,1.3949299159430522,1.2304944047799586,2.328116630484037,2.611809967891469,0.3333333333333333,0.0,20260911101
coinc_aux_42,all,180,2.4798307959623562,2.5777967451329413,4.190435246486987,4.704707166731813,0.16944444444444445,0.36666666666666664,20260911101
coinc_aux_43,weak,60,3.387006968141179,3.4080138772253132,5.027545093105167,5.360909414407539,0.025,0.625,20260911101
coinc_aux_43,medium,60,2.839163084213425,2.8749419550659523,4.017192133676297,4.252487222470217,0.05,0.4583333333333333,20260911101
coinc_aux_43,strong,60,1.1042277538630543,0.9553295046750696,2.112573894480837,2.352661897124962,0.525,0.016666666666666666,20260911101
coinc_aux_43,strong_circle,30,1.0476526984662746,0.8675597362090621,2.013067965426198,2.305048041375187,0.5833333333333334,0.03333333333333333,20260911101
coinc_aux_43,strong_ellipse,30,1.1608028092598341,1.1779718091318907,2.1465301305476068,2.352661897124962,0.4666666666666667,0.0,20260911101
coinc_aux_43,all,180,2.4434659354058863,2.458581351515321,4.215457640730671,4.814142049526921,0.2,0.36666666666666664,20260911101
coinc_aux,weak,60,3.3605235315363937,3.3987572526053307,4.885582575026589,5.208817617104996,0.03333333333333333,0.6666666666666666,20260911101
coinc_aux,medium,60,2.8359519898919436,2.928222907654278,3.8569411580372455,4.301137102493004,0.041666666666666664,0.4666666666666667,20260911101
coinc_aux,strong,60,0.996732715447861,0.8838875109855315,1.7706745553443057,2.1012888509791843,0.575,0.0,20260911101
coinc_aux,strong_circle,30,0.8524801762497684,0.7788165830340757,1.4802127253666828,1.7531221598740763,0.7333333333333333,0.0,20260911101
coinc_aux,strong_ellipse,30,1.1409852546459538,1.0750599677617325,1.8108215336086564,2.140053550002799,0.4166666666666667,0.0,20260911101
coinc_aux,all,180,2.3977360789587325,2.4253200404341593,4.186062823068127,4.650814820105266,0.21666666666666667,0.37777777777777777,20260911101
forward_inverse,weak,60,3.2680443943545745,3.387585325827665,4.301954564944666,4.501231269033678,0.016666666666666666,0.7333333333333333,20260911101
forward_inverse,medium,60,3.2798405846887304,3.342514888580577,4.149931654430388,4.2340231918604125,0.0,0.7166666666666667,20260911101
forward_inverse,strong,60,2.5083768558210995,2.6867446041531133,3.7610889285493125,3.846815936388856,0.11666666666666667,0.38333333333333336,20260911101
forward_inverse,strong_circle,30,2.4085429936466585,2.482538827391087,3.7674934288438964,3.936338319644815,0.1,0.31666666666666665,20260911101
forward_inverse,strong_ellipse,30,2.6082107179955405,2.8265863431166087,3.750708214657849,3.793982595558506,0.13333333333333333,0.45,20260911101
forward_inverse,all,180,3.0187539449548013,3.250223748755671,4.133434390487968,4.316033121693058,0.044444444444444446,0.6111111111111112,20260911101
template_inverse,weak,60,3.4475529642854803,3.535513577250259,5.130919149050161,5.547718146395197,0.03333333333333333,0.65,20260911101
template_inverse,medium,60,2.384658394894251,2.2711423230446384,4.254468091775324,4.622804517530374,0.10833333333333334,0.2833333333333333,20260911101
template_inverse,strong,60,1.0639102036361439,0.9462761482024111,1.8468415099290092,2.063503320739298,0.55,0.0,20260911101
template_inverse,strong_circle,30,1.1576803327688105,1.0119834031275539,1.953541614731453,2.070498576529405,0.5,0.0,20260911101
template_inverse,strong_ellipse,30,0.9701400745034766,0.9077862356796005,1.6888251778220063,1.814469436789772,0.6,0.0,20260911101
template_inverse,all,180,2.298707187605292,1.953541614731453,4.367985533528716,4.913708349452602,0.23055555555555557,0.3111111111111111,20260911101
Prior,weak,60,3.278979313186333,3.482061234104557,4.228117279573009,4.470381482515853,0.016666666666666666,0.7333333333333333,20260911101
Prior,medium,60,3.29320286987649,3.4027026062456813,4.197647766884387,4.257612162683126,0.0,0.6833333333333333,20260911101
Prior,strong,60,3.2196596228607754,3.306982410456495,4.072136042166961,4.310722458004075,0.05,0.7166666666666667,20260911101
Prior,strong_circle,30,3.288801090978237,3.447769812451897,4.310785589010473,4.766245358879662,0.03333333333333333,0.7333333333333333,20260911101
Prior,strong_ellipse,30,3.1505181547433163,3.2646802443279803,3.9204400640699584,3.972353257801954,0.06666666666666667,0.7,20260911101
Prior,all,180,3.2639472686411994,3.440490459354351,4.1957474830016475,4.346876361201953,0.022222222222222223,0.7111111111111111,20260911101
Adapted_REI,weak,60,3.2461306055196313,3.3972811321536307,4.378183244206675,4.605190892366081,0.03333333333333333,0.6916666666666667,20260911101
Adapted_REI,medium,60,3.083787797419447,3.203707211621958,4.191896280650476,4.527629157167467,0.016666666666666666,0.6,20260911101
Adapted_REI,strong,60,1.5738488327729776,1.5272390017817978,2.3822320875646263,2.678329732258518,0.2,0.016666666666666666,20260911101
Adapted_REI,strong_circle,30,1.5553816590973966,1.5569389148360013,2.3660974842888147,2.4449597552578775,0.18333333333333332,0.016666666666666666,20260911101
Adapted_REI,strong_ellipse,30,1.5923160064485589,1.4926813255363542,2.5273210759367184,2.780365841799696,0.21666666666666667,0.016666666666666666,20260911101
Adapted_REI,all,180,2.6345890785706856,2.6975245702633623,4.017763108036543,4.462604982687536,0.08333333333333333,0.4361111111111111,20260911101
base_SVR,weak,60,3.3424981697239713,3.3987322775559683,4.912089730279025,5.291549490022893,0.03333333333333333,0.6166666666666667,20260911201
base_SVR,medium,60,2.6525769639074146,2.5851765098766,4.084898352063079,4.508502810370132,0.025,0.375,20260911201
base_SVR,strong,60,0.8015893211375047,0.7474869310835823,1.2638198567048822,1.6160326001377492,0.7416666666666667,0.0,20260911201
base_SVR,strong_circle,30,0.7172105065916752,0.646537073480872,1.102222286762791,1.6220893109350778,0.8666666666666667,0.0,20260911201
base_SVR,strong_ellipse,30,0.8859681356833345,0.8335012995473028,1.3479797362013064,1.4765736238428628,0.6166666666666667,0.0,20260911201
base_SVR,all,180,2.265554818256297,2.186680678640859,4.1772647290727525,4.736308491490642,0.26666666666666666,0.33055555555555555,20260911201
base_ET,weak,60,3.2414706851769903,3.297999026652513,4.422717623088205,4.779944956077466,0.025,0.6416666666666667,20260911201
base_ET,medium,60,2.911633700968574,2.932456204719915,4.0759174141305605,4.212183377148624,0.025,0.4666666666666667,20260911201
base_ET,strong,60,0.9603213199260607,0.8621188075438546,1.8576536221312934,2.15236771437544,0.6083333333333333,0.0,20260911201
base_ET,strong_circle,30,0.8548513717328284,0.7433989933544849,1.7072303871069439,1.9752501036421881,0.6833333333333333,0.0,20260911201
base_ET,strong_ellipse,30,1.065791268119293,0.9611798857880994,1.9196969544700602,2.2435220444073614,0.5333333333333333,0.0,20260911201
base_ET,all,180,2.371141902023875,2.4912674403602377,4.074416187406063,4.3686388358673325,0.21944444444444444,0.36944444444444446,20260911201
dense_SVR,weak,60,3.125286051872706,3.1920687202183524,4.545828116795708,4.8696018249874555,0.03333333333333333,0.55,20260911201
dense_SVR,medium,60,2.4161428879959757,2.2694244492019493,3.9484603830514278,4.023879354041502,0.09166666666666666,0.31666666666666665,20260911201
dense_SVR,strong,60,0.7339398213988861,0.6326442166403969,1.3140153155951182,1.6066132997986922,0.7666666666666667,0.0,20260911201
dense_SVR,strong_circle,30,0.5963826858446091,0.5277787644902279,0.9894997454998055,1.071094372597298,0.9166666666666666,0.0,20260911201
dense_SVR,strong_ellipse,30,0.8714969569531631,0.8380736524566698,1.4853038298512342,1.6898990284109014,0.6166666666666667,0.0,20260911201
dense_SVR,all,180,2.091789587089189,1.8962066974416687,4.041016447986956,4.4130857659631015,0.2972222222222222,0.28888888888888886,20260911201
dense_ET,weak,60,3.1631464398522033,3.181013422255163,4.41905641564447,4.738214963999724,0.0,0.575,20260911201
dense_ET,medium,60,2.8190793989067484,2.8380762304422333,4.144608534489238,4.346840896718712,0.05,0.48333333333333334,20260911201
dense_ET,strong,60,0.8669544530125081,0.824382086724307,1.5288642305134923,1.7290489721211726,0.6583333333333333,0.0,20260911201
dense_ET,strong_circle,30,0.7199490539020101,0.681930606010124,1.2911229251799423,1.4588334563785308,0.7333333333333333,0.0,20260911201
dense_ET,strong_ellipse,30,1.0139598521230062,0.9407994447025936,1.6655632705518228,2.0284743011360633,0.5833333333333334,0.0,20260911201
dense_ET,all,180,2.2830600972571533,2.2635552852979424,4.130135111113446,4.417947132145182,0.2361111111111111,0.3527777777777778,20260911201
pair_SVR,weak,60,3.303780528951566,3.304126670894844,4.778602579545351,5.035503481999015,0.041666666666666664,0.6083333333333333,20260911201
pair_SVR,medium,60,2.755260056016085,2.721308432575576,4.053292345913605,4.586715841564615,0.05,0.4083333333333333,20260911201
pair_SVR,strong,60,0.8043772538789651,0.7367554046604006,1.3592880015326736,1.7060081409158905,0.7333333333333333,0.0,20260911201
pair_SVR,strong_circle,30,0.6868600910496152,0.5502434243613088,1.0973778764275501,1.542287440465321,0.8,0.0,20260911201
pair_SVR,strong_ellipse,30,0.9218944167083152,0.8697414284674707,1.5978164827370729,1.7060081409158905,0.6666666666666666,0.0,20260911201
pair_SVR,all,180,2.2878059462822056,2.3290947749201862,4.108839983149947,4.7727435010000665,0.275,0.3388888888888889,20260911201
pair_ET,weak,60,3.2401746810679044,3.2620641082488993,4.396789485449678,4.600584216527111,0.008333333333333333,0.6166666666666667,20260911201
pair_ET,medium,60,2.9409633199479788,3.0124145582319137,4.074181727154873,4.184266057089615,0.03333333333333333,0.5,20260911201
pair_ET,strong,60,0.9748977988459265,0.8512666762630365,1.8514305142787721,2.215983049020574,0.5916666666666667,0.0,20260911201
pair_ET,strong_circle,30,0.889084731052304,0.7272487900626315,1.6949734824515108,2.0298411208366267,0.65,0.0,20260911201
pair_ET,strong_ellipse,30,1.060710866639549,0.9296487098584376,1.899312050597153,2.4002889106463643,0.5333333333333333,0.0,20260911201
pair_ET,all,180,2.3853452666206034,2.5619390341432484,4.09054013799679,4.381690348514472,0.2111111111111111,0.37222222222222223,20260911201
oracle_onset_SVR,weak,60,3.3331758781082197,3.391695461893791,4.787446903923222,5.2966299360491735,0.03333333333333333,0.6166666666666667,20260911201
oracle_onset_SVR,medium,60,2.6563749128003127,2.588500116005871,4.1120255051359065,4.553160455991582,0.025,0.375,20260911201
oracle_onset_SVR,strong,60,0.8063318246475383,0.7626004072282531,1.2977798958351712,1.573661573198521,0.75,0.0,20260911201
oracle_onset_SVR,strong_circle,30,0.7218174857505153,0.67013322028146,1.1068612367597213,1.5814000259409395,0.8666666666666667,0.0,20260911201
oracle_onset_SVR,strong_ellipse,30,0.8908461635445608,0.8323349481830682,1.3196882426297418,1.4679304108443345,0.6333333333333333,0.0,20260911201
oracle_onset_SVR,all,180,2.2652942051853566,2.164046466595643,4.202787284997251,4.733239445624727,0.26944444444444443,0.33055555555555555,20260911201
oracle_onset_ET,weak,60,3.2309549653984475,3.3372601565521745,4.414062596181091,4.658881931257286,0.03333333333333333,0.625,20260911201
oracle_onset_ET,medium,60,2.892477880375509,3.0026656405507817,4.0610980267264685,4.2134570045331845,0.03333333333333333,0.5,20260911201
oracle_onset_ET,strong,60,0.9669797515905392,0.8271647390348449,1.8487600488780813,2.2004444061289683,0.5666666666666667,0.0,20260911201
oracle_onset_ET,strong_circle,30,0.8533166179867877,0.7372135320298489,1.6662403143615367,2.0595520505155234,0.65,0.0,20260911201
oracle_onset_ET,strong_ellipse,30,1.0806428851942906,1.0543760892699758,2.0005695518829714,2.316116184326672,0.48333333333333334,0.0,20260911201
oracle_onset_ET,all,180,2.363470865788165,2.4452762573139983,4.070311803197289,4.332158416220831,0.2111111111111111,0.375,20260911201
oracle_nuisance_SVR,weak,60,3.3035987991148272,3.28956250091964,4.713834260547457,5.441882565681449,0.05,0.6333333333333333,20260911201
oracle_nuisance_SVR,medium,60,2.636147713320584,2.6066395658539534,4.067500855813161,4.603061802957501,0.03333333333333333,0.35833333333333334,20260911201
oracle_nuisance_SVR,strong,60,0.8663327740840562,0.8050941440048056,1.48102027320094,1.8636820222290076,0.6916666666666667,0.0,20260911201
oracle_nuisance_SVR,strong_circle,30,0.7580459411086744,0.6410387975932385,1.1821258041961724,1.8336401570557175,0.8166666666666667,0.0,20260911201
oracle_nuisance_SVR,strong_ellipse,30,0.974619607059438,0.932795747461125,1.550934871709718,1.8901301517730735,0.5666666666666667,0.0,20260911201
oracle_nuisance_SVR,all,180,2.2686930955064897,2.080676034817375,4.198858660881564,4.668890054231545,0.25833333333333336,0.33055555555555555,20260911201
oracle_nuisance_ET,weak,60,3.217408066342641,3.2443677803207254,4.359497125062271,4.62946842659273,0.03333333333333333,0.6583333333333333,20260911201
oracle_nuisance_ET,medium,60,2.8927508369645833,2.9038759900097615,4.032700113669633,4.204470752723296,0.025,0.475,20260911201
oracle_nuisance_ET,strong,60,0.9842666519152699,0.8652793724466509,1.7419896640900583,2.1893418734323675,0.5916666666666667,0.008333333333333333,20260911201
oracle_nuisance_ET,strong_circle,30,0.8551880693011876,0.7233505810801417,1.6960602477796234,1.7491717213640758,0.6666666666666666,0.0,20260911201
oracle_nuisance_ET,strong_ellipse,30,1.1133452345293517,0.9867338820666816,2.03554031314498,2.426355184006188,0.5166666666666667,0.016666666666666666,20260911201
oracle_nuisance_ET,all,180,2.364808518407498,2.445491192722425,4.029642471871204,4.281555868814433,0.21666666666666667,0.38055555555555554,20260911201
oracle_nuisance_only_SVR,weak,60,3.35674136697817,3.322434343034356,5.0869226896688895,5.315150866826786,0.03333333333333333,0.5666666666666667,20260911201
oracle_nuisance_only_SVR,medium,60,3.402403902140888,3.4483495837483034,4.716907942693494,5.020543274192039,0.05,0.6,20260911201
oracle_nuisance_only_SVR,strong,60,3.2929901619369795,3.3386757109818017,4.742723338472567,5.263904983416292,0.016666666666666666,0.5833333333333334,20260911201
oracle_nuisance_only_SVR,strong_circle,30,3.314193711629108,3.6102385413442235,4.777995333904419,5.401840015749361,0.0,0.5666666666666667,20260911201
oracle_nuisance_only_SVR,strong_ellipse,30,3.271786612244851,3.2910346282664484,4.742723338472566,5.122650798980537,0.03333333333333333,0.6,20260911201
oracle_nuisance_only_SVR,all,180,3.350711810352013,3.3820431169190495,4.8501409331392065,5.257475411788174,0.03333333333333333,0.5833333333333334,20260911201
oracle_nuisance_only_ET,weak,60,3.2376221952779853,3.226262431244387,4.510046558848831,4.938395604902945,0.016666666666666666,0.6,20260911201
oracle_nuisance_only_ET,medium,60,3.2615779932449644,3.4479281059304876,4.334100193753768,4.480406906150714,0.03333333333333333,0.6666666666666666,20260911201
oracle_nuisance_only_ET,strong,60,3.236615615167438,3.355134844443711,4.4791889012787065,4.687991306341083,0.03333333333333333,0.6166666666666667,20260911201
oracle_nuisance_only_ET,strong_circle,30,3.1896216736381624,2.9464522471434,4.647058673359204,4.916737952537427,0.06666666666666667,0.5,20260911201
oracle_nuisance_only_ET,strong_ellipse,30,3.2836095566967134,3.420189586273028,4.327494215162431,4.365974879511259,0.0,0.7333333333333333,20260911201
oracle_nuisance_only_ET,all,180,3.245271934563463,3.3537515641383857,4.468777869182755,4.680308857872243,0.027777777777777776,0.6277777777777778,20260911201
oracle_mean_SVR,weak,60,2.4251212339522388,2.5496818897420552,3.773946778883278,3.8940077685171706,0.08333333333333333,0.3333333333333333,20260911201
oracle_mean_SVR,medium,60,0.7432288225752449,0.6316510369699746,1.5829978035134085,1.8420805281527064,0.6833333333333333,0.0,20260911201
oracle_mean_SVR,strong,60,0.9716720148023865,0.6376626079026327,2.386330478634362,3.1551503384857167,0.6833333333333333,0.06666666666666667,20260911201
oracle_mean_SVR,strong_circle,30,0.9068289447632125,0.46693713928729363,2.9618928223903516,3.6254609127765445,0.8333333333333334,0.1,20260911201
oracle_mean_SVR,strong_ellipse,30,1.0365150848415605,0.9412369044873419,1.9525685933936223,2.4646137602364546,0.5333333333333333,0.03333333333333333,20260911201
oracle_mean_SVR,all,180,1.3800073571099565,1.022482502047653,3.18478077433776,3.6846827644073126,0.48333333333333334,0.13333333333333333,20260911201
oracle_mean_ET,weak,60,0.8052554180775812,0.6660466493009065,1.4957492737983977,2.1548902905431606,0.7333333333333333,0.0,20260911201
oracle_mean_ET,medium,60,0.7483325403169225,0.6718024036402337,1.577771805880709,1.8681334522255897,0.75,0.0,20260911201
oracle_mean_ET,strong,60,0.8123977502030989,0.7284634772701378,1.7934369928618283,1.8714301377827234,0.6666666666666666,0.0,20260911201
oracle_mean_ET,strong_circle,30,0.5556964565137228,0.5377074788905767,0.7878761578619558,1.220953000867011,0.9333333333333333,0.0,20260911201
oracle_mean_ET,strong_ellipse,30,1.069099043892475,1.0925620021175027,1.8433276881410534,1.932799577890855,0.4,0.0,20260911201
oracle_mean_ET,all,180,0.7886619028658675,0.6835293813094419,1.6915363311637233,1.8911540196214112,0.7166666666666667,0.0,20260911201
rates_plain_41,weak,60,3.321786776649357,3.411007933172532,4.827853931236047,5.004825008694609,0.025,0.6083333333333333,20260911201
rates_plain_41,medium,60,2.677602302348826,2.6595586726090295,4.019072511190144,4.400082742887035,0.08333333333333333,0.38333333333333336,20260911201
rates_plain_41,strong,60,1.1591703296135607,1.1198751971591177,2.1386239055780805,2.5024365099193893,0.44166666666666665,0.008333333333333333,20260911201
rates_plain_41,strong_circle,30,1.1032985338284294,1.0002407937339042,2.143745735269805,2.600350843222935,0.5,0.0,20260911201
rates_plain_41,strong_ellipse,30,1.2150421253986923,1.1676717675809574,2.1375688441711747,2.3633194576081094,0.38333333333333336,0.016666666666666666,20260911201
rates_plain_41,all,180,2.3861864695372477,2.2866337156576564,4.228268947145314,4.715633384316647,0.18333333333333332,0.3333333333333333,20260911201
rates_plain_42,weak,60,3.4314515073518246,3.476854725750662,5.397137248148654,5.744595577934323,0.058333333333333334,0.6,20260911201
rates_plain_42,medium,60,2.8405065562730556,2.8028992829521253,4.435793787625054,4.80359559891571,0.05,0.39166666666666666,20260911201
rates_plain_42,strong,60,1.0905667437836337,1.1050925860982495,1.845722312942466,2.114001986860071,0.475,0.0,20260911201
rates_plain_42,strong_circle,30,0.9527500920992629,0.9096104398080698,1.6673120291935632,1.8453925133297278,0.5833333333333334,0.0,20260911201
rates_plain_42,strong_ellipse,30,1.2283833954680048,1.2148426112312551,1.934690961216743,2.497161373900532,0.36666666666666664,0.0,20260911201
rates_plain_42,all,180,2.454174935802838,2.2756060967211673,4.604367646618555,5.098909414970811,0.19444444444444445,0.33055555555555555,20260911201
rates_plain_43,weak,60,3.313581749087182,3.280404779491434,4.9804439731614165,5.566899212059371,0.041666666666666664,0.5833333333333334,20260911201
rates_plain_43,medium,60,2.7694687725534015,2.676344511481744,4.299775572255142,4.643913514896601,0.058333333333333334,0.425,20260911201
rates_plain_43,strong,60,1.0971306396655687,0.9716673229115635,1.92629578711174,2.262698838107603,0.5166666666666667,0.008333333333333333,20260911201
rates_plain_43,strong_circle,30,1.032188779180792,0.9021303492086178,1.7855411019643193,2.180722175287158,0.6166666666666667,0.016666666666666666,20260911201
rates_plain_43,strong_ellipse,30,1.1620725001503451,1.1576505187569341,1.9445256661855126,2.262698838107603,0.4166666666666667,0.0,20260911201
rates_plain_43,all,180,2.3933937204353843,2.244697410341776,4.400371636987211,4.886086353013343,0.20555555555555555,0.3388888888888889,20260911201
rates_plain,weak,60,3.3330930038662605,3.348514453086824,5.045659368718247,5.539357910878168,0.03333333333333333,0.575,20260911201
rates_plain,medium,60,2.733346242374247,2.6831273151591555,4.232745138412612,4.536409385218151,0.05,0.39166666666666666,20260911201
rates_plain,strong,60,1.019724247983333,0.9121806698839031,1.8869474774548394,2.1225789865835525,0.5666666666666667,0.0,20260911201
rates_plain,strong_circle,30,0.9332550880647095,0.8783933899482443,1.523723869980128,2.1902700362703733,0.65,0.0,20260911201
rates_plain,strong_ellipse,30,1.1061934079019566,1.1009798092266774,1.9005018847724984,2.067995690617472,0.48333333333333334,0.0,20260911201
rates_plain,all,180,2.3620544980746137,2.164371964520856,4.304638894657536,4.727945173464102,0.21666666666666667,0.32222222222222224,20260911201
coinc_plain_41,weak,60,3.3936842953110555,3.353200651497953,5.198440256916536,5.413465061467078,0.041666666666666664,0.5916666666666667,20260911201
coinc_plain_41,medium,60,2.6935475402256515,2.7647334527982412,4.232288820497686,4.63674132425698,0.08333333333333333,0.4083333333333333,20260911201
coinc_plain_41,strong,60,1.137243667080327,1.0455894271910608,2.067661312840583,2.4336314992687713,0.475,0.025,20260911201
coinc_plain_41,strong_circle,30,1.033311061584071,0.9674424379817214,2.0400430103222704,2.391914718477743,0.5166666666666667,0.016666666666666666,20260911201
coinc_plain_41,strong_ellipse,30,1.2411762725765831,1.074198353265452,2.0765447151860728,2.618422093743333,0.43333333333333335,0.03333333333333333,20260911201
coinc_plain_41,all,180,2.4081585008723447,2.242039230193903,4.453785584570828,5.110329171450746,0.2,0.3416666666666667,20260911201
coinc_plain_42,weak,60,3.26169530749341,3.213162819522017,4.721071712553288,5.0553174711963695,0.041666666666666664,0.5833333333333334,20260911201
coinc_plain_42,medium,60,2.672544957142108,2.5743089584336145,4.027676008534188,4.375282241869754,0.06666666666666667,0.36666666666666664,20260911201
coinc_plain_42,strong,60,1.122193896465067,0.9854189448025076,2.024269954509567,2.4521066437082633,0.5333333333333333,0.008333333333333333,20260911201
coinc_plain_42,strong_circle,30,1.0036901183538864,0.9127333111304159,1.8291534440541133,1.982954383596555,0.6,0.0,20260911201
coinc_plain_42,strong_ellipse,30,1.2406976745762477,1.0356850172688277,2.2094902745909923,2.5603106794464603,0.4666666666666667,0.016666666666666666,20260911201
coinc_plain_42,all,180,2.3521447203668617,2.310800931866783,4.203196252810158,4.673887821275396,0.21388888888888888,0.3194444444444444,20260911201
coinc_plain_43,weak,60,3.4617052218317923,3.38811760443285,5.118658480871497,5.643572698813835,0.05,0.6416666666666667,20260911201
coinc_plain_43,medium,60,2.7269554322094063,2.7997133784989288,4.047326669513875,4.279220751694311,0.06666666666666667,0.4083333333333333,20260911201
coinc_plain_43,strong,60,1.0939030832432834,0.892720768769611,1.882326251252408,2.2736980613214417,0.5666666666666667,0.008333333333333333,20260911201
coinc_plain_43,strong_circle,30,0.9925138185594116,0.816766113663001,1.7360249728655814,2.051712645155672,0.6666666666666666,0.0,20260911201
coinc_plain_43,strong_ellipse,30,1.1952923479271549,1.1031542441444528,2.0603487283319817,2.476465729310596,0.4666666666666667,0.016666666666666666,20260911201
coinc_plain_43,all,180,2.4275212457614943,2.3410704309778474,4.434118977211402,4.954665275861385,0.22777777777777777,0.3527777777777778,20260911201
coinc_plain,weak,60,3.3339286434557076,3.3526148178280692,4.765270186099648,5.387773635936959,0.05,0.6,20260911201
coinc_plain,medium,60,2.6617095664989114,2.684609111720494,3.963451164596411,4.35602253671624,0.06666666666666667,0.35833333333333334,20260911201
coinc_plain,strong,60,0.9962589340818508,0.9388340142093797,1.654032350808718,2.1117889231601086,0.5333333333333333,0.0,20260911201
coinc_plain,strong_circle,30,0.8713476446250465,0.7907589095085582,1.5145109596500168,2.1410801488490314,0.6833333333333333,0.0,20260911201
coinc_plain,strong_ellipse,30,1.1211702235386551,1.1809382742423582,1.7202477627555692,2.0618216584876725,0.38333333333333336,0.0,20260911201
coinc_plain,all,180,2.33063238134549,2.25796400866125,4.2817857631591005,4.729954329452396,0.21666666666666667,0.3194444444444444,20260911201
coinc_joint_41,weak,60,3.401618220145706,3.4169869206101415,5.187230877282324,5.36718942789959,0.05,0.6083333333333333,20260911201
coinc_joint_41,medium,60,2.6820839445659717,2.695035557155312,4.325826353083972,4.647251310626982,0.1,0.4,20260911201
coinc_joint_41,strong,60,1.1715322836865023,1.0130747069257424,2.217120012502628,2.4795867468918957,0.5,0.025,20260911201
coinc_joint_41,strong_circle,30,1.0903877705400775,0.9817378722114005,2.148783723561107,2.367737152867478,0.5166666666666667,0.0,20260911201
coinc_joint_41,strong_ellipse,30,1.2526767968329269,1.1697529654037973,2.231538817307444,2.8080832831461144,0.48333333333333334,0.05,20260911201
coinc_joint_41,all,180,2.418411482799393,2.2337180585102003,4.500306854857179,5.130357456793198,0.21666666666666667,0.34444444444444444,20260911201
coinc_joint_42,weak,60,3.2666438576723587,3.210435309332187,4.651767847339855,5.118868156484137,0.03333333333333333,0.575,20260911201
coinc_joint_42,medium,60,2.655907830488507,2.625024102356707,4.008006334243859,4.463069797701659,0.06666666666666667,0.3416666666666667,20260911201
coinc_joint_42,strong,60,1.1018589386403057,0.9804815965848432,2.0067593733928377,2.309784254873071,0.525,0.008333333333333333,20260911201
coinc_joint_42,strong_circle,30,0.9633720604730175,0.9166260516987503,1.8602937246311022,2.0074431529750556,0.6,0.0,20260911201
coinc_joint_42,strong_ellipse,30,1.2403458168075936,1.1578270989507944,2.1705486251232204,2.537840155318766,0.45,0.016666666666666666,20260911201
coinc_joint_42,all,180,2.3414702089337234,2.3133723916632833,4.194407054629933,4.650327590154324,0.20833333333333334,0.30833333333333335,20260911201
coinc_joint_43,weak,60,3.303937883432413,3.1587987143939724,5.012563923823936,5.154349611197228,0.025,0.5416666666666666,20260911201
coinc_joint_43,medium,60,2.8261318116486764,2.9147251398921235,4.179498881941661,4.637486334773525,0.025,0.475,20260911201
coinc_joint_43,strong,60,1.0420583903539826,1.0099847288699895,1.7052756668120264,1.9252563642478489,0.49166666666666664,0.0,20260911201
coinc_joint_43,strong_circle,30,1.0005705553549797,0.970936429228161,1.589465641554838,1.9075831029195913,0.55,0.0,20260911201
coinc_joint_43,strong_ellipse,30,1.0835462253529862,1.113240296097406,1.8533483427922597,1.927832487927165,0.43333333333333335,0.0,20260911201
coinc_joint_43,all,180,2.39070936181169,2.2622789918685564,4.3433234672431125,4.782519131266211,0.18055555555555555,0.3388888888888889,20260911201
coinc_joint,weak,60,3.279141216835156,3.2665943476255186,4.711965317460678,5.107889103989526,0.03333333333333333,0.5583333333333333,20260911201
coinc_joint,medium,60,2.676393638848258,2.7028475722522423,3.9251778353257163,4.457171988646351,0.05,0.39166666666666666,20260911201
coinc_joint,strong,60,0.9736702200357246,0.8900173871589384,1.7595678958057912,2.0784084626573427,0.5583333333333333,0.0,20260911201
coinc_joint,strong_circle,30,0.8574227030692864,0.7979355403820986,1.4379163551657228,2.148727122425531,0.6333333333333333,0.0,20260911201
coinc_joint,strong_ellipse,30,1.0899177370021624,1.0927092934819198,1.8544991730431817,2.035413331314897,0.48333333333333334,0.0,20260911201
coinc_joint,all,180,2.309735025239713,2.206995182223511,4.198139566973898,4.663321761456855,0.21388888888888888,0.31666666666666665,20260911201
coinc_aux_41,weak,60,3.4270886251936417,3.412409045602715,5.084778713747193,5.310374323208057,0.03333333333333333,0.6083333333333333,20260911201
coinc_aux_41,medium,60,2.730752106096564,2.799122917185577,4.1772477354126245,4.470260638010948,0.06666666666666667,0.44166666666666665,20260911201
coinc_aux_41,strong,60,1.083961377392336,1.0227746025995086,1.8020473866567979,2.183689682602896,0.48333333333333334,0.016666666666666666,20260911201
coinc_aux_41,strong_circle,30,0.9749705337029676,0.8764136831952636,1.78745133014088,2.183689682602896,0.55,0.0,20260911201
coinc_aux_41,strong_ellipse,30,1.1929522210817047,1.0574858142194978,1.90982699046219,2.1846222718368677,0.4166666666666667,0.03333333333333333,20260911201
coinc_aux_41,all,180,2.4139340362275137,2.265461835787087,4.3787644441072056,4.958631548168875,0.19444444444444445,0.35555555555555557,20260911201
coinc_aux_42,weak,60,3.2453298384042584,3.220570842267624,4.599994413642513,5.0718367136813205,0.025,0.6,20260911201
coinc_aux_42,medium,60,2.6586845275302085,2.641864484282003,3.9742338985503864,4.428358632087201,0.05,0.35,20260911201
coinc_aux_42,strong,60,1.136631625865724,0.9470858532118043,2.1118589935583727,2.3728116207878447,0.525,0.016666666666666666,20260911201
coinc_aux_42,strong_circle,30,0.9815281688059637,0.8348689071034119,1.8248645936383219,1.929179502813738,0.6333333333333333,0.0,20260911201
coinc_aux_42,strong_ellipse,30,1.2917350829254843,1.2027284045115243,2.321800221623825,2.8114834466122964,0.4166666666666667,0.03333333333333333,20260911201
coinc_aux_42,all,180,2.3468819972667303,2.2783434230718465,4.167852890279697,4.597537244587195,0.2,0.32222222222222224,20260911201
coinc_aux_43,weak,60,3.3754455950027564,3.4274983901345903,4.93409860306082,5.387671800597416,0.03333333333333333,0.625,20260911201
coinc_aux_43,medium,60,2.6942792364907664,2.7556180434674067,3.9081590605733814,4.274814582578726,0.06666666666666667,0.4083333333333333,20260911201
coinc_aux_43,strong,60,1.2253902387560314,1.0550167437559468,2.139372124275067,2.554041709091543,0.4666666666666667,0.016666666666666666,20260911201
coinc_aux_43,strong_circle,30,1.0791934899905722,0.869071951886597,1.8327027926255983,2.427669935824999,0.5833333333333334,0.0,20260911201
coinc_aux_43,strong_ellipse,30,1.3715869875214906,1.2243089578462296,2.238531229561318,2.566862985995464,0.35,0.03333333333333333,20260911201
coinc_aux_43,all,180,2.4317050234165185,2.3790659595540173,4.3335560691299,4.822826658676035,0.18888888888888888,0.35,20260911201
coinc_aux,weak,60,3.3197325343040727,3.3746723767537805,4.643974131741658,5.235467547214968,0.03333333333333333,0.5916666666666667,20260911201
coinc_aux,medium,60,2.666740516077801,2.635056145311698,3.982029126964369,4.263118475606067,0.06666666666666667,0.375,20260911201
coinc_aux,strong,60,1.006009584961413,0.9573171712988968,1.7476163407301135,1.938796274086528,0.525,0.008333333333333333,20260911201
coinc_aux,strong_circle,30,0.8500247615368904,0.7977899007207188,1.386982855553688,1.661902022156315,0.7,0.0,20260911201
coinc_aux,strong_ellipse,30,1.161994408385936,1.2339399744349966,1.8205927573629774,1.938796274086528,0.35,0.016666666666666666,20260911201
coinc_aux,all,180,2.330827545114429,2.2588919445822953,4.225276324927728,4.621039881545077,0.20833333333333334,0.325,20260911201
forward_inverse,weak,60,3.2623023104669575,3.343990674291251,4.306132717155294,4.397757581573213,0.0,0.6583333333333333,20260911201
forward_inverse,medium,60,3.2317313847419844,3.4618566479179798,4.117670180652167,4.339663670046203,0.03333333333333333,0.7166666666666667,20260911201
forward_inverse,strong,60,2.542433585055336,2.80743221606311,3.6719386581112343,3.900516849761458,0.05,0.375,20260911201
forward_inverse,strong_circle,30,2.6428584572750102,2.8924912887188636,3.7399934475376524,4.201751322702885,0.05,0.45,20260911201
forward_inverse,strong_ellipse,30,2.4420087128356625,2.5158581568720675,3.5691677565594615,3.6798473367860374,0.05,0.3,20260911201
forward_inverse,all,180,3.0121557600880924,3.1939676234735517,4.136547557400318,4.339430073446626,0.027777777777777776,0.5833333333333334,20260911201
template_inverse,weak,60,3.3965461868344695,3.4611323548618955,5.1814500039834295,5.503992889384962,0.05,0.6666666666666666,20260911201
template_inverse,medium,60,2.3255923426108778,2.1867512935202917,4.177169932672551,4.570139284247218,0.14166666666666666,0.2833333333333333,20260911201
template_inverse,strong,60,1.0379348077977761,0.9607032001100486,1.8915448504278685,2.172037883709178,0.5583333333333333,0.008333333333333333,20260911201
template_inverse,strong_circle,30,0.9969300805032241,0.9410141302493782,1.8958273532714387,2.037643958114683,0.5833333333333334,0.0,20260911201
template_inverse,strong_ellipse,30,1.0789395350923277,0.9634733632476757,1.685022611830755,2.1816305894303207,0.5333333333333333,0.016666666666666666,20260911201
template_inverse,all,180,2.253357779081041,1.9012339869685104,4.353563915998783,4.8508014427476285,0.25,0.3194444444444444,20260911201
Prior,weak,60,3.19566652124922,3.2649752504217306,4.194706936442478,4.556114931047097,0.016666666666666666,0.6333333333333333,20260911201
Prior,medium,60,3.206381714977735,3.443863541846987,4.159877485319195,4.348471594572416,0.03333333333333333,0.6833333333333333,20260911201
Prior,strong,60,3.2240351252190895,3.468446872218826,4.113129888996682,4.388812760793298,0.03333333333333333,0.65,20260911201
Prior,strong_circle,30,3.143710175988351,3.360979832646441,4.376036307526888,4.537739877605909,0.06666666666666667,0.6,20260911201
Prior,strong_ellipse,30,3.304360074449829,3.5673641756035535,4.0241413244107225,4.168212634375194,0.0,0.7,20260911201
Prior,all,180,3.2086944538153483,3.3920238496979853,4.16733288994966,4.400014815553772,0.027777777777777776,0.6555555555555556,20260911201
Adapted_REI,weak,60,3.221669741138741,3.2567205374668617,4.296489870982795,4.516744496465614,0.041666666666666664,0.6416666666666667,20260911201
Adapted_REI,medium,60,3.063014507427866,3.1947792818029503,4.0924374174133415,4.251192563371942,0.041666666666666664,0.6083333333333333,20260911201
Adapted_REI,strong,60,1.7078668915100712,1.6619711738535319,2.6252038126962702,3.0330147071938147,0.2,0.058333333333333334,20260911201
Adapted_REI,strong_circle,30,1.6384763646266955,1.7559318461532079,2.4144317278521608,2.6597561554889513,0.23333333333333334,0.05,20260911201
Adapted_REI,strong_ellipse,30,1.7772574183934469,1.607413723735523,2.7002851084205988,3.0330147071938147,0.16666666666666666,0.06666666666666667,20260911201
Adapted_REI,all,180,2.664183713358893,2.6960876428991827,4.100592637213216,4.285184004464141,0.09444444444444444,0.4361111111111111,20260911201
base_SVR,weak,60,3.4285253248931378,3.434927455385904,4.905944197918543,5.1786110333115625,0.0,0.675,20260911301
base_SVR,medium,60,2.530916580477224,2.445225458937962,3.931801114124579,4.146754889403042,0.058333333333333334,0.31666666666666665,20260911301
base_SVR,strong,60,0.8710498334510819,0.7529095906407974,1.754096912530094,1.8861934603334718,0.6333333333333333,0.0,20260911301
base_SVR,strong_circle,30,0.6689291844436214,0.5792041518866722,1.2002051427241278,1.7088835946405678,0.8,0.0,20260911301
base_SVR,strong_ellipse,30,1.0731704824585424,1.0529450995248866,1.8552440943911856,2.063836470186241,0.4666666666666667,0.0,20260911301
base_SVR,all,180,2.276830579607148,2.1549202194711166,4.139504883551639,4.604295441354418,0.23055555555555557,0.33055555555555555,20260911301
base_ET,weak,60,3.314910274737239,3.373478142961788,4.3885557935618,4.581985083100664,0.0,0.6916666666666667,20260911301
base_ET,medium,60,2.795759945734449,2.8805028548241776,3.8978679640506204,4.182984618496613,0.05,0.43333333333333335,20260911301
base_ET,strong,60,1.1143156653753115,0.8868476392653036,2.2837142310197667,2.8066895423757,0.5666666666666667,0.016666666666666666,20260911301
base_ET,strong_circle,30,0.8981069173987707,0.7767440833837109,1.6577414226855254,2.092478284684348,0.75,0.0,20260911301
base_ET,strong_ellipse,30,1.3305244133518521,1.230900803485854,2.590107830170844,2.911458614320053,0.38333333333333336,0.03333333333333333,20260911301
base_ET,all,180,2.408328628615666,2.6010161209840614,3.9764683522930397,4.316264677013544,0.20555555555555555,0.38055555555555554,20260911301
dense_SVR,weak,60,3.285425372579011,3.2744118447546966,4.692761306628257,5.076736483599849,0.03333333333333333,0.6166666666666667,20260911301
dense_SVR,medium,60,2.3747554488248,2.368309335138374,3.8315596789516513,4.122637340288629,0.09166666666666666,0.2833333333333333,20260911301
dense_SVR,strong,60,0.9814843067512474,0.8085497919049247,1.9456635987983983,2.0646984321963386,0.6333333333333333,0.008333333333333333,20260911301
dense_SVR,strong_circle,30,0.789103603693763,0.6761881473516481,1.5658809510258707,1.668608964705522,0.7833333333333333,0.016666666666666666,20260911301
dense_SVR,strong_ellipse,30,1.173865009808732,1.113085468013549,2.0643834064612876,2.1094326755087027,0.48333333333333334,0.0,20260911301
dense_SVR,all,180,2.2138883760516865,2.09067122155933,4.05380218463171,4.49783650135544,0.25277777777777777,0.30277777777777776,20260911301
dense_ET,weak,60,3.311249254230811,3.4036350783280556,4.471783817192919,4.59792761753276,0.008333333333333333,0.6333333333333333,20260911301
dense_ET,medium,60,2.7416735331969497,2.778383419871406,3.9201450473432145,4.0802476219492805,0.05,0.4083333333333333,20260911301
dense_ET,strong,60,1.0690066164155012,0.8705264973641724,2.2593909418748512,2.6711843971446045,0.575,0.03333333333333333,20260911301
dense_ET,strong_circle,30,0.8434637979834244,0.6765952053321154,1.5304102120171679,2.046760564165716,0.7666666666666667,0.03333333333333333,20260911301
dense_ET,strong_ellipse,30,1.2945494348475783,1.1106811866191866,2.6427268798710677,2.8047996433529487,0.38333333333333336,0.03333333333333333,20260911301
dense_ET,all,180,2.373976467947754,2.529806420846451,4.04400315103669,4.347602703617206,0.2111111111111111,0.35833333333333334,20260911301
pair_SVR,weak,60,3.4675521152411193,3.5729187048687927,4.535226433397411,5.200354027948932,0.016666666666666666,0.7166666666666667,20260911301
pair_SVR,medium,60,2.696456059821823,2.752556554797402,3.740998335418259,4.197444039203878,0.041666666666666664,0.4083333333333333,20260911301
pair_SVR,strong,60,0.9788510796125515,0.8370650079377093,1.7993062345314952,2.155522264619166,0.6083333333333333,0.008333333333333333,20260911301
pair_SVR,strong_circle,30,0.742185912462557,0.6799320903068062,1.3971857260059866,1.4992330151441404,0.75,0.0,20260911301
pair_SVR,strong_ellipse,30,1.2155162467625462,1.090072602203636,2.1111167645944655,2.3961724812600282,0.4666666666666667,0.016666666666666666,20260911301
pair_SVR,all,180,2.380953084891831,2.446184305524832,4.164194395884171,4.4643846259942,0.2222222222222222,0.37777777777777777,20260911301
pair_ET,weak,60,3.3135388208530268,3.425716157588659,4.2649282500787455,4.553635871762571,0.008333333333333333,0.7083333333333334,20260911301
pair_ET,medium,60,2.8511917170012073,2.9381814254546392,3.865565548497799,4.087948480201335,0.041666666666666664,0.475,20260911301
pair_ET,strong,60,1.1467774530449621,0.9686024414774095,2.375570261507686,2.7763137792741728,0.525,0.03333333333333333,20260911301
pair_ET,strong_circle,30,0.9455059354783029,0.8444430993528116,1.839620198166386,2.371366158790065,0.6333333333333333,0.016666666666666666,20260911301
pair_ET,strong_ellipse,30,1.3480489706116217,1.2028459607613615,2.681737043579333,2.9735309785512194,0.4166666666666667,0.05,20260911301
pair_ET,all,180,2.437169330299732,2.683280228465451,3.98288746800351,4.245692957430413,0.19166666666666668,0.40555555555555556,20260911301
oracle_onset_SVR,weak,60,3.4292246205347974,3.4191890684892154,4.907794402972119,5.18027924011878,0.0,0.675,20260911301
oracle_onset_SVR,medium,60,2.5304271119367274,2.440990782994354,3.9009751671798543,4.189737529172041,0.058333333333333334,0.325,20260911301
oracle_onset_SVR,strong,60,0.8734575240976317,0.7442217334987211,1.7363652418097224,1.9519830096747126,0.6333333333333333,0.0,20260911301
oracle_onset_SVR,strong_circle,30,0.6707787581341204,0.5951046388963367,1.2108152248551793,1.6772957154098556,0.8,0.0,20260911301
oracle_onset_SVR,strong_ellipse,30,1.0761362900611433,1.0544040539251718,1.9019598077361881,2.0600990839658233,0.4666666666666667,0.0,20260911301
oracle_onset_SVR,all,180,2.277703085523052,2.157771222584537,4.17083931556201,4.579421423347685,0.23055555555555557,0.3333333333333333,20260911301
oracle_onset_ET,weak,60,3.3383373013352227,3.47001168960539,4.359513484444375,4.724791157999242,0.0,0.6916666666666667,20260911301
oracle_onset_ET,medium,60,2.798141083005638,2.9143496487436673,3.7462862734762643,4.156418386192264,0.05,0.4583333333333333,20260911301
oracle_onset_ET,strong,60,1.1061370611469628,0.8865344831477973,2.244016200470658,2.7460653024866444,0.575,0.041666666666666664,20260911301
oracle_onset_ET,strong_circle,30,0.8730399213089943,0.7487640457446061,1.6548799500467486,2.014117983217861,0.75,0.016666666666666666,20260911301
oracle_onset_ET,strong_ellipse,30,1.3392342009849314,1.301351458467118,2.552345591402363,3.019410837424861,0.4,0.06666666666666667,20260911301
oracle_onset_ET,all,180,2.4142051484959413,2.624172840845846,4.0118437170117724,4.302793291557474,0.20833333333333334,0.3972222222222222,20260911301
oracle_nuisance_SVR,weak,60,3.4334167690470765,3.4302450943458522,4.91280599023013,5.248744582161928,0.008333333333333333,0.6833333333333333,20260911301
oracle_nuisance_SVR,medium,60,2.5799429118329384,2.6510824651599494,3.926325560791953,4.2119225699786265,0.08333333333333333,0.3333333333333333,20260911301
oracle_nuisance_SVR,strong,60,0.8866614499431923,0.7373887691880332,1.7139984469286733,1.9113809980136585,0.6333333333333333,0.0,20260911301
oracle_nuisance_SVR,strong_circle,30,0.6642998655471641,0.5534741103742746,1.2340674645104148,1.6054455069409461,0.8166666666666667,0.0,20260911301
oracle_nuisance_SVR,strong_ellipse,30,1.1090230343392204,1.0426160958617614,1.8385517005308873,1.9491915575689345,0.45,0.0,20260911301
oracle_nuisance_SVR,all,180,2.3000070436077356,2.228043828755621,4.181166517222872,4.650160633638162,0.24166666666666667,0.3388888888888889,20260911301
oracle_nuisance_ET,weak,60,3.319280436893722,3.4229547382453616,4.403187015180648,4.666118219220294,0.008333333333333333,0.7083333333333334,20260911301
oracle_nuisance_ET,medium,60,2.8392712282355395,2.8862046474127236,3.9497438261502054,4.128587696569381,0.05,0.45,20260911301
oracle_nuisance_ET,strong,60,1.1302764573022008,0.9138647648666917,2.3454319792530316,2.770108051176043,0.525,0.03333333333333333,20260911301
oracle_nuisance_ET,strong_circle,30,0.8974306997349505,0.7612875315260383,1.5869045101079602,1.856618198096618,0.6666666666666666,0.03333333333333333,20260911301
oracle_nuisance_ET,strong_ellipse,30,1.363122214869451,1.310585266488686,2.55108061188904,2.9131430500404276,0.38333333333333336,0.03333333333333333,20260911301
oracle_nuisance_ET,all,180,2.429609374143821,2.658644215444074,4.01080735296477,4.316420370192278,0.19444444444444445,0.3972222222222222,20260911301
oracle_nuisance_only_SVR,weak,60,3.5678316581382044,3.6696167500799906,4.957289507509892,5.391131046962767,0.03333333333333333,0.7333333333333333,20260911301
oracle_nuisance_only_SVR,medium,60,3.378376767629487,3.6625995606486343,4.7706808053695635,5.396576363647881,0.06666666666666667,0.6666666666666666,20260911301
oracle_nuisance_only_SVR,strong,60,3.3308394300107627,3.41085892889278,4.6739603530543965,5.021533820337155,0.03333333333333333,0.6166666666666667,20260911301
oracle_nuisance_only_SVR,strong_circle,30,3.297943713538927,3.41085892889278,4.658127927126806,5.011092149609248,0.03333333333333333,0.6333333333333333,20260911301
oracle_nuisance_only_SVR,strong_ellipse,30,3.363735146482598,3.658001667568569,4.685190858533058,5.283433581487741,0.03333333333333333,0.6,20260911301
oracle_nuisance_only_SVR,all,180,3.425682618592818,3.6343538613448834,4.8131725388131334,5.344174504748595,0.044444444444444446,0.6722222222222223,20260911301
oracle_nuisance_only_ET,weak,60,3.505958964938064,3.6008025479991685,4.631712576857318,5.047918162062606,0.0,0.7333333333333333,20260911301
oracle_nuisance_only_ET,medium,60,3.3450517200698213,3.4389674829962686,4.775601729371135,4.920182176063436,0.05,0.6666666666666666,20260911301
oracle_nuisance_only_ET,strong,60,3.1819348789924344,3.3433801885592924,4.398998959886038,4.518950835648273,0.0,0.5666666666666667,20260911301
oracle_nuisance_only_ET,strong_circle,30,3.16709364728556,3.314423469305977,4.144691264993915,4.396292886124492,0.0,0.5666666666666667,20260911301
oracle_nuisance_only_ET,strong_ellipse,30,3.1967761106993096,3.3433801885592924,4.483684824196479,4.844136757452847,0.0,0.5666666666666667,20260911301
oracle_nuisance_only_ET,all,180,3.3443151880001065,3.4452091670582066,4.566598510112619,4.88145713736414,0.016666666666666666,0.6555555555555556,20260911301
oracle_mean_SVR,weak,60,2.5220262118043677,2.576111060691399,3.816906235854969,4.012479711099669,0.06666666666666667,0.3333333333333333,20260911301
oracle_mean_SVR,medium,60,0.7393075457912446,0.6074628410577225,1.3829663777246788,1.7424055486465932,0.8,0.0,20260911301
oracle_mean_SVR,strong,60,0.8608642128418519,0.6966915079176805,1.8127149056512497,2.0329502508065485,0.65,0.0,20260911301
oracle_mean_SVR,strong_circle,30,0.7033708320977906,0.4713095241305252,1.5260562702553866,2.544025584899424,0.8,0.0,20260911301
oracle_mean_SVR,strong_ellipse,30,1.0183575935859126,0.9915184967553542,1.8175594051982864,2.0060515490121884,0.5,0.0,20260911301
oracle_mean_SVR,all,180,1.3740659901458214,0.9592523588946423,3.1955337901286964,3.5941327547566173,0.5055555555555555,0.1111111111111111,20260911301
oracle_mean_ET,weak,60,0.8012369439267674,0.5949258518691208,1.6539936681605567,1.7209743090014282,0.6333333333333333,0.0,20260911301
oracle_mean_ET,medium,60,0.7027177456381679,0.4800077501864666,1.4475876524204112,1.6289746737091124,0.8,0.0,20260911301
oracle_mean_ET,strong,60,0.7357260298965872,0.5957670990382533,1.4848060592907673,1.7456933202323954,0.7166666666666667,0.0,20260911301
oracle_mean_ET,strong_circle,30,0.5008352686295406,0.5166027020514342,0.8040921785795168,1.0060289824337834,0.9333333333333333,0.0,20260911301
oracle_mean_ET,strong_ellipse,30,0.9706167911636335,1.0029379659870472,1.749014886726482,2.2093790492615115,0.5,0.0,20260911301
oracle_mean_ET,all,180,0.7465602398205076,0.5845192804926902,1.6080241735526386,1.731199081389064,0.7166666666666667,0.0,20260911301
rates_plain_41,weak,60,3.395143744746894,3.31492407072436,4.7618978380851695,5.2282417854148315,0.0,0.6166666666666667,20260911301
rates_plain_41,medium,60,2.6810991252172816,2.528924609801514,3.981894049416441,4.319930502274347,0.03333333333333333,0.3,20260911301
rates_plain_41,strong,60,1.2286240239777086,1.174408143091855,2.2045766801961504,2.4980947364202204,0.44166666666666665,0.016666666666666666,20260911301
rates_plain_41,strong_circle,30,1.0609530409194414,0.9944397353864773,1.8679000677039717,2.024537539203965,0.5,0.0,20260911301
rates_plain_41,strong_ellipse,30,1.396295007035976,1.2736009847325285,2.3801617753948108,2.8232261411954713,0.38333333333333336,0.03333333333333333,20260911301
rates_plain_41,all,180,2.4349556313139615,2.343236209818082,4.2167414016888305,4.709815233062989,0.15833333333333333,0.3111111111111111,20260911301
rates_plain_42,weak,60,3.400526353346669,3.285527399276803,4.812505923175426,5.310267050042295,0.008333333333333333,0.6166666666666667,20260911301
rates_plain_42,medium,60,2.724631448926099,2.6731732590818513,4.059171869469378,4.228710098820678,0.058333333333333334,0.425,20260911301
rates_plain_42,strong,60,1.2078518734030392,1.0780719561539596,2.406259126666246,2.646139434722769,0.45,0.025,20260911301
rates_plain_42,strong_circle,30,0.9899984477754329,0.9624758706026366,1.4245570204743472,2.0287447845552555,0.5166666666666667,0.0,20260911301
rates_plain_42,strong_ellipse,30,1.4257052990306454,1.1717229899831096,2.5752926355534913,2.86520982776724,0.38333333333333336,0.05,20260911301
rates_plain_42,all,180,2.4443365585586023,2.371492036678458,4.214444508088017,4.707886771866416,0.17222222222222222,0.35555555555555557,20260911301
rates_plain_43,weak,60,3.422201033088458,3.387898326064824,4.932790235620592,5.2481984326032896,0.0,0.6666666666666666,20260911301
rates_plain_43,medium,60,2.707533267070198,2.6382298685912238,3.7422553165932553,4.548965099466531,0.016666666666666666,0.36666666666666664,20260911301
rates_plain_43,strong,60,1.2372530659467187,1.1629201365027462,2.1245814870053596,2.435944745231284,0.4166666666666667,0.016666666666666666,20260911301
rates_plain_43,strong_circle,30,1.1377306651564476,1.092143480900721,2.039675635037342,2.2668413514033365,0.45,0.0,20260911301
rates_plain_43,strong_ellipse,30,1.33677546673699,1.2558040540469937,2.1626841066404205,2.693506284613874,0.38333333333333336,0.03333333333333333,20260911301
rates_plain_43,all,180,2.4556624553684583,2.432492691368707,4.014986645171308,4.851894623293935,0.14444444444444443,0.35,20260911301
rates_plain,weak,60,3.38467840635103,3.3068427564857563,4.868395887355809,5.10026043328498,0.0,0.6083333333333333,20260911301
rates_plain,medium,60,2.6774569451181436,2.6795232998322565,4.004261936422562,4.308794389562181,0.041666666666666664,0.31666666666666665,20260911301
rates_plain,strong,60,1.1271748621073967,1.025202740367957,1.9948986658265804,2.2102451321489642,0.49166666666666664,0.025,20260911301
rates_plain,strong_circle,30,0.9522981386346439,0.920116269680413,1.6522053685523483,1.9767878498299625,0.5666666666666667,0.0,20260911301
rates_plain,strong_ellipse,30,1.30205158558015,1.2182459134014563,2.1195777877050634,2.6629470345977784,0.4166666666666667,0.05,20260911301
rates_plain,all,180,2.396436737858857,2.3888047646808643,4.103698906171656,4.691629141567056,0.17777777777777778,0.31666666666666665,20260911301
coinc_plain_41,weak,60,3.4818032123138476,3.51408172898346,5.095843435553328,5.761624584611207,0.008333333333333333,0.6416666666666667,20260911301
coinc_plain_41,medium,60,2.7475776859162817,2.6860322681304636,4.106896364585978,4.735307022202365,0.041666666666666664,0.38333333333333336,20260911301
coinc_plain_41,strong,60,1.2620030729966734,1.1594880893016595,2.2733662795504537,2.507750908913596,0.43333333333333335,0.03333333333333333,20260911301
coinc_plain_41,strong_circle,30,1.1344399129880958,1.1497077427503695,1.8678578911346133,2.0362180695993946,0.45,0.0,20260911301
coinc_plain_41,strong_ellipse,30,1.3895662330052512,1.261036677506481,2.4650250899472512,3.021270149258785,0.4166666666666667,0.06666666666666667,20260911301
coinc_plain_41,all,180,2.4971279904089343,2.402909989374086,4.290266261726373,4.883219842787727,0.16111111111111112,0.3527777777777778,20260911301
coinc_plain_42,weak,60,3.431691262035509,3.3730178063649205,4.768461524053394,5.0982337743101604,0.008333333333333333,0.65,20260911301
coinc_plain_42,medium,60,2.64672949214528,2.5786364197489013,3.8666731856913725,4.1384993094337466,0.041666666666666664,0.3333333333333333,20260911301
coinc_plain_42,strong,60,1.27003451648916,1.0853196425343885,2.3246877539446924,2.7202230018170503,0.4583333333333333,0.025,20260911301
coinc_plain_42,strong_circle,30,1.1648578704853818,1.0412987437904446,2.1400801857441127,2.3044334252912977,0.45,0.0,20260911301
coinc_plain_42,strong_ellipse,30,1.3752111624929377,1.1682676787638315,2.726194203837019,2.967172467140943,0.4666666666666667,0.05,20260911301
coinc_plain_42,all,180,2.449485090223316,2.4068125407403436,4.195951161745894,4.707963543645879,0.16944444444444445,0.33611111111111114,20260911301
coinc_plain_43,weak,60,3.3647357682971792,3.408787371945235,4.774257096130417,5.273881948265884,0.016666666666666666,0.6416666666666667,20260911301
coinc_plain_43,medium,60,2.6816497519815927,2.6204941202532375,3.9792666537139687,4.459170315624527,0.058333333333333334,0.3416666666666667,20260911301
coinc_plain_43,strong,60,1.1895334388222618,1.0545032624363644,2.024928419354466,2.193581920559786,0.44166666666666665,0.016666666666666666,20260911301
coinc_plain_43,strong_circle,30,1.022808802236361,0.9840644403464869,1.9222074284546458,2.036532270579778,0.5333333333333333,0.0,20260911301
coinc_plain_43,strong_ellipse,30,1.3562580754081626,1.3524926747795472,2.116183951616495,2.2291045113950787,0.35,0.03333333333333333,20260911301
coinc_plain_43,all,180,2.4119729863670116,2.3375238338242306,4.172138976769516,4.7352481926736605,0.17222222222222222,0.3333333333333333,20260911301
coinc_plain,weak,60,3.393722298610262,3.3896209371389725,4.777999978133012,5.202458873007594,0.0,0.675,20260911301
coinc_plain,medium,60,2.6596645406811317,2.5824461850639757,3.9244261953162685,4.234414376127448,0.05,0.3416666666666667,20260911301
coinc_plain,strong,60,1.1496661677300475,1.032203139117697,2.0958436046132523,2.344082776621639,0.48333333333333334,0.016666666666666666,20260911301
coinc_plain,strong_circle,30,0.996720843586909,0.9014791130833999,1.7049890753470478,1.9383806938610841,0.5666666666666667,0.0,20260911301
coinc_plain,strong_ellipse,30,1.3026114918731864,1.2002288768402454,2.262654833368581,2.6339027531425394,0.4,0.03333333333333333,20260911301
coinc_plain,all,180,2.401017669007147,2.327208189051817,4.1416531474742815,4.709558894568642,0.17777777777777778,0.34444444444444444,20260911301
coinc_joint_41,weak,60,3.501316296479742,3.5163959159053784,5.108714805589979,5.843143671378099,0.0,0.6416666666666667,20260911301
coinc_joint_41,medium,60,2.7573138506995227,2.6666812354024856,4.099034805930345,4.695756091622168,0.05,0.39166666666666666,20260911301
coinc_joint_41,strong,60,1.2792474616000047,1.1584172366442629,2.2844896557269254,2.5280810513810015,0.4,0.025,20260911301
coinc_joint_41,strong_circle,30,1.1678036320316598,1.1255159583174312,1.847417031768398,2.269402605399059,0.4166666666666667,0.0,20260911301
coinc_joint_41,strong_ellipse,30,1.3906912911683493,1.3556951129057906,2.46516219741789,2.9095941912296754,0.38333333333333336,0.05,20260911301
coinc_joint_41,all,180,2.51262586959309,2.4314150604318567,4.31383239105565,4.962845526601389,0.15,0.3527777777777778,20260911301
coinc_joint_42,weak,60,3.4285075356085364,3.4011892752141626,4.7193366037868065,5.212968237101665,0.008333333333333333,0.6666666666666666,20260911301
coinc_joint_42,medium,60,2.65152395718257,2.5755298568776746,3.8353938709692685,4.029672529786799,0.041666666666666664,0.3333333333333333,20260911301
coinc_joint_42,strong,60,1.2355830325058044,1.070608629475938,2.246811976370751,2.6166001455536705,0.45,0.025,20260911301
coinc_joint_42,strong_circle,30,1.1080905496583744,0.9947240748395991,2.0796256780501983,2.1726911701928766,0.5,0.0,20260911301
coinc_joint_42,strong_ellipse,30,1.3630755153532343,1.1397327043651289,2.6194964475146847,2.9183230128554034,0.4,0.05,20260911301
coinc_joint_42,all,180,2.4385381750989703,2.3602011268431773,4.191770143572494,4.669059610326911,0.16666666666666666,0.3416666666666667,20260911301
coinc_joint_43,weak,60,3.3908631688401654,3.4348022595339556,4.708312917799337,4.948795585587282,0.008333333333333333,0.6416666666666667,20260911301
coinc_joint_43,medium,60,2.669606156905556,2.562946595506264,3.8130451820757267,4.529762674247159,0.025,0.31666666666666665,20260911301
coinc_joint_43,strong,60,1.1430240721251275,1.0345107115749412,1.972443125690089,2.3061046177464384,0.4666666666666667,0.025,20260911301
coinc_joint_43,strong_circle,30,0.9236823022300409,0.9080768798711216,1.5960958272303378,1.7830564817528518,0.6166666666666667,0.0,20260911301
coinc_joint_43,strong_ellipse,30,1.3623658420202145,1.1643782441264672,2.1766748221458263,2.997162283753405,0.31666666666666665,0.05,20260911301
coinc_joint_43,all,180,2.4011644659569495,2.333191914925421,4.218579866810466,4.641168810390199,0.16666666666666666,0.3277777777777778,20260911301
coinc_joint,weak,60,3.3954681487887233,3.291210818745313,4.737145706443873,5.042947395522395,0.0,0.675,20260911301
coinc_joint,medium,60,2.6494706056982014,2.558873214988587,3.725721711205167,4.215810015498071,0.041666666666666664,0.36666666666666664,20260911301
coinc_joint,strong,60,1.1079049189504346,0.9405427538320984,2.0427953222006496,2.323819658174118,0.5416666666666666,0.016666666666666666,20260911301
coinc_joint,strong_circle,30,0.9328770857957802,0.8580886107786341,1.5528702040151465,1.932615507732351,0.6333333333333333,0.0,20260911301
coinc_joint,strong_ellipse,30,1.2829327521050888,1.146228923747089,2.324086000810416,2.7854198821343195,0.45,0.03333333333333333,20260911301
coinc_joint,all,180,2.38428122447912,2.319259461891826,4.049882844417704,4.665401762572322,0.19444444444444445,0.3527777777777778,20260911301
coinc_aux_41,weak,60,3.4214641892411577,3.4297454742166646,4.711225268531658,5.285929203817632,0.0,0.6916666666666667,20260911301
coinc_aux_41,medium,60,2.706828470101458,2.720111521733949,4.086114868732517,4.406384563241201,0.06666666666666667,0.38333333333333336,20260911301
coinc_aux_41,strong,60,1.22209103024964,1.108723026630126,2.0673536740003384,2.470085334016196,0.45,0.016666666666666666,20260911301
coinc_aux_41,strong_circle,30,1.0589439427721135,0.9775156561794789,1.6295515843043302,1.806398999102411,0.5166666666666667,0.0,20260911301
coinc_aux_41,strong_ellipse,30,1.3852381177271653,1.3373627060341446,2.454323070189088,2.7450606937319098,0.38333333333333336,0.03333333333333333,20260911301
coinc_aux_41,all,180,2.450127896530752,2.4093945153997933,4.23289525747641,4.527931800732568,0.17222222222222222,0.3638888888888889,20260911301
coinc_aux_42,weak,60,3.4382890110163236,3.395576627595042,4.815143919422235,5.1755212758225175,0.008333333333333333,0.65,20260911301
coinc_aux_42,medium,60,2.6467889669267057,2.538484218317336,3.781802648732956,4.025022282113984,0.041666666666666664,0.3416666666666667,20260911301
coinc_aux_42,strong,60,1.2989352709983468,1.1085610758625675,2.379465990197608,2.7729638942263297,0.43333333333333335,0.025,20260911301
coinc_aux_42,strong_circle,30,1.134581248712555,1.0517992710371398,1.8530124810894308,2.1013429469747913,0.45,0.0,20260911301
coinc_aux_42,strong_ellipse,30,1.4632892932841386,1.3503413717939168,2.724697306688068,2.9773086197325775,0.4166666666666667,0.05,20260911301
coinc_aux_42,all,180,2.4613377496471256,2.386184285093851,4.232445199290559,4.6692301762773445,0.16111111111111112,0.3388888888888889,20260911301
coinc_aux_43,weak,60,3.3607002388077283,3.3967533213977625,4.6265805316055015,5.110984640183026,0.008333333333333333,0.65,20260911301
coinc_aux_43,medium,60,2.6730506445244298,2.622410380076998,3.885091232392919,4.4266807634531045,0.041666666666666664,0.3416666666666667,20260911301
coinc_aux_43,strong,60,1.3045208059257722,1.2549379316376594,2.1731493936586923,2.459949506370487,0.35,0.016666666666666666,20260911301
coinc_aux_43,strong_circle,30,1.182057643569563,1.194989476949572,2.1731493936586914,2.435063592463312,0.43333333333333335,0.0,20260911301
coinc_aux_43,strong_ellipse,30,1.4269839682819814,1.3739191846448247,2.108970258055177,2.459949506370487,0.26666666666666666,0.03333333333333333,20260911301
coinc_aux_43,all,180,2.446090563085977,2.363915676761718,4.283269001573956,4.58029479855806,0.13333333333333333,0.33611111111111114,20260911301
coinc_aux,weak,60,3.3830907093296236,3.3587205708863097,4.729890578736896,5.012018441239814,0.0,0.7,20260911301
coinc_aux,medium,60,2.6490335462519,2.6009893699946103,3.872146644355992,4.093909568610213,0.041666666666666664,0.3416666666666667,20260911301
coinc_aux,strong,60,1.1672243338801214,1.0424739786290993,2.046570232891472,2.213157078949623,0.475,0.016666666666666666,20260911301
coinc_aux,strong_circle,30,1.0016640581465843,0.9508439968634348,1.6354251865032998,1.916462991877644,0.6,0.0,20260911301
coinc_aux,strong_ellipse,30,1.3327846096136582,1.2785801862593023,2.134914256322749,2.6864380550455587,0.35,0.03333333333333333,20260911301
coinc_aux,all,180,2.399782863153882,2.3252035479913005,4.029780813829271,4.599442843501933,0.17222222222222222,0.3527777777777778,20260911301
forward_inverse,weak,60,3.350251000833026,3.5226663305855697,4.402357255846925,4.599578379586361,0.0,0.7166666666666667,20260911301
forward_inverse,medium,60,3.215753492865675,3.409960258923813,4.255987123557529,4.3623417105083035,0.05,0.7083333333333334,20260911301
forward_inverse,strong,60,2.5596025182432363,2.748577342249755,3.9651720611233903,4.1995572193245865,0.09166666666666666,0.35833333333333334,20260911301
forward_inverse,strong_circle,30,2.3923069670995454,2.505658374546848,3.65361797760824,3.9799217934118403,0.1,0.26666666666666666,20260911301
forward_inverse,strong_ellipse,30,2.726898069386927,2.8339994921771203,4.142200620730671,4.329472618977669,0.08333333333333333,0.45,20260911301
forward_inverse,all,180,3.0418690039806457,3.211639409681029,4.196908480994226,4.439597170617815,0.04722222222222222,0.5944444444444444,20260911301
template_inverse,weak,60,3.39310112564045,3.331290043811882,4.956466947663985,5.50100274293776,0.025,0.6583333333333333,20260911301
template_inverse,medium,60,2.117468474669328,1.8341041765580681,3.9630629476280093,4.206290429575027,0.20833333333333334,0.25,20260911301
template_inverse,strong,60,1.2262842242963934,1.0983487215395424,2.321872839397138,2.4873914976193343,0.39166666666666666,0.016666666666666666,20260911301
template_inverse,strong_circle,30,1.0718804833912599,1.0172398036491717,1.8903316318262637,2.4873914976193343,0.4666666666666667,0.0,20260911301
template_inverse,strong_ellipse,30,1.380687965201527,1.2456815359210593,2.406203399737162,2.433860778172744,0.31666666666666665,0.03333333333333333,20260911301
template_inverse,all,180,2.2456179415353907,1.8822423449993644,4.180550576973979,4.777460818217176,0.20833333333333334,0.30833333333333335,20260911301
Prior,weak,60,3.367569732783489,3.4425114130881393,4.360353988324332,4.594190277814575,0.0,0.7333333333333333,20260911301
Prior,medium,60,3.2285913606420196,3.4115542010103175,4.2569342542465005,4.3909860289639004,0.05,0.75,20260911301
Prior,strong,60,3.1398660104175424,3.1031222625395785,4.244194554861825,4.413088498773269,0.03333333333333333,0.6333333333333333,20260911301
Prior,strong_circle,30,3.06836834439259,3.1321089314568686,4.05328429011066,4.319865421206778,0.03333333333333333,0.6333333333333333,20260911301
Prior,strong_ellipse,30,3.211363676442494,3.09429205515291,4.373593826005481,4.538156157374038,0.03333333333333333,0.6333333333333333,20260911301
Prior,all,180,3.245342367947684,3.3322564845804497,4.270680995300714,4.4426492787896725,0.027777777777777776,0.7055555555555556,20260911301
Adapted_REI,weak,60,3.3627839065472953,3.3835013482233918,4.4918786830085935,4.857845432642504,0.008333333333333333,0.675,20260911301
Adapted_REI,medium,60,3.0537293785753277,3.1519522038550543,4.066112715593919,4.347098640982166,0.041666666666666664,0.5833333333333334,20260911301
Adapted_REI,strong,60,1.7282096954317814,1.642658973746535,2.9204929801183863,3.1876534752328447,0.175,0.09166666666666666,20260911301
Adapted_REI,strong_circle,30,1.5343833021101354,1.453014596565976,2.398169723315019,2.9995164662732194,0.2,0.05,20260911301
Adapted_REI,strong_ellipse,30,1.9220360887534271,1.8152489215481076,3.1534408104919436,3.4262052376331864,0.15,0.13333333333333333,20260911301
Adapted_REI,all,180,2.7149076601848012,2.818369722370332,4.144121824536017,4.415326389470064,0.075,0.45,20260911301
