model,strength_band,event_status,events,post_impact_ms_mean,mean_mm,median_mm,p90_mm,p95_mm,within_1mm,over_3mm
window512__SVR,0,not_started,91,0.0,3.336768576592384,3.3876672897191495,4.722901721204375,4.959954202188051,0.02197802197802198,0.6043956043956044
window512__SVR,0,started,269,0.24332802000865086,3.2859616840077006,3.412982480472289,4.4776978129381595,4.826192658088063,0.020446096654275093,0.6431226765799256
window512__SVR,1,not_started,75,0.0,3.1420011953016282,3.263416854411614,4.143446567498379,4.353354672676272,0.04,0.6466666666666666
window512__SVR,1,started,285,0.23287511888291695,3.2826988417595464,3.4068745100186426,4.570739148520669,4.77305241098294,0.02982456140350877,0.6631578947368421
window512__SVR,2,not_started,88,0.0,3.172099635908042,3.150487246658761,4.413923344290567,5.0710842592627845,0.011363636363636364,0.5625
window512__SVR,2,started,272,0.23530750263808156,2.5518675640046062,2.6288126504807,4.103545958630264,4.652601655299938,0.14522058823529413,0.3915441176470588
window1024__SVR,0,started,360,0.6771827213694986,3.35073926576454,3.360490191666245,4.854613852640757,5.280702061132737,0.03194444444444444,0.6305555555555555
window1024__SVR,1,started,360,0.6815579979003933,2.9825405714773567,3.0249647253845766,4.453256498184505,4.76544518503732,0.05416666666666667,0.5055555555555555
window1024__SVR,2,started,360,0.6729493929669992,1.4421501808368804,1.1602940720818973,3.019904814664049,3.577350207240746,0.42777777777777776,0.10416666666666667
full__SVR,0,started,360,1.7011827213694983,3.289037329183569,3.3474727559002186,4.795173823804079,5.132541780246683,0.03888888888888889,0.6055555555555555
full__SVR,1,started,360,1.7055579979003934,2.6321911344159328,2.6505646932891436,4.247339655844611,4.585345043842269,0.10555555555555556,0.39166666666666666
full__SVR,2,started,360,1.6969493929669992,0.9724765121024458,0.8220075590062175,1.8532645554731018,2.3878860096044248,0.6125,0.022222222222222223
