model,group,events,mean_mm,median_mm,p90_mm,p95_mm,within_1mm,over_3mm,test_block
8_relative_ET,weak,60,3.224257097587237,3.3921053096394553,4.279764286650617,4.4035068495364,0.016666666666666666,0.675,0
8_relative_ET,medium,60,2.65733845944189,2.7667056839996196,4.069273846340052,4.256068693541639,0.058333333333333334,0.39166666666666666,0
8_relative_ET,strong,60,0.9592238995620014,0.7933203162294028,1.734709635780394,2.3647086016718677,0.65,0.016666666666666666,0
8_relative_ET,strong_circle,30,0.7290807085566507,0.581541480602686,1.3566937273190878,1.690130332578063,0.8333333333333334,0.016666666666666666,0
8_relative_ET,strong_ellipse,30,1.1893670905673521,1.0379307991541076,2.1146232663618676,2.6374799053898,0.4666666666666667,0.016666666666666666,0
8_relative_ET,all,180,2.2802731521970427,2.2957024458792947,4.058343739255761,4.2793652077761966,0.24166666666666667,0.3611111111111111,0
8_relative_Ridge,weak,60,3.231923779672539,3.3232805543964377,4.543630911318395,4.729561653934417,0.025,0.65,0
8_relative_Ridge,medium,60,2.465762731278906,2.4291517684941155,3.912080264380181,4.164471116533431,0.09166666666666666,0.325,0
8_relative_Ridge,strong,60,1.073372024045556,0.9920862963003367,1.9265251203017613,2.3782795063860327,0.5,0.016666666666666666,0
8_relative_Ridge,strong_circle,30,0.9198614489434337,0.7221527777833646,1.7957271385565812,1.8796881195082433,0.5833333333333334,0.016666666666666666,0
8_relative_Ridge,strong_ellipse,30,1.2268825991476777,1.1785686642058635,2.152302127722134,2.3838694418073625,0.4166666666666667,0.016666666666666666,0
8_relative_Ridge,all,180,2.257019511665667,2.25258076512583,4.0228923101446386,4.4249266347375045,0.20555555555555555,0.33055555555555555,0
4_relative_SVR1,weak,60,3.1850802766632094,3.385511705852929,4.73001482016592,5.002657096070418,0.041666666666666664,0.625,0
4_relative_SVR1,medium,60,2.373595301993824,2.3588864932271205,3.944523218712301,4.393193185484326,0.14166666666666666,0.2916666666666667,0
4_relative_SVR1,strong,60,0.8045210114122736,0.7152470860989883,1.496706212674422,1.8483607773687225,0.725,0.008333333333333333,0
4_relative_SVR1,strong_circle,30,0.5976018067046921,0.4825910308529004,1.228693700060517,1.4046685093461746,0.8166666666666667,0.0,0
4_relative_SVR1,strong_ellipse,30,1.0114402161198552,0.8496528439947655,1.79666129250529,2.325378704671412,0.6333333333333333,0.016666666666666666,0
4_relative_SVR1,all,180,2.121065530023102,1.9352754826594616,3.954970771720507,4.572569838538778,0.30277777777777776,0.30833333333333335,0
4_relative_ET,weak,60,3.191659383463832,3.391708086201916,4.308951270492518,4.47320359898101,0.016666666666666666,0.6833333333333333,0
4_relative_ET,medium,60,2.722460878667437,2.8184335049720173,4.1507463004624,4.294080928130701,0.075,0.44166666666666665,0
4_relative_ET,strong,60,1.0079258199227215,0.846321342917475,2.05341207875567,2.5789107415329364,0.625,0.041666666666666664,0
4_relative_ET,strong_circle,30,0.8130491037991431,0.6925460073740266,1.632572768578519,2.2156950650595335,0.7833333333333333,0.016666666666666666,0
4_relative_ET,strong_ellipse,30,1.2028025360463002,1.03798615949343,2.1327346723683203,3.0187684713818066,0.4666666666666667,0.06666666666666667,0
4_relative_ET,all,180,2.307348694017997,2.3216677208978385,3.9767506790911242,4.3082634288709585,0.2388888888888889,0.3888888888888889,0
4_full_Ridge,weak,60,3.1887021670006135,3.2217809144283267,4.3566631471265165,4.676675010845778,0.041666666666666664,0.6333333333333333,0
4_full_Ridge,medium,60,2.5326847762122484,2.5653910919656995,4.048191064356911,4.426646252806853,0.11666666666666667,0.35,0
4_full_Ridge,strong,60,0.9622908805197141,0.7905715480466388,1.748742296958685,2.2288453879994545,0.6666666666666666,0.016666666666666666,0
4_full_Ridge,strong_circle,30,0.8435931371278919,0.6350341233638357,1.584712855153148,2.0783813008365595,0.75,0.016666666666666666,0
4_full_Ridge,strong_ellipse,30,1.0809886239115365,0.9070092966475398,1.8606788437539274,2.2288453879994545,0.5833333333333334,0.016666666666666666,0
4_full_Ridge,all,180,2.2278926079108587,2.2331711036928974,4.044235611552268,4.394887630522743,0.275,0.3333333333333333,0
2_relative_SVR10,weak,60,3.1764844267180496,3.130225085964188,4.634922309421704,4.885837367635005,0.008333333333333333,0.5666666666666667,0
2_relative_SVR10,medium,60,2.648787985831956,2.636906765397794,4.351688348975671,4.761175610488901,0.09166666666666666,0.375,0
2_relative_SVR10,strong,60,0.9232875954001135,0.6728049640131766,2.0615858128226225,2.436437295404863,0.6583333333333333,0.016666666666666666,0
2_relative_SVR10,strong_circle,30,0.7564918492903363,0.47543758281081505,1.8280163939622893,2.436437295404863,0.7666666666666667,0.03333333333333333,0
2_relative_SVR10,strong_ellipse,30,1.0900833415098907,0.87727231813324,2.2033536079043774,2.3842303064852692,0.55,0.0,0
2_relative_SVR10,all,180,2.2495200026500393,2.195058103395865,4.281449902569828,4.700005884559635,0.25277777777777777,0.3194444444444444,0
4_full_ET,weak,60,3.1942340448826085,3.394992634395241,4.1437614242227605,4.37857957934903,0.03333333333333333,0.675,0
4_full_ET,medium,60,2.70354852572563,2.779756306471905,4.107534434671758,4.296889433118531,0.06666666666666667,0.43333333333333335,0
4_full_ET,strong,60,1.0326709662799334,0.855573528594846,2.109427950915777,2.7606677295456534,0.6166666666666667,0.041666666666666664,0
4_full_ET,strong_circle,30,0.8289597504905092,0.7435377940841158,1.5756912135838061,2.164544139380685,0.7666666666666667,0.016666666666666666,0
4_full_ET,strong_ellipse,30,1.236382182069358,1.0663797321566046,2.1548815225908644,3.1762472085720836,0.4666666666666667,0.06666666666666667,0
4_full_ET,all,180,2.3101511789627245,2.303939173968143,3.987767196315456,4.267100749859371,0.2388888888888889,0.38333333333333336,0
4_relative_SVR10,weak,60,3.1920259474973194,3.40955219811573,4.685330152040673,4.913115931793201,0.058333333333333334,0.6166666666666667,0
4_relative_SVR10,medium,60,2.4946150831225307,2.4133496609660865,4.06864032615206,4.500639290171174,0.11666666666666667,0.325,0
4_relative_SVR10,strong,60,0.8660097257783396,0.6530212191126333,1.7304132274206059,2.09504623138539,0.675,0.016666666666666666,0
4_relative_SVR10,strong_circle,30,0.6442344495719308,0.4631053195650141,1.527282760883008,2.0204139091335076,0.85,0.016666666666666666,0
4_relative_SVR10,strong_ellipse,30,1.0877850019847484,1.0021216748278086,1.8039061914044399,2.401748881921113,0.5,0.016666666666666666,0
4_relative_SVR10,all,180,2.1842169187993963,2.1102012135122115,4.019086217769048,4.5461657962289586,0.2833333333333333,0.3194444444444444,0
8_full_ET,weak,60,3.2242487899543164,3.4335050348425455,4.2695293857167655,4.489532782996243,0.016666666666666666,0.6833333333333333,0
8_full_ET,medium,60,2.658372002826332,2.831783635126257,4.061518800719477,4.261074109608186,0.06666666666666667,0.4166666666666667,0
8_full_ET,strong,60,0.983608023178368,0.8252990737752839,1.7090531440510932,2.3349321859894854,0.6,0.016666666666666666,0
8_full_ET,strong_circle,30,0.7476137952840116,0.6613551299771943,1.3463392235460754,1.7097343772689972,0.8,0.016666666666666666,0
8_full_ET,strong_ellipse,30,1.2196022510727247,1.116897196673976,2.2231775027381393,2.548958105073349,0.4,0.016666666666666666,0
8_full_ET,all,180,2.2887429386530056,2.316427175227404,4.041995437679662,4.269472616439506,0.22777777777777777,0.37222222222222223,0
4_full_SVR10,weak,60,3.177560052553947,3.234937712112806,4.437471439626315,4.934246945239098,0.041666666666666664,0.6,0
4_full_SVR10,medium,60,2.493527475314023,2.4429207305418608,4.069566538598838,4.462869257576323,0.125,0.325,0
4_full_SVR10,strong,60,0.9274884890543961,0.7392863422428602,1.7819659993393269,2.1167388833157093,0.6166666666666667,0.008333333333333333,0
4_full_SVR10,strong_circle,30,0.7729394139971996,0.6511556182471814,1.465624581982595,1.956927702931018,0.7666666666666667,0.0,0
4_full_SVR10,strong_ellipse,30,1.082037564111593,1.0413941853754742,1.8889071149335865,2.1167388833157093,0.4666666666666667,0.016666666666666666,0
4_full_SVR10,all,180,2.199525338974122,2.112994482230828,4.048976189135237,4.462869257576325,0.2611111111111111,0.3111111111111111,0
4_relative_Ridge,weak,60,3.1941737236148335,3.322627443363667,4.347478440788687,4.509929228019724,0.016666666666666666,0.6333333333333333,0
4_relative_Ridge,medium,60,2.5569034208870836,2.6719065532243356,4.020618640984537,4.414208993265904,0.075,0.3333333333333333,0
4_relative_Ridge,strong,60,1.0021549447149787,0.8321163006508969,1.8497455687016506,2.384057438441059,0.6,0.016666666666666666,0
4_relative_Ridge,strong_circle,30,0.832045978097615,0.6024266045334947,1.7745574253832463,2.06180919581379,0.7333333333333333,0.016666666666666666,0
4_relative_Ridge,strong_ellipse,30,1.172263911332343,1.0564855530751922,2.0900264095221175,2.392074045746608,0.4666666666666667,0.016666666666666666,0
4_relative_Ridge,all,180,2.251077363072299,2.3052099338866,4.014725939849229,4.376203720152237,0.23055555555555557,0.3277777777777778,0
2_full_SVR1,weak,60,3.1274208050793892,3.049647887358288,4.471883390007307,4.908754029180652,0.016666666666666666,0.5333333333333333,0
2_full_SVR1,medium,60,2.6144779829556937,2.544056472919566,4.5541673965535026,4.930710261089628,0.11666666666666667,0.375,0
2_full_SVR1,strong,60,1.0948765312982436,0.9025248758972768,2.033273866709709,2.5551385712258416,0.55,0.016666666666666666,0
2_full_SVR1,strong_circle,30,0.9036405519087517,0.708501788982389,1.877346871314036,2.315169080708246,0.7166666666666667,0.0,0
2_full_SVR1,strong_ellipse,30,1.2861125106877351,1.1603943906972343,2.0457597911576424,2.5665706437275717,0.38333333333333336,0.03333333333333333,0
2_full_SVR1,all,180,2.2789251064444422,2.215544888236934,4.266429007550266,4.741602439136832,0.22777777777777777,0.30833333333333335,0
8_full_Ridge,weak,60,3.2299300309621297,3.267439843330801,4.627225741001048,4.767125589290877,0.025,0.6583333333333333,0
8_full_Ridge,medium,60,2.404458079644489,2.4087543295072464,3.967692739074319,4.171641326459901,0.125,0.325,0
8_full_Ridge,strong,60,0.9960881159415287,0.8814200164676848,1.66385827002655,2.1426735270696535,0.5583333333333333,0.016666666666666666,0
8_full_Ridge,strong_circle,30,0.8897975356134075,0.7359010906875534,1.6206309134972414,1.9214445193025513,0.6666666666666666,0.016666666666666666,0
8_full_Ridge,strong_ellipse,30,1.1023786962696496,1.0985304568817167,1.6771897644563392,2.1426735270696535,0.45,0.016666666666666666,0
8_full_Ridge,all,180,2.210158742182716,2.148478580249238,4.031908286901722,4.528042744472811,0.2361111111111111,0.3333333333333333,0
8_full_SVR10,weak,60,3.2144367345944365,3.261929482050723,4.621326528888439,4.927964858681715,0.05,0.6333333333333333,0
8_full_SVR10,medium,60,2.3768302746632273,2.3361253411594527,3.9936966643547636,4.1144728503574886,0.13333333333333333,0.31666666666666665,0
8_full_SVR10,strong,60,0.9351081111829865,0.7818410724065239,1.7187528487177413,2.3164194193112895,0.65,0.008333333333333333,0
8_full_SVR10,strong_circle,30,0.7524134267630765,0.6565898111984747,1.3028131852813647,1.740252105250913,0.8,0.0,0
8_full_SVR10,strong_ellipse,30,1.1178027956028964,0.9979089343986098,1.853979231056607,2.3205212506232056,0.5,0.016666666666666666,0
8_full_SVR10,all,180,2.175458373480217,2.0031624027338926,4.049378663304748,4.498664498598277,0.2777777777777778,0.3194444444444444,0
2_relative_Ridge,weak,60,3.1851199008252356,3.297878149460862,4.3434541256622605,4.539023356298839,0.008333333333333333,0.6083333333333333,0
2_relative_Ridge,medium,60,2.7111508203642996,2.846365037962499,4.036859655809855,4.481309041029422,0.058333333333333334,0.425,0
2_relative_Ridge,strong,60,1.0465824353928277,0.8734183973362774,2.2280873694749603,2.583466732126039,0.6083333333333333,0.016666666666666666,0
2_relative_Ridge,strong_circle,30,0.9025228918866743,0.6484603876531139,2.147820906794799,2.494687162646182,0.7166666666666667,0.016666666666666666,0
2_relative_Ridge,strong_ellipse,30,1.190641978898981,0.956564202585301,2.244053035365658,2.5888106140174014,0.5,0.016666666666666666,0
2_relative_Ridge,all,180,2.3142843855274546,2.3914328927487896,4.04208570946974,4.393193769640788,0.225,0.35,0
8_relative_SVR1,weak,60,3.211787224831835,3.4157544875279027,4.669265984610975,5.018797318175818,0.041666666666666664,0.6166666666666667,0
8_relative_SVR1,medium,60,2.183709490422321,2.1842851044015914,3.8122843050846345,3.950457713721227,0.21666666666666667,0.25,0
8_relative_SVR1,strong,60,0.8180266133683137,0.7397619774701575,1.463034659246592,1.792315128759979,0.7083333333333334,0.008333333333333333,0
8_relative_SVR1,strong_circle,30,0.5892461771740166,0.4868833911990893,0.9695716047455889,1.1811400915259824,0.9,0.0,0
8_relative_SVR1,strong_ellipse,30,1.046807049562611,0.9504123073629096,1.7088311748668308,2.424758549118146,0.5166666666666667,0.016666666666666666,0
8_relative_SVR1,all,180,2.0711744428741565,1.8191495906386357,3.9603696235982184,4.458100038449661,0.32222222222222224,0.2916666666666667,0
2_full_Ridge,weak,60,3.172494313484535,3.2392478890451706,4.303210868500396,4.421565672288775,0.016666666666666666,0.6,0
2_full_Ridge,medium,60,2.729222738485301,2.897129692842235,4.26360948883557,4.628064316852467,0.075,0.45,0
2_full_Ridge,strong,60,1.120519225277518,0.8915671293658418,2.373171058783616,2.5884068886859355,0.575,0.03333333333333333,0
2_full_Ridge,strong_circle,30,0.9746641864452539,0.7210329689221413,2.3622446967857043,2.5682885941398257,0.6666666666666666,0.03333333333333333,0
2_full_Ridge,strong_ellipse,30,1.2663742641097822,1.1125302590015627,2.447098412470754,2.7381581497268233,0.48333333333333334,0.03333333333333333,0
2_full_Ridge,all,180,2.3407454257491183,2.3771755889997315,4.069835439354784,4.331047846438672,0.2222222222222222,0.3611111111111111,0
8_full_SVR1,weak,60,3.1753507774557503,3.322699839414204,4.6664093106174915,4.919534989980273,0.058333333333333334,0.6166666666666667,0
8_full_SVR1,medium,60,2.252872505846961,2.1344976997822913,3.981849941441417,4.150441962716017,0.18333333333333332,0.2833333333333333,0
8_full_SVR1,strong,60,0.9447004825503577,0.8475086316788454,1.808575467638571,2.1443564090395917,0.6333333333333333,0.008333333333333333,0
8_full_SVR1,strong_circle,30,0.7161142742098179,0.7637378193390096,1.295597303054303,1.5734953608761593,0.7666666666666667,0.0,0
8_full_SVR1,strong_ellipse,30,1.1732866908908972,0.9907323763794842,2.1372670396048954,2.603172266383535,0.5,0.016666666666666666,0
8_full_SVR1,all,180,2.124307921951023,1.9457139788490596,4.0097141776430325,4.440259921483041,0.2916666666666667,0.30277777777777776,0
4_full_SVR1,weak,60,3.1562765264932175,3.249798042826985,4.442615434651011,4.852228036079375,0.03333333333333333,0.5833333333333334,0
4_full_SVR1,medium,60,2.4010281086777847,2.38253171710761,3.993559393866646,4.310280602813749,0.14166666666666666,0.3,0
4_full_SVR1,strong,60,0.9596642177895411,0.8255451761358577,1.8177472320740982,2.102497396198136,0.6083333333333333,0.025,0
4_full_SVR1,strong_circle,30,0.7599743798387986,0.6699782078344303,1.6255039550795565,1.7931676526660862,0.7166666666666667,0.0,0
4_full_SVR1,strong_ellipse,30,1.1593540557402835,0.9916702763462459,2.0244015991957576,2.2519864698748315,0.5,0.05,0
4_full_SVR1,all,180,2.1723229509868482,2.0462453340778186,4.117478550929784,4.416131031403676,0.2611111111111111,0.30277777777777776,0
2_full_ET,weak,60,3.213395687048484,3.404312778280551,4.256201232083997,4.4461222288981705,0.025,0.625,0
2_full_ET,medium,60,2.865106361862216,2.91593332319535,4.278544546817376,4.553616308762857,0.06666666666666667,0.48333333333333334,0
2_full_ET,strong,60,1.1454484855249087,0.8701134987965663,2.447267942518668,2.806412742458077,0.575,0.03333333333333333,0
2_full_ET,strong_circle,30,0.9823551078179823,0.7485529424521158,2.0816518943421998,2.593726202859287,0.6666666666666666,0.016666666666666666,0
2_full_ET,strong_ellipse,30,1.3085418632318353,1.0829677188527138,2.543190412619355,2.8155535033867864,0.48333333333333334,0.05,0
2_full_ET,all,180,2.4079835114785366,2.5477714132629226,4.068621849690012,4.328520040091738,0.2222222222222222,0.38055555555555554,0
8_relative_SVR10,weak,60,3.2381570463733413,3.289829144526713,4.665305619075559,5.0333786411389845,0.058333333333333334,0.6583333333333333,0
8_relative_SVR10,medium,60,2.3856042965167186,2.3466262245468457,3.913690342575928,4.316392958487927,0.11666666666666667,0.30833333333333335,0
8_relative_SVR10,strong,60,0.9351064079453935,0.7705193007662572,1.652444848815956,2.3795118577719254,0.6666666666666666,0.03333333333333333,0
8_relative_SVR10,strong_circle,30,0.685989300270272,0.5262029357813478,1.2681266314958177,1.6164848534463372,0.8666666666666667,0.016666666666666666,0
8_relative_SVR10,strong_ellipse,30,1.184223515620515,1.04168358449383,1.8708736215631032,2.630542639037446,0.4666666666666667,0.05,0
8_relative_SVR10,all,180,2.1862892502784845,1.9911513605498583,4.025670460438897,4.612637325197815,0.28055555555555556,0.3333333333333333,0
2_full_SVR10,weak,60,3.155573174933097,3.081670103406521,4.396187274773837,4.911503380978431,0.016666666666666666,0.5583333333333333,0
2_full_SVR10,medium,60,2.658625678533699,2.639624944617166,4.579117880011014,4.8321575598216375,0.09166666666666666,0.39166666666666666,0
2_full_SVR10,strong,60,0.992815075353371,0.7681938352804925,2.05116954431757,2.3572258658431378,0.6166666666666667,0.008333333333333333,0
2_full_SVR10,strong_circle,30,0.8493465980015711,0.6569289468605162,1.8597322498685551,2.345111558164396,0.7833333333333333,0.016666666666666666,0
2_full_SVR10,strong_ellipse,30,1.1362835527051705,1.0656134850098122,2.2498590339675633,2.3572258658431378,0.45,0.0,0
2_full_SVR10,all,180,2.2690046429400557,2.2846202397941497,4.259142428233441,4.7091757814779545,0.24166666666666667,0.3194444444444444,0
2_relative_ET,weak,60,3.2316653044614174,3.4253130477365166,4.297809567762228,4.482370222768851,0.016666666666666666,0.65,0
2_relative_ET,medium,60,2.8584051500344327,2.9827075539653065,4.3278604524348125,4.6410100149567945,0.06666666666666667,0.5,0
2_relative_ET,strong,60,1.1674426496530392,0.8980434688904303,2.3848119697358356,3.0530793865603334,0.5833333333333334,0.058333333333333334,0
2_relative_ET,strong_circle,30,1.0067132421793794,0.7812519456443519,2.353722848859975,2.8404852981095443,0.65,0.05,0
2_relative_ET,strong_ellipse,30,1.3281720571266986,0.9985744064147692,2.4860438551281687,3.0591507331189507,0.5166666666666667,0.06666666666666667,0
2_relative_ET,all,180,2.4191710347162965,2.543734242225953,4.06876209662214,4.422556605491556,0.2222222222222222,0.4027777777777778,0
2_relative_SVR1,weak,60,3.139786231552183,3.1000972923814873,4.606363455993684,5.1578398095564095,0.03333333333333333,0.55,0
2_relative_SVR1,medium,60,2.605998230158782,2.539469032528374,4.36389696717845,4.640967608969833,0.11666666666666667,0.36666666666666664,0
2_relative_SVR1,strong,60,0.879951009408726,0.6911795814898625,2.1008361144159045,2.182279565339981,0.7,0.0,0
2_relative_SVR1,strong_circle,30,0.7159272416010843,0.48835672091839266,1.440126480233758,2.1055063544443566,0.7833333333333333,0.0,0
2_relative_SVR1,strong_ellipse,30,1.0439747772163674,0.8228714131247377,2.135574022744604,2.183775003129229,0.6166666666666667,0.0,0
2_relative_SVR1,all,180,2.20857849037323,2.1453648486646673,4.226179431502186,4.626416102416628,0.2833333333333333,0.3055555555555556,0
2_REI,weak,60,3.2001170950276885,3.389346168199097,4.21412387306678,4.473607750938257,0.0,0.625,0
2_REI,medium,60,2.871555491123135,3.075657419115534,4.119801271603798,4.467755941927271,0.05,0.525,0
2_REI,strong,60,1.6322005591750905,1.600431095053475,2.730339995723101,3.0698042619519925,0.2,0.058333333333333334,0
2_REI,strong_circle,30,1.5700592491537704,1.5025397406089995,2.5807411796512243,2.8858634482702676,0.18333333333333332,0.05,0
2_REI,strong_ellipse,30,1.6943418691964107,1.6482603222456285,2.763252910035456,3.509428335692261,0.21666666666666667,0.06666666666666667,0
2_REI,all,180,2.567957715108638,2.5788789338115237,4.0596276587627775,4.280295677965516,0.08333333333333333,0.4027777777777778,0
4_REI,weak,60,3.2235628472840205,3.4531500432997717,4.300315107715086,4.576485698311106,0.041666666666666664,0.675,0
4_REI,medium,60,2.980848956298948,3.1195606373154035,4.102171165674352,4.477959187570122,0.03333333333333333,0.5583333333333333,0
4_REI,strong,60,1.8582333969753224,1.8552808843017865,2.8334957147670754,3.2038134515625756,0.14166666666666666,0.09166666666666666,0
4_REI,strong_circle,30,1.7743441336259413,1.8533422001399509,2.7972257647299994,3.2038134515625756,0.15,0.1,0
4_REI,strong_ellipse,30,1.9421226603247033,1.8552808843017865,2.833495714767075,3.1032861292881275,0.13333333333333333,0.08333333333333333,0
4_REI,all,180,2.6875484001860968,2.7761852093724624,4.061474901688163,4.40333225375304,0.07222222222222222,0.44166666666666665,0
8_REI,weak,60,3.3059074665413375,3.4813489842304106,4.347535969120646,4.611047839535251,0.016666666666666666,0.6916666666666667,0
8_REI,medium,60,3.0193061861411152,3.123371074559854,4.265079101860245,4.501588069836293,0.041666666666666664,0.5416666666666666,0
8_REI,strong,60,2.0782753109371286,2.045443697930046,3.1936907677628104,3.6980257536880057,0.10833333333333334,0.125,0
8_REI,strong_circle,30,1.963149180588296,2.0018810064867862,2.779387175257295,3.4882848804249544,0.1,0.06666666666666667,0
8_REI,strong_ellipse,30,2.1934014412859613,2.1481480627755944,3.4086727042164644,3.7794388065309086,0.11666666666666667,0.18333333333333332,0
8_REI,all,180,2.801162987873194,2.8408630305126614,4.226871633217455,4.419505782035437,0.05555555555555555,0.4527777777777778,0
8_relative_ET,weak,60,3.1777607221112514,3.325742947296063,4.362609038833365,4.7848056923103695,0.05,0.5916666666666667,1
8_relative_ET,medium,60,2.8328217924731667,2.8358245487240197,4.067495746727771,4.463963284115782,0.041666666666666664,0.4666666666666667,1
8_relative_ET,strong,60,0.9975839030342326,0.8162686744850985,1.7369141060358966,2.197990894579444,0.5583333333333333,0.03333333333333333,1
8_relative_ET,strong_circle,30,0.8792283871625504,0.7496091615903555,1.7369141060358961,2.006777224213129,0.65,0.016666666666666666,1
8_relative_ET,strong_ellipse,30,1.1159394189059146,1.0745595205811984,1.7300969589233013,2.75274908121508,0.4666666666666667,0.05,1
8_relative_ET,all,180,2.33605547253955,2.4701965029412127,4.093533091733135,4.389012767264683,0.21666666666666667,0.3638888888888889,1
8_relative_Ridge,weak,60,3.1940557193116255,3.187180419044023,4.3763550998696195,4.688338383407657,0.05,0.575,1
8_relative_Ridge,medium,60,2.6502722038776354,2.670474481662109,3.896459883086003,4.168938574526185,0.075,0.4,1
8_relative_Ridge,strong,60,1.2018738401351698,1.084021320751625,2.2065051273602148,2.4969765280434606,0.4583333333333333,0.016666666666666666,1
8_relative_Ridge,strong_circle,30,0.9782456798384257,0.8148512639734473,2.017828586014864,2.1958427000586407,0.5833333333333334,0.0,1
8_relative_Ridge,strong_ellipse,30,1.4255020004319132,1.4773503770766214,2.378774085278052,2.7895624628787634,0.3333333333333333,0.03333333333333333,1
8_relative_Ridge,all,180,2.3487339211081433,2.3808693744737806,4.0489135798478575,4.295179397173971,0.19444444444444445,0.33055555555555555,1
4_relative_SVR1,weak,60,3.328257122362808,3.4228633073388046,4.716671148826737,5.045892510945921,0.041666666666666664,0.6166666666666667,1
4_relative_SVR1,medium,60,2.488295867036439,2.4345236693445,4.069183301881025,4.325904390637599,0.075,0.30833333333333335,1
4_relative_SVR1,strong,60,0.8200977295687906,0.7421475242239168,1.4450804861876656,1.70779522942297,0.6583333333333333,0.0,1
4_relative_SVR1,strong_circle,30,0.5949457273045876,0.4978663368916961,1.1449159185867703,1.4438848113667713,0.8333333333333334,0.0,1
4_relative_SVR1,strong_ellipse,30,1.0452497318329936,1.0244449060788956,1.7085714387959006,1.8585900110107862,0.48333333333333334,0.0,1
4_relative_SVR1,all,180,2.212216906322679,2.1019674037040463,4.2715686897944565,4.649933894922852,0.25833333333333336,0.30833333333333335,1
4_relative_ET,weak,60,3.1775978417918345,3.3892128494407414,4.426208331721447,4.722466686353399,0.06666666666666667,0.5833333333333334,1
4_relative_ET,medium,60,2.8136387576523805,2.886604256967374,4.1086066032626185,4.262736103545597,0.025,0.4666666666666667,1
4_relative_ET,strong,60,0.9816577291225599,0.802404616573446,1.8542710490662926,2.100757056502778,0.575,0.016666666666666666,1
4_relative_ET,strong_circle,30,0.9272104336870348,0.742775138304042,1.8998210110211229,2.0435058412001905,0.6333333333333333,0.016666666666666666,1
4_relative_ET,strong_ellipse,30,1.036105024558085,0.9153445803585599,1.6523309034500928,2.2064201150875395,0.5166666666666667,0.016666666666666666,1
4_relative_ET,all,180,2.3242981095222586,2.376901577986244,4.103053787275294,4.38391675483961,0.2222222222222222,0.35555555555555557,1
4_full_Ridge,weak,60,3.269991385251108,3.29719130410654,4.803231245119812,4.948594334854082,0.05,0.6083333333333333,1
4_full_Ridge,medium,60,2.6782262432534196,2.6997082864837645,4.092876791622164,4.317841563232647,0.075,0.4083333333333333,1
4_full_Ridge,strong,60,1.11399407375806,1.035902157267182,1.9236371524469298,2.1250316597931045,0.4666666666666667,0.016666666666666666,1
4_full_Ridge,strong_circle,30,0.9906005369828853,0.7987231464775991,1.711193344419747,2.100480836295426,0.5833333333333334,0.0,1
4_full_Ridge,strong_ellipse,30,1.2373876105332344,1.0874651643855227,2.0287754158546525,2.1437188002274437,0.35,0.03333333333333333,1
4_full_Ridge,all,180,2.354070567420863,2.398372885805512,4.181300458988749,4.544023322200356,0.19722222222222222,0.34444444444444444,1
2_relative_SVR10,weak,60,3.36956071290054,3.4748452389666804,4.866214831015512,5.567945695820652,0.041666666666666664,0.6416666666666667,1
2_relative_SVR10,medium,60,2.8161808941863082,2.7314757873100604,4.372792474594755,4.653585727057719,0.041666666666666664,0.39166666666666666,1
2_relative_SVR10,strong,60,1.008975819890957,0.8247240543156595,1.9910649465031203,2.355190460807997,0.5666666666666667,0.025,1
2_relative_SVR10,strong_circle,30,0.9352726680269399,0.6708677261988922,2.1413937567430645,2.447961106849171,0.6833333333333333,0.03333333333333333,1
2_relative_SVR10,strong_ellipse,30,1.0826789717549743,1.0969084594454872,1.7963863234068393,2.0008866315421896,0.45,0.016666666666666666,1
2_relative_SVR10,all,180,2.398239142325935,2.3555323537724293,4.33590442264262,4.697283962346974,0.21666666666666667,0.3527777777777778,1
4_full_ET,weak,60,3.171806804875311,3.2868201546289493,4.473291785038508,4.650958613390891,0.05,0.575,1
4_full_ET,medium,60,2.8652804324393863,2.9796462837926265,4.062500648653586,4.381027213423747,0.025,0.49166666666666664,1
4_full_ET,strong,60,1.00966765875757,0.8273359028188818,1.823420746572157,2.209876721235487,0.575,0.016666666666666666,1
4_full_ET,strong_circle,30,0.9429500458721392,0.7754076229255017,1.800988195632442,2.1145257338033,0.6166666666666667,0.016666666666666666,1
4_full_ET,strong_ellipse,30,1.0763852716430005,0.9219858738637843,1.8994346484005191,2.3322849410286484,0.5333333333333333,0.016666666666666666,1
4_full_ET,all,180,2.3489182986907555,2.462066457178582,4.0811570818034175,4.456090996711468,0.21666666666666667,0.3611111111111111,1
4_relative_SVR10,weak,60,3.3180422918246353,3.3574687249918806,4.7730863026513495,4.965354343031312,0.041666666666666664,0.6,1
4_relative_SVR10,medium,60,2.601142833358467,2.5255189052863507,4.0380950623761915,4.489471283224643,0.075,0.3416666666666667,1
4_relative_SVR10,strong,60,1.0004148599638272,0.8827953068842059,1.874117243930887,2.0743374793662777,0.575,0.008333333333333333,1
4_relative_SVR10,strong_circle,30,0.7234986138180122,0.6514988778523702,1.3395846261941788,1.674376413752497,0.75,0.0,1
4_relative_SVR10,strong_ellipse,30,1.2773311061096424,1.227485787281575,2.0778447348442146,2.1930277191690375,0.4,0.016666666666666666,1
4_relative_SVR10,all,180,2.3065333283823097,2.237519514888463,4.299613147005204,4.641565801940356,0.23055555555555557,0.31666666666666665,1
8_full_ET,weak,60,3.1745018024882556,3.3040754553172005,4.410753873166991,4.540194900772197,0.05,0.575,1
8_full_ET,medium,60,2.8156722081537233,2.823016673374555,4.154394530546883,4.267835576682983,0.03333333333333333,0.45,1
8_full_ET,strong,60,0.9941356047047366,0.8356052852714598,1.6884656932755,2.1889137460360324,0.5416666666666666,0.03333333333333333,1
8_full_ET,strong_circle,30,0.867471230117885,0.7323887915199305,1.6884656932754998,1.8204375540701274,0.65,0.016666666666666666,1
8_full_ET,strong_ellipse,30,1.1207999792915884,1.1003703735023884,1.6448971477270158,2.588765689451217,0.43333333333333335,0.05,1
8_full_ET,all,180,2.3281032051155717,2.4920418190511047,4.101318913932272,4.36042293525986,0.20833333333333334,0.3527777777777778,1
4_full_SVR10,weak,60,3.385883577749034,3.3472209270563136,4.766054566079339,5.3052982167182545,0.03333333333333333,0.6583333333333333,1
4_full_SVR10,medium,60,2.6421112442526304,2.5971750130122375,4.267064216694051,4.612558358876883,0.08333333333333333,0.35833333333333334,1
4_full_SVR10,strong,60,1.0748476987869344,0.9751673596102391,1.8230236997980438,2.1831397049100727,0.5083333333333333,0.008333333333333333,1
4_full_SVR10,strong_circle,30,0.9115188949099143,0.8001641753564919,1.6224829290051326,1.866444359473435,0.65,0.0,1
4_full_SVR10,strong_ellipse,30,1.2381765026639542,1.0998095831216324,1.8864750088052307,2.507199275869068,0.36666666666666664,0.016666666666666666,1
4_full_SVR10,all,180,2.3676141735961997,2.2361667230758338,4.403684477919523,4.756554318051382,0.20833333333333334,0.3416666666666667,1
4_relative_Ridge,weak,60,3.2200155398715826,3.266408480966995,4.4668471875835545,4.728303094788279,0.06666666666666667,0.6166666666666667,1
4_relative_Ridge,medium,60,2.690334432336059,2.748192062499486,4.039655872830327,4.263820952997749,0.058333333333333334,0.425,1
4_relative_Ridge,strong,60,1.112269570582439,1.0269367590513536,1.9660032220844414,2.1893391921028242,0.49166666666666664,0.0,1
4_relative_Ridge,strong_circle,30,0.9586831432319298,0.7749210893850527,1.7960379798196138,2.0036423964132113,0.6,0.0,1
4_relative_Ridge,strong_ellipse,30,1.2658559979329482,1.193138647008404,2.1085968552323244,2.2449444912574066,0.38333333333333336,0.0,1
4_relative_Ridge,all,180,2.340873180930027,2.350993421871344,4.188401745888638,4.37689087074233,0.20555555555555555,0.3472222222222222,1
2_full_SVR1,weak,60,3.4473266702723673,3.4965030408535474,5.110558521245378,5.69140266686465,0.058333333333333334,0.675,1
2_full_SVR1,medium,60,2.8011871860052566,2.6957945187887646,4.43311863775943,4.737639832755449,0.058333333333333334,0.4,1
2_full_SVR1,strong,60,1.0469816841923838,0.8364656305284522,2.055031668168201,2.393749696569593,0.6416666666666667,0.025,1
2_full_SVR1,strong_circle,30,0.9435441258970273,0.7796300008842962,1.9996829872743047,2.463824984155157,0.7166666666666667,0.016666666666666666,1
2_full_SVR1,strong_ellipse,30,1.1504192424877397,0.8773262553665652,2.1068988121476684,2.253911235277972,0.5666666666666667,0.03333333333333333,1
2_full_SVR1,all,180,2.4318318468233358,2.370698518578184,4.4236556429886305,4.814237929003699,0.25277777777777777,0.36666666666666664,1
8_full_Ridge,weak,60,3.2393881713438284,3.2030912916586933,4.6382366177317484,4.8458116066021555,0.041666666666666664,0.6,1
8_full_Ridge,medium,60,2.606316403928525,2.6200423608385828,3.929833554338917,4.288415586832854,0.08333333333333333,0.36666666666666664,1
8_full_Ridge,strong,60,1.1792581181264306,1.1210649234032766,2.109447025192113,2.300792995974263,0.425,0.008333333333333333,1
8_full_Ridge,strong_circle,30,0.982547669006104,0.8394253312249604,1.6887918450834152,2.1616961324729047,0.5833333333333334,0.0,1
8_full_Ridge,strong_ellipse,30,1.3759685672467568,1.3068389763102906,2.180799848063774,2.4388424178244392,0.26666666666666666,0.016666666666666666,1
8_full_Ridge,all,180,2.341654231132928,2.3088779424229076,4.072666750188002,4.496315014430927,0.18333333333333332,0.325,1
8_full_SVR10,weak,60,3.3240868560868493,3.241868672714778,4.750209956171177,5.078508664015571,0.041666666666666664,0.6166666666666667,1
8_full_SVR10,medium,60,2.596217545736339,2.5996882342910386,4.0196835488486755,4.368102475736812,0.06666666666666667,0.35833333333333334,1
8_full_SVR10,strong,60,1.0962511985059216,0.9692421169187373,1.9871578907518672,2.174689271785455,0.525,0.008333333333333333,1
8_full_SVR10,strong_circle,30,0.8769397725986998,0.7209125996916541,1.538095762824642,1.9859732282984268,0.6833333333333333,0.0,1
8_full_SVR10,strong_ellipse,30,1.3155626244131438,1.2178140748849189,2.1738981598345695,2.436073883405875,0.36666666666666664,0.016666666666666666,1
8_full_SVR10,all,180,2.33885186677637,2.261577050283788,4.236332658172482,4.708056011336348,0.2111111111111111,0.3277777777777778,1
2_relative_Ridge,weak,60,3.2864218416379876,3.405948130787907,4.814354596990591,5.179720612281033,0.05,0.65,1
2_relative_Ridge,medium,60,2.8624248347420984,2.906081352144937,4.109124347735696,4.225309223096375,0.05,0.4083333333333333,1
2_relative_Ridge,strong,60,1.1302069377187571,0.9623288680733758,2.0513659927924257,2.743720749495359,0.5416666666666666,0.025,1
2_relative_Ridge,strong_circle,30,1.125771782666792,0.8361360314362929,2.4654133074641846,2.872408199977471,0.5666666666666667,0.03333333333333333,1
2_relative_Ridge,strong_ellipse,30,1.1346420927707224,0.9963402649797282,1.814911251014952,2.125072076081672,0.5166666666666667,0.016666666666666666,1
2_relative_Ridge,all,180,2.4263512046996145,2.55960086126354,4.108965465903455,4.690994593161007,0.21388888888888888,0.3611111111111111,1
8_relative_SVR1,weak,60,3.3012709651305063,3.354898256041357,4.7340594654459425,5.037927363668142,0.058333333333333334,0.6,1
8_relative_SVR1,medium,60,2.4137980564336172,2.3117897075156444,3.895709835086519,4.148269657353359,0.1,0.275,1
8_relative_SVR1,strong,60,0.8266995291005785,0.7140204859488659,1.481277531466235,1.6407501382163456,0.6416666666666667,0.0,1
8_relative_SVR1,strong_circle,30,0.5706082601051155,0.44284827332748716,1.03976336317418,1.1773871468880905,0.8833333333333333,0.0,1
8_relative_SVR1,strong_ellipse,30,1.0827907980960418,1.1361321610985533,1.613922281218045,1.750625443598563,0.4,0.0,1
8_relative_SVR1,all,180,2.180589516888234,2.039761926274223,4.077056812904273,4.621166670530447,0.26666666666666666,0.2916666666666667,1
2_full_Ridge,weak,60,3.32277458045698,3.3714672836401167,4.880751248244119,5.117146741804178,0.041666666666666664,0.6916666666666667,1
2_full_Ridge,medium,60,2.9039213421250687,2.9660391645043074,4.1560887786313385,4.323510907209991,0.058333333333333334,0.4666666666666667,1
2_full_Ridge,strong,60,1.1817110442611258,0.9806402732795112,2.1464464637016385,2.773981995617013,0.5083333333333333,0.03333333333333333,1
2_full_Ridge,strong_circle,30,1.127385084907257,0.8441302666930968,2.457363196724606,2.780253711987611,0.5833333333333334,0.03333333333333333,1
2_full_Ridge,strong_ellipse,30,1.2360370036149946,1.124741995849749,1.960618577768598,2.18767564552971,0.43333333333333335,0.03333333333333333,1
2_full_Ridge,all,180,2.469468988947725,2.5241694475839527,4.189577333077091,4.671688294234828,0.20277777777777778,0.3972222222222222,1
8_full_SVR1,weak,60,3.322128596555644,3.2586345209459067,4.788437676386018,5.103994290645936,0.05,0.625,1
8_full_SVR1,medium,60,2.472460545464877,2.4053379133123087,3.9292769851982756,4.250776212946313,0.08333333333333333,0.30833333333333335,1
8_full_SVR1,strong,60,0.9285597707684624,0.7627836174705485,1.8347275467869206,2.1726694278049044,0.65,0.0,1
8_full_SVR1,strong_circle,30,0.6648418834462593,0.5852742710726309,1.1420919240856977,1.4222585436121251,0.8666666666666667,0.0,1
8_full_SVR1,strong_ellipse,30,1.1922776580906655,1.0812752754627635,2.1745049311877436,2.247375509694203,0.43333333333333335,0.0,1
8_full_SVR1,all,180,2.241049637596328,2.2012779382481464,4.1675499280039405,4.664783129672906,0.2611111111111111,0.3111111111111111,1
4_full_SVR1,weak,60,3.3721865824788693,3.352477988137202,4.902089347852716,5.312908539135882,0.03333333333333333,0.6416666666666667,1
4_full_SVR1,medium,60,2.5533134733068814,2.4432317366531175,4.210966835712014,4.488685502736888,0.06666666666666667,0.3416666666666667,1
4_full_SVR1,strong,60,0.9383145566709892,0.81266853216642,1.7147813348531455,2.0349460655242178,0.6583333333333333,0.0,1
4_full_SVR1,strong_circle,30,0.7226523034133674,0.6263972917336285,1.3676700272920788,1.5097218368183516,0.8166666666666667,0.0,1
4_full_SVR1,strong_ellipse,30,1.153976809928611,1.009421475550088,2.040442516912934,2.185214946004843,0.5,0.0,1
4_full_SVR1,all,180,2.287938204152247,2.1725736679182663,4.322469847288142,4.638407764392887,0.25277777777777777,0.3277777777777778,1
2_full_ET,weak,60,3.2594339158297454,3.41207955304319,4.5603661443057275,4.806954823669221,0.03333333333333333,0.675,1
2_full_ET,medium,60,2.960768457928118,3.0593756962195613,4.092601204827505,4.259629558143284,0.03333333333333333,0.5583333333333333,1
2_full_ET,strong,60,1.1497557828472074,0.9748065158444437,2.2533378041530794,3.0194588373431905,0.5333333333333333,0.058333333333333334,1
2_full_ET,strong_circle,30,1.129701949808468,0.8188868227594869,2.7673369086121857,3.06500999478511,0.5833333333333334,0.08333333333333333,1
2_full_ET,strong_ellipse,30,1.1698096158859461,1.0084280412466593,2.0953490849094654,2.3678412578700936,0.48333333333333334,0.03333333333333333,1
2_full_ET,all,180,2.456652718868357,2.613753505623179,4.0960127732704175,4.5056201410337415,0.2,0.4305555555555556,1
8_relative_SVR10,weak,60,3.285085218642957,3.296534141537178,4.637897004622198,4.905177809538513,0.03333333333333333,0.6166666666666667,1
8_relative_SVR10,medium,60,2.5772115783168017,2.5105524735533606,4.1223439596350895,4.339063896135901,0.075,0.35,1
8_relative_SVR10,strong,60,1.042322455853107,0.8473932299010954,1.9885783980005773,2.370794248886314,0.55,0.008333333333333333,1
8_relative_SVR10,strong_circle,30,0.6876078715002444,0.7334055641165316,1.219180456567193,1.5480034501278168,0.7666666666666667,0.0,1
8_relative_SVR10,strong_ellipse,30,1.3970370402059697,1.3964851910437288,2.372425295233342,2.6452468955261543,0.3333333333333333,0.016666666666666666,1
8_relative_SVR10,all,180,2.3015397509376223,2.3300059219763503,4.198868915956047,4.546885317407409,0.21944444444444444,0.325,1
2_full_SVR10,weak,60,3.44962680522084,3.5003530633745346,5.044091500248271,5.474470458118966,0.041666666666666664,0.7166666666666667,1
2_full_SVR10,medium,60,2.828284254661734,2.8072082124757216,4.329038525851789,4.584428567714379,0.075,0.4,1
2_full_SVR10,strong,60,1.1010482868609477,0.938510478109583,2.0609724404096763,2.457867088317759,0.525,0.025,1
2_full_SVR10,strong_circle,30,1.058750715998103,0.8724415441044975,2.068403426580212,2.5706085734809156,0.6,0.016666666666666666,1
2_full_SVR10,strong_ellipse,30,1.143345857723792,1.0388559300465874,2.0609724404096763,2.1500060306524453,0.45,0.03333333333333333,1
2_full_SVR10,all,180,2.4596531155811743,2.367852982670766,4.327261444217476,4.831951854164302,0.21388888888888888,0.38055555555555554,1
2_relative_ET,weak,60,3.2340846824580853,3.323056495497982,4.599902921068447,4.746286463066296,0.041666666666666664,0.675,1
2_relative_ET,medium,60,2.9622886776059376,3.076003919805382,4.171594416375493,4.387329052386034,0.05,0.5166666666666667,1
2_relative_ET,strong,60,1.1445159738506945,1.009069147874763,2.372619452398572,3.066135338440979,0.5,0.058333333333333334,1
2_relative_ET,strong_circle,30,1.1634856105594589,1.0430792420325132,2.746841144041918,3.2225157982066728,0.48333333333333334,0.08333333333333333,1
2_relative_ET,strong_ellipse,30,1.12554633714193,0.9802158244520662,1.9289196489807525,2.3869547699921383,0.5166666666666667,0.03333333333333333,1
2_relative_ET,all,180,2.446963111304906,2.6059508040657295,4.0878879783990305,4.459536113182667,0.19722222222222222,0.4166666666666667,1
2_relative_SVR1,weak,60,3.390640653796161,3.430646769572827,4.864034175080908,5.576095504341651,0.05,0.6333333333333333,1
2_relative_SVR1,medium,60,2.728334316706011,2.5659939421602225,4.266171240299039,4.658128997437744,0.05,0.35833333333333334,1
2_relative_SVR1,strong,60,0.9163294849220094,0.7481410577249604,1.613127031021149,2.249284254967843,0.65,0.025,1
2_relative_SVR1,strong_circle,30,0.8205692341942987,0.5444118998495805,1.6406140643521598,2.480911227002387,0.7666666666666667,0.03333333333333333,1
2_relative_SVR1,strong_ellipse,30,1.01208973564972,0.9491059703603848,1.5230398551055637,1.8733985501354502,0.5333333333333333,0.016666666666666666,1
2_relative_SVR1,all,180,2.345101485141394,2.2435930191203783,4.379954825933761,4.809105027095687,0.25,0.3388888888888889,1
2_REI,weak,60,3.235406128949238,3.3550858921254214,4.453085464495925,4.83474150266029,0.03333333333333333,0.6083333333333333,1
2_REI,medium,60,2.9873530338913694,3.044452424155164,4.175123753510757,4.4741980583976755,0.058333333333333334,0.525,1
2_REI,strong,60,1.6079777745023651,1.550491685253772,2.62806241383053,2.929294545562231,0.2,0.041666666666666664,1
2_REI,strong_circle,30,1.7188436287253164,1.7152324132700434,2.7551904203985846,3.101199605211418,0.18333333333333332,0.06666666666666667,1
2_REI,strong_ellipse,30,1.4971119202794134,1.379885370501753,2.341605862656236,2.6336044756777492,0.21666666666666667,0.016666666666666666,1
2_REI,all,180,2.610245645780991,2.7513633256803263,4.175123753510757,4.473525607108926,0.09722222222222222,0.39166666666666666,1
4_REI,weak,60,3.1862315478695273,3.3215582454760746,4.433668873792153,4.608485224764097,0.041666666666666664,0.6166666666666667,1
4_REI,medium,60,3.0467370306734343,3.2281395294907105,4.126140810120799,4.385966710498713,0.05,0.625,1
4_REI,strong,60,1.888545285546415,1.757639011096318,3.0009079632882405,3.197481186360017,0.10833333333333334,0.1,1
4_REI,strong_circle,30,1.975845471539378,1.8678103136057795,3.0583945185561574,3.116511518699131,0.11666666666666667,0.11666666666666667,1
4_REI,strong_ellipse,30,1.801245099553452,1.683704118849417,2.7251656815685945,3.426293297395301,0.1,0.08333333333333333,1
4_REI,all,180,2.7071712880297922,2.7521715547602845,4.099418575376829,4.431164001690805,0.06666666666666667,0.44722222222222224,1
8_REI,weak,60,3.22810115422796,3.3400653206955044,4.361442644407789,4.602650578257407,0.03333333333333333,0.6416666666666667,1
8_REI,medium,60,3.145997236990475,3.283023245057863,4.257800234568715,4.494529122207378,0.03333333333333333,0.625,1
8_REI,strong,60,2.126841237951055,2.0554189639913485,3.2019241523468547,3.5591460705998723,0.05,0.16666666666666666,1
8_REI,strong_circle,30,2.211078568357593,2.211919786499291,3.201924152346854,3.5591460705998723,0.05,0.23333333333333334,1
8_REI,strong_ellipse,30,2.0426039075445166,2.007479107198016,3.01137000543514,3.4524588633602886,0.05,0.1,1
8_REI,all,180,2.8336465430564965,2.8435775105915617,4.17278638357029,4.487123731955403,0.03888888888888889,0.4777777777777778,1
8_relative_ET,weak,60,3.1817018858048605,3.2603216297388307,4.3497253556135345,4.515766226984493,0.041666666666666664,0.6583333333333333,2
8_relative_ET,medium,60,2.6723273355806385,2.814158295307523,3.7075573636566785,4.029732566737564,0.03333333333333333,0.375,2
8_relative_ET,strong,60,0.9782716672255484,0.7882110345869544,1.9033193815470764,2.44142094300573,0.6333333333333333,0.016666666666666666,2
8_relative_ET,strong_circle,30,0.8664577186781004,0.6886483426868462,1.704297844128762,1.7958317983701435,0.7,0.0,2
8_relative_ET,strong_ellipse,30,1.0900856157729963,0.8770749415639635,2.26092403238657,2.5222340379168053,0.5666666666666667,0.03333333333333333,2
8_relative_ET,all,180,2.277433629537016,2.4516479596073975,3.9261165282554638,4.280403130854656,0.2361111111111111,0.35,2
8_relative_Ridge,weak,60,3.1506711902082998,3.2250011139531813,4.404127673526433,4.65825943558978,0.041666666666666664,0.5833333333333334,2
8_relative_Ridge,medium,60,2.4395408337416806,2.523284373350918,3.6219683099744264,3.959626677365316,0.06666666666666667,0.3,2
8_relative_Ridge,strong,60,1.10090522320596,1.0529510515235128,1.9334711423303388,2.4880896454515393,0.475,0.008333333333333333,2
8_relative_Ridge,strong_circle,30,0.9945483370283985,1.0775266267431858,1.6952496282955292,1.9005175654770574,0.4666666666666667,0.0,2
8_relative_Ridge,strong_ellipse,30,1.2072621093835214,1.0384434040550294,2.488914347637737,2.535743289388762,0.48333333333333334,0.016666666666666666,2
8_relative_Ridge,all,180,2.230372415718646,2.25003071538862,3.9253574252119896,4.316843876044323,0.19444444444444445,0.2972222222222222,2
4_relative_SVR1,weak,60,3.2757343953659896,3.296311753137343,4.665562408491698,4.870020743170297,0.05,0.625,2
4_relative_SVR1,medium,60,2.329294996683464,2.233953212470654,3.780370054138901,4.254222926378159,0.13333333333333333,0.26666666666666666,2
4_relative_SVR1,strong,60,0.7969709217059937,0.6301310892890948,1.6296065372688011,1.9186381063719036,0.7083333333333334,0.0,2
4_relative_SVR1,strong_circle,30,0.628413222997167,0.5287727794160096,1.2465942182776062,1.617317027077655,0.8166666666666667,0.0,2
4_relative_SVR1,strong_ellipse,30,0.9655286204148206,0.7881844515663396,1.7302805677952333,1.97409372189215,0.6,0.0,2
4_relative_SVR1,all,180,2.134000104585149,1.9120502822508179,4.21731736980989,4.631409700099818,0.2972222222222222,0.2972222222222222,2
4_relative_ET,weak,60,3.2154633928606464,3.3556341104322804,4.401949962940858,4.627468851874449,0.041666666666666664,0.6833333333333333,2
4_relative_ET,medium,60,2.7743074547035667,2.836851459992818,3.7755531343627577,4.3477343122039445,0.016666666666666666,0.39166666666666666,2
4_relative_ET,strong,60,1.0000886411052639,0.8571996013558791,1.9716837042874404,2.3924401683837053,0.6166666666666667,0.008333333333333333,2
4_relative_ET,strong_circle,30,0.8463001529079084,0.6395129105076864,1.652194531665922,1.8066583102235503,0.7,0.016666666666666666,2
4_relative_ET,strong_ellipse,30,1.153877129302619,0.9673496414768604,2.3583749145787345,2.5880742647744843,0.5333333333333333,0.0,2
4_relative_ET,all,180,2.329953162889826,2.5095222281023037,4.0459987105823645,4.400931168742534,0.225,0.3611111111111111,2
4_full_Ridge,weak,60,3.2012680011589536,3.3056386626743954,4.458215609435534,4.7350225391717995,0.058333333333333334,0.6083333333333333,2
4_full_Ridge,medium,60,2.522779407333176,2.4865685919464484,3.7776687589161724,4.3460622121420895,0.09166666666666666,0.3416666666666667,2
4_full_Ridge,strong,60,0.9717236611470986,0.8570984343332178,1.7417492275125173,2.0254950771318936,0.5666666666666667,0.008333333333333333,2
4_full_Ridge,strong_circle,30,0.8892034795947482,0.7911071354831618,1.5884734349626701,1.7404446156131557,0.5666666666666667,0.0,2
4_full_Ridge,strong_ellipse,30,1.0542438426994487,0.8635260130395251,1.967859774243049,2.116179565394985,0.5666666666666667,0.016666666666666666,2
4_full_Ridge,all,180,2.2319236898797428,2.1592874241430673,4.03243044999101,4.413182773023539,0.2388888888888889,0.3194444444444444,2
2_relative_SVR10,weak,60,3.311980589626614,3.36515330061345,4.867680394538582,5.115627916434099,0.03333333333333333,0.625,2
2_relative_SVR10,medium,60,2.682888783633028,2.5654229021076835,4.111555665232446,4.356321172447035,0.058333333333333334,0.4166666666666667,2
2_relative_SVR10,strong,60,0.9666507230544894,0.7404422291227488,1.9419429209110233,2.2528997069812258,0.6166666666666667,0.025,2
2_relative_SVR10,strong_circle,30,0.7952532905769605,0.6564445915191583,1.4634963637310192,1.63735192534816,0.6833333333333333,0.0,2
2_relative_SVR10,strong_ellipse,30,1.1380481555320185,0.8586411996399189,2.09555650183748,2.7450287809827416,0.55,0.05,2
2_relative_SVR10,all,180,2.320506698771377,2.2169470583704065,4.312402145152165,4.707073018711416,0.2361111111111111,0.35555555555555557,2
4_full_ET,weak,60,3.2400624908391973,3.4492762873692167,4.433341040150477,4.584949353941901,0.05,0.6916666666666667,2
4_full_ET,medium,60,2.768941282363191,2.84868985818235,3.859967149243708,4.143101051276447,0.016666666666666666,0.4,2
4_full_ET,strong,60,0.9974885648077626,0.8252700049140271,2.0979779478553673,2.3992461979260122,0.6,0.016666666666666666,2
4_full_ET,strong_circle,30,0.8487642580462981,0.674555151966527,1.6859510448949389,1.8676742567086708,0.7,0.0,2
4_full_ET,strong_ellipse,30,1.146212871569227,1.0233100000083526,2.3177402145436496,2.6322239714495836,0.5,0.03333333333333333,2
4_full_ET,all,180,2.3354974460033833,2.584744983871345,3.9898748229514474,4.381353748564252,0.2222222222222222,0.36944444444444446,2
4_relative_SVR10,weak,60,3.2430614401215703,3.3687457075985066,4.544442174276095,4.8716452423106205,0.06666666666666667,0.625,2
4_relative_SVR10,medium,60,2.486791004256287,2.423891886374697,4.177905545409258,4.422129500970651,0.10833333333333334,0.30833333333333335,2
4_relative_SVR10,strong,60,0.9250369572659006,0.8121342906967419,1.9223617315428372,2.25146529774102,0.6666666666666666,0.008333333333333333,2
4_relative_SVR10,strong_circle,30,0.7986594741879434,0.6559351957993662,1.5080760462709424,1.6622856301146713,0.7333333333333333,0.0,2
4_relative_SVR10,strong_ellipse,30,1.0514144403438581,0.8933300769443914,2.024434877719387,2.3415993654478373,0.6,0.016666666666666666,2
4_relative_SVR10,all,180,2.218296467214586,2.125530123493572,4.199146782104316,4.543820576442755,0.28055555555555556,0.3138888888888889,2
8_full_ET,weak,60,3.1872194707718546,3.287483067540995,4.300104395695993,4.540890245947233,0.05,0.6583333333333333,2
8_full_ET,medium,60,2.6995622055734128,2.7993348629422816,3.757798413000135,3.963481830930465,0.05,0.4083333333333333,2
8_full_ET,strong,60,0.9729436786499698,0.795735838034139,1.956959866076402,2.3195175777017396,0.6416666666666667,0.008333333333333333,2
8_full_ET,strong_circle,30,0.8377258309346824,0.687107197466337,1.6328104028320367,1.686226424942852,0.7,0.0,2
8_full_ET,strong_ellipse,30,1.1081615263652573,0.9020212904215225,2.2978513548512614,2.555197597684771,0.5833333333333334,0.016666666666666666,2
8_full_ET,all,180,2.2865751183317458,2.4827288362283304,3.9526477173615304,4.286950122331464,0.24722222222222223,0.35833333333333334,2
4_full_SVR10,weak,60,3.2558335988296134,3.2874781465377567,4.607819933659099,4.847627734477131,0.05,0.5916666666666667,2
4_full_SVR10,medium,60,2.4511382512318294,2.26564355138036,3.9721401424879317,4.40611096200115,0.10833333333333334,0.30833333333333335,2
4_full_SVR10,strong,60,0.9380285467134245,0.8418630125311428,1.7614441771089622,1.991489049121529,0.6583333333333333,0.008333333333333333,2
4_full_SVR10,strong_circle,30,0.7881374506014097,0.7339886859059158,1.5865219247865856,1.7114172427293948,0.7,0.0,2
4_full_SVR10,strong_ellipse,30,1.0879196428254394,0.8828657742158316,1.9954630751296603,2.1656651867206875,0.6166666666666667,0.016666666666666666,2
4_full_SVR10,all,180,2.215000132258289,2.0477014184603997,4.11112635350892,4.606591143158611,0.2722222222222222,0.30277777777777776,2
4_relative_Ridge,weak,60,3.1752996868232155,3.316837223216085,4.372300925350686,4.593261219476891,0.06666666666666667,0.6,2
4_relative_Ridge,medium,60,2.567583726563685,2.5367024784434986,3.9055789073870435,4.137349963285063,0.058333333333333334,0.3416666666666667,2
4_relative_Ridge,strong,60,1.065164633142695,0.9440741876449071,2.048179144370616,2.2607094497220537,0.5333333333333333,0.008333333333333333,2
4_relative_Ridge,strong_circle,30,0.9049154840716237,0.8479873199948265,1.574377297990357,1.811179661040537,0.5833333333333334,0.0,2
4_relative_Ridge,strong_ellipse,30,1.225413782213766,1.0381121949517509,2.1493189791489704,2.389200953667515,0.48333333333333334,0.016666666666666666,2
4_relative_Ridge,all,180,2.269349348843199,2.2635850498380856,4.005492177736792,4.367483182640765,0.21944444444444444,0.31666666666666665,2
2_full_SVR1,weak,60,3.341485817842377,3.2874263071178653,5.019908055577378,5.435533032233104,0.041666666666666664,0.6166666666666667,2
2_full_SVR1,medium,60,2.618005127216515,2.5034407996679517,4.196161000244742,4.384386135050369,0.06666666666666667,0.36666666666666664,2
2_full_SVR1,strong,60,1.167794364370438,0.8896539188789918,2.1723787732985835,2.6884952365177335,0.525,0.03333333333333333,2
2_full_SVR1,strong_circle,30,0.9656915112528064,0.7063556426340573,2.032237845607261,2.1646660567330014,0.6333333333333333,0.0,2
2_full_SVR1,strong_ellipse,30,1.3698972174880704,1.2406332964966336,2.630732050531771,3.4751723589927437,0.4166666666666667,0.06666666666666667,2
2_full_SVR1,all,180,2.3757617698097766,2.2286016952473986,4.339131141326607,4.791535452938046,0.2111111111111111,0.3388888888888889,2
8_full_Ridge,weak,60,3.1603878379315535,3.2233254869271697,4.446116659551652,4.777599207948154,0.05,0.5833333333333334,2
8_full_Ridge,medium,60,2.3416105256771726,2.4240002563588217,3.577659606097747,4.113972533895231,0.09166666666666666,0.25,2
8_full_Ridge,strong,60,1.0005673638570378,0.9318230993710543,1.7500291496362372,2.107964116896162,0.5333333333333333,0.0,2
8_full_Ridge,strong_circle,30,0.9410356251010079,0.9176933859598095,1.6732948457940864,1.7634526161401982,0.55,0.0,2
8_full_Ridge,strong_ellipse,30,1.0600991026130673,0.9837652739358924,1.9459177134290435,2.572770795342786,0.5166666666666667,0.0,2
8_full_Ridge,all,180,2.167521909155255,2.092021851726815,3.9520072331699025,4.352217094656098,0.225,0.2777777777777778,2
8_full_SVR10,weak,60,3.1616391785462543,3.215043613670658,4.598593894157129,4.824747517730574,0.05,0.5583333333333333,2
8_full_SVR10,medium,60,2.2754019887614474,2.25260177430029,3.5607596593386637,4.2159152246345775,0.13333333333333333,0.25833333333333336,2
8_full_SVR10,strong,60,0.9327872691003568,0.8569457180338955,1.6494121497008734,1.87697737170999,0.6,0.0,2
8_full_SVR10,strong_circle,30,0.8214909336293115,0.7511151420461324,1.4516771112077986,1.703178436930222,0.6666666666666666,0.0,2
8_full_SVR10,strong_ellipse,30,1.0440836045714017,0.9222757734249019,1.7233576446905645,2.106345093346617,0.5333333333333333,0.0,2
8_full_SVR10,all,180,2.1232761454693527,1.8977613073682416,4.098829501925761,4.456887957042135,0.2611111111111111,0.2722222222222222,2
2_relative_Ridge,weak,60,3.207711479025692,3.353694887228472,4.641326486904451,4.803680241046892,0.05,0.6333333333333333,2
2_relative_Ridge,medium,60,2.755441184160499,2.817096035510035,3.9839784532230107,4.239812766038467,0.03333333333333333,0.4166666666666667,2
2_relative_Ridge,strong,60,1.1173207249136248,0.9983330677642321,1.9949404908272241,2.5627488221226673,0.5,0.016666666666666666,2
2_relative_Ridge,strong_circle,30,0.8704262344812693,0.7178471653173517,1.6429357012685581,1.8010245131726144,0.6666666666666666,0.0,2
2_relative_Ridge,strong_ellipse,30,1.3642152153459801,1.2697251848871105,2.332272901977146,2.889310811686795,0.3333333333333333,0.03333333333333333,2
2_relative_Ridge,all,180,2.3601577960332722,2.366580455122535,4.069263160563522,4.430935606426653,0.19444444444444445,0.35555555555555557,2
8_relative_SVR1,weak,60,3.159181179485149,3.1872182557334083,4.578733585117852,4.81601418130548,0.05,0.5666666666666667,2
8_relative_SVR1,medium,60,2.1107885628316336,1.950255086984524,3.2729993870537095,4.285686562196877,0.14166666666666666,0.2,2
8_relative_SVR1,strong,60,0.76791011528169,0.7051614447330148,1.528892899575652,1.6901556589244542,0.7416666666666667,0.0,2
8_relative_SVR1,strong_circle,30,0.6033431598277054,0.5977085637833712,1.1474363922028334,1.2922570047961695,0.8666666666666667,0.0,2
8_relative_SVR1,strong_ellipse,30,0.9324770707356743,0.8143369356244803,1.6603209114328348,1.9873475821647681,0.6166666666666667,0.0,2
8_relative_SVR1,all,180,2.012626619199491,1.7875194621125021,4.000646022406884,4.443577699419089,0.3111111111111111,0.25555555555555554,2
2_full_Ridge,weak,60,3.229325095935251,3.3902926693584994,4.643026330880894,4.858338101866573,0.05,0.6333333333333333,2
2_full_Ridge,medium,60,2.7729632540909863,2.798308629629996,4.098134011937141,4.263776399773158,0.03333333333333333,0.425,2
2_full_Ridge,strong,60,1.1589516781993103,1.0259752570396738,2.117225969606055,2.4461110189552535,0.48333333333333334,0.016666666666666666,2
2_full_Ridge,strong_circle,30,0.9688639935836101,0.8436567340537244,1.7512471822567828,1.9025894478936274,0.6,0.0,2
2_full_Ridge,strong_ellipse,30,1.3490393628150106,1.1335070131489378,2.4487414421718054,2.83701699367999,0.36666666666666664,0.03333333333333333,2
2_full_Ridge,all,180,2.387080009408516,2.400784811261145,4.139959912475838,4.449629555402848,0.18888888888888888,0.35833333333333334,2
8_full_SVR1,weak,60,3.1527924805947083,3.155739394167479,4.632824974549783,4.858414161010791,0.05,0.55,2
8_full_SVR1,medium,60,2.158920947094676,2.12270953938485,3.436267027352134,4.148109723999498,0.13333333333333333,0.2,2
8_full_SVR1,strong,60,0.9429968797152587,0.8027027938919121,1.8533592293681194,2.0695605991672306,0.6083333333333333,0.016666666666666666,2
8_full_SVR1,strong_circle,30,0.7675633331082903,0.675729988607923,1.4300170531139385,1.747170877078076,0.7166666666666667,0.0,2
8_full_SVR1,strong_ellipse,30,1.1184304263222273,0.9984226018620727,2.0100204073983288,2.235683611740782,0.5,0.03333333333333333,2
8_full_SVR1,all,180,2.0849034358015475,1.9483525910667123,3.971525801453767,4.508629470019333,0.2638888888888889,0.25555555555555554,2
4_full_SVR1,weak,60,3.262528527339366,3.3462243625993024,4.731095580198928,4.936110918393202,0.05,0.5916666666666667,2
4_full_SVR1,medium,60,2.36573298420707,2.15822015008692,3.7624021782055155,4.213776365586854,0.13333333333333333,0.2833333333333333,2
4_full_SVR1,strong,60,1.0043631978410237,0.8282356149625998,1.9168743320124841,2.185532609481288,0.6,0.025,2
4_full_SVR1,strong_circle,30,0.819879138057327,0.6725992317826774,1.7034909939654843,2.1195108689819246,0.7166666666666667,0.0,2
4_full_SVR1,strong_ellipse,30,1.1888472576247202,1.016502159238064,2.0966037657584526,2.417611937644799,0.48333333333333334,0.05,2
4_full_SVR1,all,180,2.2108749031291532,2.0084115701702947,4.122540868622165,4.6768282387055855,0.2611111111111111,0.3,2
2_full_ET,weak,60,3.173005738422781,3.316220142523983,4.380489740422716,4.598112567852221,0.058333333333333334,0.5833333333333334,2
2_full_ET,medium,60,2.9407274941647783,2.985384403389914,4.032862923287822,4.392301391458514,0.008333333333333333,0.48333333333333334,2
2_full_ET,strong,60,1.1610158196186788,0.9996023292312187,2.4293633850223033,3.088787181855734,0.5,0.075,2
2_full_ET,strong_circle,30,0.981433975058227,0.7894550699503404,1.7646462006857566,2.2612021887780913,0.6166666666666667,0.016666666666666666,2
2_full_ET,strong_ellipse,30,1.3405976641791308,1.1782711292892176,3.0717519629741608,3.275456652467698,0.38333333333333336,0.13333333333333333,2
2_full_ET,all,180,2.424916350735413,2.6494019491803202,4.06407518443651,4.383858380740192,0.18888888888888888,0.38055555555555554,2
8_relative_SVR10,weak,60,3.1815282166729046,3.235612620754423,4.518540722984763,4.803567014680213,0.03333333333333333,0.575,2
8_relative_SVR10,medium,60,2.279465323683679,2.237214851224289,3.698218351975013,4.242358981489998,0.1,0.25,2
8_relative_SVR10,strong,60,0.9583175835256533,0.8335682030124307,1.7438615588027957,2.0561342846253017,0.5916666666666667,0.008333333333333333,2
8_relative_SVR10,strong_circle,30,0.8119235948609541,0.7090573101311388,1.4791718456066762,1.6642358840481197,0.6666666666666666,0.0,2
8_relative_SVR10,strong_ellipse,30,1.1047115721903527,0.9452868844701889,2.043624042063952,2.4400312183224195,0.5166666666666667,0.016666666666666666,2
8_relative_SVR10,all,180,2.1397703746274126,2.028928218179662,4.126734189858961,4.443534130523009,0.24166666666666667,0.2777777777777778,2
2_full_SVR10,weak,60,3.339674458865525,3.3601751729976863,5.008471253816337,5.373113175341072,0.041666666666666664,0.625,2
2_full_SVR10,medium,60,2.6637238208629195,2.538299933259568,4.245630646995869,4.426919216320696,0.075,0.4083333333333333,2
2_full_SVR10,strong,60,1.018969125048044,0.8730241841832078,2.012109338429748,2.1417828466670734,0.5833333333333334,0.016666666666666666,2
2_full_SVR10,strong_circle,30,0.8666065225664921,0.7775041361843487,1.7744501431846242,2.012096457004486,0.6333333333333333,0.0,2
2_full_SVR10,strong_ellipse,30,1.1713317275295951,0.9087575543347197,2.152891406338339,2.7000184768391557,0.5333333333333333,0.03333333333333333,2
2_full_SVR10,all,180,2.340789134925496,2.2025610248840684,4.343720260187445,4.770444657280903,0.23333333333333334,0.35,2
2_relative_ET,weak,60,3.2191373671212826,3.3964447940322104,4.448018125816677,4.797287336089324,0.05,0.6333333333333333,2
2_relative_ET,medium,60,2.847682193173978,2.953914440636873,4.065362056763158,4.3289021715664155,0.016666666666666666,0.475,2
2_relative_ET,strong,60,1.1756433221233524,0.9707811681778411,2.3925642108481373,3.179715864557187,0.5166666666666667,0.075,2
2_relative_ET,strong_circle,30,0.9930381282652834,0.786999215328083,1.9528225953606972,2.1659849120043604,0.6333333333333333,0.016666666666666666,2
2_relative_ET,strong_ellipse,30,1.358248515981422,1.1331386645222739,3.179870674510211,3.5775230790661072,0.4,0.13333333333333333,2
2_relative_ET,all,180,2.4141542941395375,2.520407831572404,4.090746095006986,4.4210350704190615,0.19444444444444445,0.39444444444444443,2
2_relative_SVR1,weak,60,3.3328482938924293,3.412444548083435,5.031147650707478,5.220087500298687,0.05,0.6083333333333333,2
2_relative_SVR1,medium,60,2.619095708352199,2.449578445936684,4.173363121292994,4.439850301575191,0.08333333333333333,0.35833333333333334,2
2_relative_SVR1,strong,60,0.8955200262291079,0.6971588826042371,1.6309759536740585,1.924489255105193,0.65,0.016666666666666666,2
2_relative_SVR1,strong_circle,30,0.7303064104438826,0.5748665434810287,1.3897699239282313,1.6292891307146176,0.7333333333333333,0.0,2
2_relative_SVR1,strong_ellipse,30,1.060733642014333,0.8953883796068375,1.891068584751289,2.8572200351351644,0.5666666666666667,0.03333333333333333,2
2_relative_SVR1,all,180,2.2824880094912454,2.150610668566975,4.390828276575058,4.869131685666542,0.2611111111111111,0.3277777777777778,2
2_REI,weak,60,3.194826363451469,3.4412022030224643,4.338344287375444,4.6696434042569335,0.058333333333333334,0.6333333333333333,2
2_REI,medium,60,2.901721251470165,2.9746213184491754,4.042919030594084,4.262837335618467,0.03333333333333333,0.48333333333333334,2
2_REI,strong,60,1.6745029757920853,1.632588140698609,2.8525729895273155,3.1609030516631367,0.21666666666666667,0.08333333333333333,2
2_REI,strong_circle,30,1.553085705143961,1.476792516217418,2.396010428702387,2.554755583783876,0.18333333333333332,0.03333333333333333,2
2_REI,strong_ellipse,30,1.7959202464402102,1.849325467602223,3.1281002473918895,3.2433981669104237,0.25,0.13333333333333333,2
2_REI,all,180,2.590350196904573,2.7210669203574884,4.061227415597773,4.304845523917614,0.10277777777777777,0.4,2
4_REI,weak,60,3.1926023562662653,3.3864803928753555,4.346768982082901,4.6819893287832395,0.058333333333333334,0.65,2
4_REI,medium,60,2.975064365234965,3.0729938514937833,3.9385038278486504,4.267066550468784,0.008333333333333333,0.55,2
4_REI,strong,60,1.9797614270551938,1.9678382444645952,2.9841944588352414,3.3124617916940537,0.11666666666666667,0.1,2
4_REI,strong_circle,30,1.900144042615287,1.8739644637611719,2.8957042784512192,3.192544670788658,0.08333333333333333,0.1,2
4_REI,strong_ellipse,30,2.0593788114951,2.2269464078138164,3.000013416271017,3.427207919951934,0.15,0.1,2
4_REI,all,180,2.7158093828521412,2.8055223951859602,4.006273154757546,4.336108920354645,0.06111111111111111,0.43333333333333335,2
8_REI,weak,60,3.1351207507879852,3.2671586177954257,4.2926442018131326,4.431122889309911,0.05,0.5916666666666667,2
8_REI,medium,60,3.006582937605075,3.1644244989794634,4.0643322945910345,4.299430230173061,0.041666666666666664,0.5833333333333334,2
8_REI,strong,60,2.095254270182317,2.1788388623967245,3.1079734998498423,3.3197359842488234,0.08333333333333333,0.13333333333333333,2
8_REI,strong_circle,30,1.984412100928658,1.9472400993642882,2.7282405302167185,3.2030795104709173,0.08333333333333333,0.1,2
8_REI,strong_ellipse,30,2.206096439435976,2.336949806450256,3.1341192674952354,3.3468284690722254,0.08333333333333333,0.16666666666666666,2
8_REI,all,180,2.745652652858459,2.7907229175839983,4.093893622721946,4.307553037432822,0.058333333333333334,0.4361111111111111,2
