case,candidate,mean_mm,median_mm,p90_mm
nominal_r2048,aligned_ridge_observed,3.276980666990567,3.517528366612006,4.523978876219399
nominal_r2048,aligned_ridge_uniform,3.2540613294212166,3.4397106719612243,4.503189208299004
nominal_r2048,aligned_svr_observed,3.350355099613293,3.5021062837981143,4.845571751764953
nominal_r2048,aligned_svr_uniform,3.3039219505255177,3.475752038670263,4.676772451304835
nominal_r2048,fixed_blend,3.2810164723720083,3.4862281137064426,4.578249088220135
nominal_r2048,fixed_et,3.2455974578605873,3.4582776525578476,4.311441124849531
nominal_r2048,fixed_ridge,3.275863023491054,3.4540318823444687,4.494901571591398
nominal_r2048,fixed_svr,3.3619672015614728,3.4912218418433847,4.868727147524672
nominal_r2048,physical_gls_mean_b0,3.2328369379808266,3.4069667937335226,4.32042602788892
nominal_r2048,physical_gls_mean_b0.03,3.232481111054238,3.4054462244699257,4.318862494402145
nominal_r2048,physical_gls_mean_b0.1,3.231662773198523,3.400900501139163,4.3158389970265985
nominal_r2048,physical_gls_mean_b0.3,3.229417939667512,3.3977878295424175,4.314780519140977
nominal_r2048,physical_gls_mean_b1,3.2227064954165354,3.4194354567095835,4.319410246731752
nominal_r2048,physical_gls_mean_b3,3.21519198962835,3.3788913721114193,4.376841842345146
nominal_r2048,physical_gls_median_b0,3.256435413605333,3.4504640036463297,4.336010630656705
nominal_r2048,physical_gls_median_b0.03,3.2559529658611623,3.4478495836409504,4.33677616860843
nominal_r2048,physical_gls_median_b0.1,3.2548673878377246,3.4464810069109655,4.338589546337978
nominal_r2048,physical_gls_median_b0.3,3.2521539246018527,3.4367466009528824,4.3531683635397975
nominal_r2048,physical_gls_median_b1,3.2444400730919014,3.419254948047228,4.384355696116159
nominal_r2048,physical_gls_median_b3,3.2455622315694326,3.3866170047314172,4.604359258611608
nominal_r2048,physical_mean_b0,3.2328369379808266,3.4069667937335226,4.32042602788892
nominal_r2048,physical_mean_b0.03,3.2322583919831263,3.404861732991278,4.3168217606110595
nominal_r2048,physical_mean_b0.1,3.2309378275765175,3.401133773552435,4.315888357825059
nominal_r2048,physical_mean_b0.3,3.22739866836218,3.3992233199471578,4.3140001428746855
nominal_r2048,physical_mean_b1,3.218086275781412,3.426525991449865,4.334471240224601
nominal_r2048,physical_mean_b3,3.2274850580081833,3.3275538190114844,4.58425322495105
nominal_r2048,physical_median_b0,3.256435413605333,3.4504640036463297,4.336010630656705
nominal_r2048,physical_median_b0.03,3.2556561822756698,3.445871346162515,4.337016112026147
nominal_r2048,physical_median_b0.1,3.25390306784358,3.445129381796748,4.343469690388433
nominal_r2048,physical_median_b0.3,3.2495580852772723,3.4347272966095472,4.3510904818168745
nominal_r2048,physical_median_b1,3.239737730936339,3.3989535006412392,4.460145832692862
nominal_r2048,physical_median_b3,3.283117224779313,3.383022916917065,4.80432185129235
nominal_r2048,prior,3.256435413605333,3.4504640036463288,4.336010630656703
nominal_r4096,aligned_ridge_observed,3.2815496123656778,3.497690485825479,4.420586909632131
nominal_r4096,aligned_ridge_uniform,3.2617309592425845,3.4472968869422185,4.394236734982534
nominal_r4096,aligned_svr_observed,3.3657766708404706,3.538261130960082,4.665152832975575
nominal_r4096,aligned_svr_uniform,3.3320713527160057,3.508339517961881,4.624256528508413
nominal_r4096,fixed_blend,3.3140588584534143,3.514897575693295,4.619301728483134
nominal_r4096,fixed_et,3.2617612286625315,3.4937075218887186,4.493023901635351
nominal_r4096,fixed_ridge,3.305313135905342,3.5474215311894826,4.503535110233341
nominal_r4096,fixed_svr,3.4258297273347633,3.4650438032864894,4.953664463681331
nominal_r4096,physical_gls_mean_b0,3.2328369379808266,3.4069667937335226,4.32042602788892
nominal_r4096,physical_gls_mean_b0.03,3.232212368660306,3.403653309885171,4.316803361764029
nominal_r4096,physical_gls_mean_b0.1,3.230784675710824,3.3992669302065943,4.315464373533093
nominal_r4096,physical_gls_mean_b0.3,3.2269360517803323,3.4094553189230865,4.297148617434433
nominal_r4096,physical_gls_mean_b1,3.216267126425476,3.413720027176213,4.361944363278261
nominal_r4096,physical_gls_mean_b3,3.2125326977963224,3.3431201541010243,4.4871513662924505
nominal_r4096,physical_gls_median_b0,3.256435413605333,3.4504640036463297,4.336010630656705
nominal_r4096,physical_gls_median_b0.03,3.2556279769642567,3.4513783512542364,4.335855048521456
nominal_r4096,physical_gls_median_b0.1,3.2539115371212812,3.4545139314252893,4.3375762675821425
nominal_r4096,physical_gls_median_b0.3,3.2496708975578166,3.4654585104959006,4.325974546774654
nominal_r4096,physical_gls_median_b1,3.2383350128176995,3.429854521202012,4.3881240925720375
nominal_r4096,physical_gls_median_b3,3.248817500137068,3.3733827530732423,4.685672557935532
nominal_r4096,physical_mean_b0,3.2328369379808266,3.4069667937335226,4.32042602788892
nominal_r4096,physical_mean_b0.03,3.231814245537823,3.4021915974363433,4.315703446367892
nominal_r4096,physical_mean_b0.1,3.229507424320728,3.4023461281040426,4.311242465215611
nominal_r4096,physical_mean_b0.3,3.223542031027778,3.407251584756078,4.299402727391561
nominal_r4096,physical_mean_b1,3.2108289228670515,3.399148413365001,4.3717191912330104
nominal_r4096,physical_mean_b3,3.249159876829005,3.3753759145847497,4.68644931229157
nominal_r4096,physical_median_b0,3.256435413605333,3.4504640036463297,4.336010630656705
nominal_r4096,physical_median_b0.03,3.255126837839637,3.4522427502249124,4.335587757847751
nominal_r4096,physical_median_b0.1,3.2525249478373324,3.461729853583795,4.333922762731506
nominal_r4096,physical_median_b0.3,3.245609397116043,3.45407405700994,4.335200689807134
nominal_r4096,physical_median_b1,3.2344615118361637,3.411630787333862,4.511929522067966
nominal_r4096,physical_median_b3,3.33949949358629,3.4486460657230973,5.065979677446123
nominal_r4096,prior,3.256435413605333,3.4504640036463288,4.336010630656703
nominal_r8192,aligned_ridge_observed,3.247116882109117,3.3998961917636827,4.477905181326451
nominal_r8192,aligned_ridge_uniform,3.2282150168863284,3.385341733510728,4.44087156816426
nominal_r8192,aligned_svr_observed,3.314772819752073,3.4072205731613123,4.714651025367188
nominal_r8192,aligned_svr_uniform,3.283442414311114,3.4354976333166967,4.614026391303657
nominal_r8192,fixed_blend,3.291666784985212,3.41187664194658,4.605057730564329
nominal_r8192,fixed_et,3.2856001665024075,3.443000960645529,4.454411827481488
nominal_r8192,fixed_ridge,3.2526068581476917,3.4098106079219037,4.522635483706854
nominal_r8192,fixed_svr,3.339154696401513,3.4775946211374387,4.828166892707806
nominal_r8192,physical_gls_mean_b0,3.2328369379808266,3.4069667937335226,4.32042602788892
nominal_r8192,physical_gls_mean_b0.03,3.2317527978465432,3.404282079762938,4.3168689776980695
nominal_r8192,physical_gls_mean_b0.1,3.2292685646290096,3.4035918408759644,4.308446541213927
nominal_r8192,physical_gls_mean_b0.3,3.222520343455641,3.392295542078088,4.279731220536224
nominal_r8192,physical_gls_mean_b1,3.2030176135664217,3.4062388942236654,4.349078173339512
nominal_r8192,physical_gls_mean_b3,3.1857983057859496,3.3746151268164897,4.512782699992461
nominal_r8192,physical_gls_median_b0,3.256435413605333,3.4504640036463297,4.336010630656705
nominal_r8192,physical_gls_median_b0.03,3.2550247649655155,3.4576107621201984,4.331183427887697
nominal_r8192,physical_gls_median_b0.1,3.252017459769249,3.4617217385987162,4.334950523142312
nominal_r8192,physical_gls_median_b0.3,3.243677868948137,3.440329313165642,4.305042546049724
nominal_r8192,physical_gls_median_b1,3.2192786846028665,3.415200232594404,4.458263774804977
nominal_r8192,physical_gls_median_b3,3.2271513512765226,3.3513217410567666,4.761203160240442
nominal_r8192,physical_mean_b0,3.2328369379808266,3.4069667937335226,4.32042602788892
nominal_r8192,physical_mean_b0.03,3.231094202129907,3.4049814505113387,4.314525046119007
nominal_r8192,physical_mean_b0.1,3.2271503600771205,3.4037633873515407,4.29834706450411
nominal_r8192,physical_mean_b0.3,3.2168208372471256,3.4135396417029265,4.313729373439155
nominal_r8192,physical_mean_b1,3.1921439863397953,3.3830784382241723,4.395455639871676
nominal_r8192,physical_mean_b3,3.2399295488258444,3.372766470422482,4.887420154973183
nominal_r8192,physical_median_b0,3.256435413605333,3.4504640036463297,4.336010630656705
nominal_r8192,physical_median_b0.03,3.2542015942289004,3.457605410794523,4.331800684322987
nominal_r8192,physical_median_b0.1,3.2495305844788365,3.457392471107339,4.320560491522986
nominal_r8192,physical_median_b0.3,3.2365608014045537,3.441654617265414,4.321367806366993
nominal_r8192,physical_median_b1,3.2087373066914355,3.3965221354080217,4.541228683715313
nominal_r8192,physical_median_b3,3.3538365583276977,3.457362642273192,5.282396223918753
nominal_r8192,prior,3.256435413605333,3.4504640036463288,4.336010630656703
quiet10_r2048,aligned_ridge_observed,3.2520008599088994,3.379894067247852,4.5494928107482115
quiet10_r2048,aligned_ridge_uniform,3.2334554751054565,3.372644551317623,4.45011269259033
quiet10_r2048,aligned_svr_observed,3.3172218855936197,3.3847780024182343,4.818362585847618
quiet10_r2048,aligned_svr_uniform,3.293349560997927,3.3382706578172856,4.772730161171732
quiet10_r2048,fixed_blend,3.2369981558873,3.38739479737527,4.617400488414158
quiet10_r2048,fixed_et,3.242322290548418,3.375103761522622,4.491380308027896
quiet10_r2048,fixed_ridge,3.2111068841079993,3.36250768910062,4.509107702625696
quiet10_r2048,fixed_svr,3.291184708324165,3.340887792245595,4.816533117680712
quiet10_r2048,physical_gls_mean_b0,3.2328369379808266,3.4069667937335226,4.32042602788892
quiet10_r2048,physical_gls_mean_b0.03,3.2310225180716072,3.4064191109155795,4.315117821746646
quiet10_r2048,physical_gls_mean_b0.1,3.226932084497659,3.4022529390193226,4.309487289250227
quiet10_r2048,physical_gls_mean_b0.3,3.2163637567192143,3.40281819262178,4.308411511835387
quiet10_r2048,physical_gls_mean_b1,3.193091863964793,3.2886903897830875,4.446749872316955
quiet10_r2048,physical_gls_mean_b3,3.2343733174923868,3.2094240032713817,4.855807990693141
quiet10_r2048,physical_gls_median_b0,3.256435413605333,3.4504640036463297,4.336010630656705
quiet10_r2048,physical_gls_median_b0.03,3.254001956030364,3.45169948350208,4.345023126895914
quiet10_r2048,physical_gls_median_b0.1,3.2488617243278037,3.457109085327643,4.367710418422068
quiet10_r2048,physical_gls_median_b0.3,3.2347950976759567,3.4309979417121177,4.408521691103252
quiet10_r2048,physical_gls_median_b1,3.215223644725853,3.2321472112636416,4.658110670790326
quiet10_r2048,physical_gls_median_b3,3.327250152214263,3.124733286474038,5.310924195130598
quiet10_r2048,physical_mean_b0,3.2328369379808266,3.4069667937335226,4.32042602788892
quiet10_r2048,physical_mean_b0.03,3.230038561725086,3.405824730944424,4.314652759348417
quiet10_r2048,physical_mean_b0.1,3.2238718344217716,3.4004989613473713,4.31710823240516
quiet10_r2048,physical_mean_b0.3,3.209157589289237,3.363109927012495,4.328733686765703
quiet10_r2048,physical_mean_b1,3.1921367602369193,3.2587718079688974,4.5159919537432565
quiet10_r2048,physical_mean_b3,3.331519122650053,3.217243792712571,5.237751199312527
quiet10_r2048,physical_median_b0,3.256435413605333,3.4504640036463297,4.336010630656705
quiet10_r2048,physical_median_b0.03,3.2527286496051064,3.448205906753223,4.357236655860203
quiet10_r2048,physical_median_b0.1,3.244995747577374,3.4476983395450977,4.3726748711577015
quiet10_r2048,physical_median_b0.3,3.2269241324752067,3.369483807565123,4.497062910972902
quiet10_r2048,physical_median_b1,3.226034794275562,3.197928362245697,4.824188714165137
quiet10_r2048,physical_median_b3,3.4699747293391963,3.286420155465739,5.678521614465822
quiet10_r2048,prior,3.256435413605333,3.4504640036463288,4.336010630656703
quiet10_r4096,aligned_ridge_observed,3.207346497009205,3.318362515905104,4.561724087171144
quiet10_r4096,aligned_ridge_uniform,3.188544707971221,3.2796378537038606,4.480070270139104
quiet10_r4096,aligned_svr_observed,3.2146465139089426,3.2569127687372745,4.942984194411307
quiet10_r4096,aligned_svr_uniform,3.18796879766229,3.249345804755194,4.743886470371115
quiet10_r4096,fixed_blend,3.18752171679565,3.2989631964938235,4.5780352215999995
quiet10_r4096,fixed_et,3.212737734458087,3.382644420761199,4.39516210337961
quiet10_r4096,fixed_ridge,3.1786809955975652,3.258070006131004,4.551617469187161
quiet10_r4096,fixed_svr,3.213655172558352,3.1970036797655093,4.940770534526587
quiet10_r4096,physical_gls_mean_b0,3.2328369379808266,3.4069667937335226,4.32042602788892
quiet10_r4096,physical_gls_mean_b0.03,3.2282384602473133,3.4033298800758027,4.311642498537757
quiet10_r4096,physical_gls_mean_b0.1,3.217777880179663,3.4172379074092003,4.287314851589594
quiet10_r4096,physical_gls_mean_b0.3,3.1899804535416476,3.368283419355638,4.2917674301176385
quiet10_r4096,physical_gls_mean_b1,3.12107049236278,3.2740216156088957,4.368277399862589
quiet10_r4096,physical_gls_mean_b3,3.1706546281380974,3.0921171882845497,4.979999063603355
quiet10_r4096,physical_gls_median_b0,3.256435413605333,3.4504640036463297,4.336010630656705
quiet10_r4096,physical_gls_median_b0.03,3.2503199515075325,3.4497351238498917,4.3431460348057165
quiet10_r4096,physical_gls_median_b0.1,3.2365544530046337,3.435170705807725,4.3521541784123405
quiet10_r4096,physical_gls_median_b0.3,3.2003262270664146,3.3680744677447385,4.394771540697481
quiet10_r4096,physical_gls_median_b1,3.125628948539061,3.111278540626393,4.597549069910458
quiet10_r4096,physical_gls_median_b3,3.3006022278270075,3.090236916556403,5.487652762643867
quiet10_r4096,physical_mean_b0,3.2328369379808266,3.4069667937335226,4.32042602788892
quiet10_r4096,physical_mean_b0.03,3.2253668318920203,3.40206405411866,4.3083567308894395
quiet10_r4096,physical_mean_b0.1,3.208600419579289,3.4030738502162343,4.2921723863725445
quiet10_r4096,physical_mean_b0.3,3.1663983177978707,3.3107067912337005,4.291441317165414
quiet10_r4096,physical_mean_b1,3.104531410955294,3.159399131936217,4.483879250186997
quiet10_r4096,physical_mean_b3,3.286283486611895,3.0885002800851815,5.442341060401881
quiet10_r4096,physical_median_b0,3.256435413605333,3.4504640036463297,4.336010630656705
quiet10_r4096,physical_median_b0.03,3.246620206143343,3.4564747851554842,4.3598106144454105
quiet10_r4096,physical_median_b0.1,3.224556191526193,3.4281467797834724,4.351895547536691
quiet10_r4096,physical_median_b0.3,3.170583500808932,3.295859815747823,4.451576836529017
quiet10_r4096,physical_median_b1,3.1477574996445643,3.0192243509488907,4.8041239072063044
quiet10_r4096,physical_median_b3,3.4825065167247673,3.3082486279717367,5.964920705759674
quiet10_r4096,prior,3.256435413605333,3.4504640036463288,4.336010630656703
quiet10_r8192,aligned_ridge_observed,3.168606820270286,3.2945199064789126,4.452823906749114
quiet10_r8192,aligned_ridge_uniform,3.152568553703405,3.264986887820694,4.4568844454501315
quiet10_r8192,aligned_svr_observed,3.219308791060989,3.2192997208220877,4.809269597072606
quiet10_r8192,aligned_svr_uniform,3.1989356934388002,3.2149246404013,4.818732398586719
quiet10_r8192,fixed_blend,3.1867925164660145,3.349434202749711,4.628202705948267
quiet10_r8192,fixed_et,3.1932275223397237,3.34637737408888,4.411381770175389
quiet10_r8192,fixed_ridge,3.156390483626115,3.3233830444583363,4.518590568651159
quiet10_r8192,fixed_svr,3.233342027953275,3.2859349337906316,4.883216998650691
quiet10_r8192,physical_gls_mean_b0,3.2328369379808266,3.4069667937335226,4.32042602788892
quiet10_r8192,physical_gls_mean_b0.03,3.2270422076205465,3.395351112341521,4.304728123335848
quiet10_r8192,physical_gls_mean_b0.1,3.2140411973996788,3.395926531856409,4.281491156177832
quiet10_r8192,physical_gls_mean_b0.3,3.1806274087460165,3.342159953861584,4.291050856829092
quiet10_r8192,physical_gls_mean_b1,3.1087088698115632,3.225736749144546,4.40683612322036
quiet10_r8192,physical_gls_mean_b3,3.18810127250431,3.179127478051456,5.092898278860324
quiet10_r8192,physical_gls_median_b0,3.256435413605333,3.4504640036463297,4.336010630656705
quiet10_r8192,physical_gls_median_b0.03,3.2487697049871525,3.462499419311003,4.331718239311636
quiet10_r8192,physical_gls_median_b0.1,3.23141030079322,3.4354709728712276,4.329288540027721
quiet10_r8192,physical_gls_median_b0.3,3.188058461944974,3.3270305678533596,4.41050870149547
quiet10_r8192,physical_gls_median_b1,3.120739876916294,3.1832147135961693,4.600565546292349
quiet10_r8192,physical_gls_median_b3,3.3333810617088635,3.299626543260051,5.55368142084807
quiet10_r8192,physical_mean_b0,3.2328369379808266,3.4069667937335226,4.32042602788892
quiet10_r8192,physical_mean_b0.03,3.2232718524219433,3.3957644431150085,4.293802281546963
quiet10_r8192,physical_mean_b0.1,3.2022649038560096,3.3823175348184082,4.318897108956683
quiet10_r8192,physical_mean_b0.3,3.1523510300220954,3.3008805600941793,4.327593958193744
quiet10_r8192,physical_mean_b1,3.1014393957931166,3.12257541411976,4.524181798042796
quiet10_r8192,physical_mean_b3,3.2980191581041174,3.151866933201988,5.575806990375421
quiet10_r8192,physical_median_b0,3.256435413605333,3.4504640036463297,4.336010630656705
quiet10_r8192,physical_median_b0.03,3.24394182116389,3.468428283749113,4.330571182368216
quiet10_r8192,physical_median_b0.1,3.2156893572590928,3.404772153860846,4.3583398120874355
quiet10_r8192,physical_median_b0.3,3.1536208015678864,3.2775768363620585,4.473924222699162
quiet10_r8192,physical_median_b1,3.164991143948143,3.098402775735181,4.89230185749192
quiet10_r8192,physical_median_b3,3.5036843854715003,3.3470492780282104,6.036976609396195
quiet10_r8192,prior,3.256435413605333,3.4504640036463288,4.336010630656703
