case,family,candidate,mean_mm,p90_mm
nominal_r2048,overall,physical_mean_b1,3.218086275781412,4.334471240224601
nominal_r2048,fixed,fixed_et,3.2455974578605873,4.311441124849531
nominal_r2048,onset,aligned_ridge_uniform,3.254061329421216,4.503189208299004
nominal_r2048,physical,physical_mean_b1,3.218086275781412,4.334471240224601
nominal_r2048,prior,prior,3.2564354136053333,4.336010630656703
nominal_r4096,overall,physical_mean_b1,3.2108289228670515,4.3717191912330104
nominal_r4096,fixed,fixed_et,3.2617612286625315,4.493023901635351
nominal_r4096,onset,aligned_ridge_uniform,3.2617309592425845,4.394236734982534
nominal_r4096,physical,physical_mean_b1,3.2108289228670515,4.3717191912330104
nominal_r4096,prior,prior,3.2564354136053333,4.336010630656703
nominal_r8192,overall,physical_gls_mean_b1,3.2030176135664217,4.349078173339512
nominal_r8192,fixed,fixed_et,3.2856001665024075,4.454411827481488
nominal_r8192,onset,aligned_ridge_uniform,3.2282150168863284,4.44087156816426
nominal_r8192,physical,physical_gls_mean_b1,3.2030176135664217,4.349078173339512
nominal_r8192,prior,prior,3.2564354136053333,4.336010630656703
quiet10_r2048,overall,physical_mean_b1,3.1921367602369193,4.5159919537432565
quiet10_r2048,fixed,fixed_et,3.2423222905484175,4.491380308027896
quiet10_r2048,onset,aligned_ridge_uniform,3.2334554751054565,4.45011269259033
quiet10_r2048,physical,physical_mean_b1,3.1921367602369193,4.5159919537432565
quiet10_r2048,prior,prior,3.2564354136053333,4.336010630656703
quiet10_r4096,overall,physical_mean_b1,3.104531410955294,4.483879250186997
quiet10_r4096,fixed,fixed_ridge,3.178680995597565,4.551617469187161
quiet10_r4096,onset,aligned_ridge_uniform,3.188544707971221,4.480070270139104
quiet10_r4096,physical,physical_mean_b1,3.104531410955294,4.483879250186997
quiet10_r4096,prior,prior,3.2564354136053333,4.336010630656703
quiet10_r8192,overall,physical_mean_b1,3.1014393957931166,4.524181798042796
quiet10_r8192,fixed,fixed_ridge,3.156390483626115,4.518590568651159
quiet10_r8192,onset,aligned_ridge_uniform,3.1525685537034054,4.4568844454501315
quiet10_r8192,physical,physical_mean_b1,3.1014393957931166,4.524181798042796
quiet10_r8192,prior,prior,3.2564354136053333,4.336010630656703
