event,shot,predicted_x_mm,predicted_y_mm
0,0,1.2095196190865385,1.3989346653503492
0,1,1.3655251208336698,0.5643107325119092
1,0,-0.678918605705942,-0.6408381432014392
1,1,-0.17051646675750137,-0.322643336625664
2,0,1.3470430317910063,1.35568172040406
2,1,1.2880933228524076,0.9523677259964063
3,0,-0.8059849795310152,-0.30143408176478603
3,1,-0.8669664319960726,0.9124599129242017
4,0,0.29659065041855454,0.36453551354828617
4,1,0.6488498393090116,-0.7609528273063586
5,0,-1.3516461905448092,0.6159505874198987
5,1,-1.2712501343695772,-0.6495251029449389
6,0,-0.7477704342810763,-0.6027156382518695
6,1,1.1773568335564482,-0.33044194874343136
7,0,-0.8271803912131441,-1.346534904809563
7,1,-0.5441178735701693,-0.9411542981582568
8,0,-0.22436410751029373,0.26420122685852787
8,1,0.2241647783310759,-0.2708734243827746
9,0,-1.8362100180594576,-0.3386599987464831
9,1,-1.5461720284430636,-0.4688191383796618
10,0,0.027244122663294068,-0.5988571017700122
10,1,0.4666204396279204,-0.12301158604201537
11,0,0.18944535587147354,0.06342700424614686
11,1,-0.7644592579810274,-0.5839158564525531
12,0,-0.1995076146332872,-0.7049629062133715
12,1,-0.6739318427054537,-0.19758400765237075
13,0,-1.0166671332327974,-1.5905840962844775
13,1,-1.1214133557288302,-0.3078854798990176
14,0,0.40889650020912766,-0.21500184831198912
14,1,0.004726676234756699,0.03011879625740785
15,0,-0.39242190684958816,-0.4030548304038928
15,1,-1.3182641324011934,-0.33676688072261074
16,0,-0.23911807503386856,0.7479277283233716
16,1,0.23294624123886704,1.5704017311615064
17,0,1.309374326804434,-0.5443813472705767
17,1,0.25986098680809616,0.1826385289711072
18,0,-0.08315714265986801,-1.3930409520584033
18,1,-0.39864314164801956,-0.712778744073479
19,0,-0.4374449905364168,-0.18239468780335646
19,1,-0.6042473372428072,0.0743139416259839
20,0,-0.02785806175156952,0.060948821930320446
20,1,-0.13536421026870132,-0.1576703086214946
21,0,-0.7660855111090792,0.022274169353873913
21,1,0.508759582379614,-1.095187363000481
22,0,-0.776740437409128,-0.9669864743667529
22,1,0.2862581554444182,0.7130765944999768
23,0,-0.4539883192984712,0.40582102837982914
23,1,-0.8070412930457247,-1.2538194030242846
24,0,-0.43046328987761856,0.9747180372757032
24,1,0.781150335410391,0.5393601089996412
25,0,0.3343027475865233,-0.33152731952246883
25,1,0.4805621448548186,-0.6722586720901416
26,0,-0.5339337643592013,-0.28621637520369747
26,1,0.01149307374075531,0.11729547682228822
27,0,0.29015725288704514,-0.11335620355781775
27,1,-0.33630788888617874,-0.7956799238639758
28,0,-1.190819149872507,-0.001862910361854847
28,1,0.01351995203808426,0.8819188505691602
29,0,-0.9146089610068453,-1.1462594836669848
29,1,-0.4378183540312898,0.7219640046638562
30,0,-1.3737423476187838,-0.5716468959766314
30,1,-0.42552695240661026,0.2596244842094495
31,0,-0.9396972712485445,-0.9808104604202197
31,1,-0.8702502306906832,-0.5267638534027026
32,0,-0.05161887969657303,-0.511049178214638
32,1,-0.34507173862143875,-1.0467051833587573
33,0,-1.0112155732123507,-0.9213400453048632
33,1,-0.12855750884696365,-0.07075295669016105
34,0,-0.7251147088019503,-0.6576505273300097
34,1,-0.44031879868193985,0.956565442709358
35,0,1.1929879132302152,0.6999421745819165
35,1,-0.31728792752906204,0.32935628595772526
