model,events,mean_mm,p90_mm,within_1mm
geometry_center,576,3.2318064389112013,4.177984466450332,0.03298611111111111
nom2_estimated/E16,576,3.234886204353578,4.21940976456651,0.034722222222222224
nom2_fixed/E64,576,3.2305558943947834,4.197454966971138,0.035590277777777776
nom2_multi/E64,576,3.235641900295931,4.184311791697238,0.03125
nom2_oracle_time/R1000,576,3.2494857324990623,4.288698035978698,0.03298611111111111
nom2_template/composite/0.25,576,3.3920067345653013,5.359379919258245,0.04861111111111111
nom2_template/composite/1.0,576,3.2051098540921874,4.310184260191086,0.0390625
nom2_template/composite/4.0,576,3.221572481921383,4.174508346844367,0.033854166666666664
nom2_template/gls/0.25,576,3.234534575052683,4.638832384940411,0.04079861111111111
nom2_template/gls/1.0,576,3.212367733220306,4.204513377960545,0.036458333333333336
nom2_template/gls/4.0,576,3.226493550749721,4.1743985565569375,0.035590277777777776
nom4_fixed/E64,576,3.230778843346421,4.180281084120405,0.034722222222222224
nom4_template/composite/0.25,576,3.465975371463063,5.694403417587335,0.0546875
nom4_template/composite/1.0,576,3.1850022716213875,4.371702479217185,0.03819444444444445
nom4_template/composite/4.0,576,3.209599908544552,4.174611189348749,0.036458333333333336
nom4_template/gls/0.25,576,3.259249771716007,4.915173754125617,0.04513888888888889
nom4_template/gls/1.0,576,3.1925565851776887,4.214292707860554,0.03732638888888889
nom4_template/gls/4.0,576,3.2197743045217613,4.168187693191586,0.035590277777777776
oracle_marginals/E16,576,0.6110828919438707,1.1376734502786114,0.84375
oracle_t1/E16,576,0.5957284228405517,1.1571335375179608,0.8472222222222222
parent,576,3.231152737993556,4.506468746121033,0.03732638888888889
previous_weak_routed,576,3.220592448135653,4.455276492708172,0.03732638888888889
quiet2_fixed/R1000,576,3.1753526142484625,4.434889107577055,0.0390625
quiet2_template/composite/0.25,576,3.613885289356694,6.203360556759074,0.08159722222222222
quiet2_template/composite/1.0,576,3.169321057954562,4.729870365965113,0.042534722222222224
quiet2_template/composite/4.0,576,3.1671881481013444,4.193457429418283,0.036458333333333336
quiet2_template/gls/0.25,576,3.435084342472908,5.686857345193314,0.0703125
quiet2_template/gls/1.0,576,3.1307956260789704,4.348068325908379,0.041666666666666664
quiet2_template/gls/4.0,576,3.190722550147804,4.155887995760404,0.03732638888888889
quiet4_fixed/S1,576,3.0427819720964737,4.684215478221796,0.057291666666666664
quiet4_template/composite/0.25,576,3.4374705488179105,6.280355006823439,0.09635416666666667
quiet4_template/composite/1.0,576,3.006424578111572,4.870442414105553,0.06684027777777778
quiet4_template/composite/4.0,576,3.070838023436578,4.220301146686164,0.043402777777777776
quiet4_template/gls/0.25,576,3.255599922255778,5.782004242693849,0.09114583333333333
quiet4_template/gls/1.0,576,2.9787553935227504,4.438341631755058,0.05295138888888889
quiet4_template/gls/4.0,576,3.1342505858377496,4.14745752496027,0.035590277777777776
train_mean,576,3.232679646739965,4.186679069444275,0.03298611111111111
