size,family,group,events,mean_mm,p90_mm,within_1mm,within_2mm,answer_rate
0,REI,ordinary,360,2.769355801839483,4.1957263806732294,0.08472222222222223,0.28194444444444444,1.0
720,CNN,ordinary,360,2.7821289750754534,4.32646014801717,0.11527777777777778,0.2833333333333333,1.0
720,ExtraTrees,ordinary,360,2.6708313331856983,4.234589592687496,0.15833333333333333,0.32222222222222224,1.0
720,Ridge,ordinary,360,2.6932377878952787,4.278010587440034,0.13472222222222222,0.325,1.0
720,SVR,ordinary,360,2.6637276495707853,4.445177052493379,0.16944444444444445,0.3541666666666667,1.0
720,blend,ordinary,360,2.6275056038137024,4.248297996190967,0.17083333333333334,0.3416666666666667,1.0
720,fixed_ExtraTrees,ordinary,360,2.6708313331856983,4.234589592687496,0.15833333333333333,0.32222222222222224,1.0
720,fixed_Ridge,ordinary,360,2.6932377878952787,4.278010587440034,0.13472222222222222,0.325,1.0
720,fixed_SVR,ordinary,360,2.6637276495707853,4.445177052493379,0.16944444444444445,0.3541666666666667,1.0
720,fixed_blend,ordinary,360,2.627505603813702,4.248297996190967,0.17083333333333334,0.3416666666666667,1.0
720,previous_blend,ordinary,360,2.6275056038137024,4.248297996190967,0.17083333333333334,0.3416666666666667,1.0
720,prior,ordinary,360,3.2343645626031163,4.318963895212582,0.041666666666666664,0.125,1.0
1440,CNN,ordinary,360,2.704826406517867,4.300127104462019,0.1375,0.30277777777777776,1.0
1440,ExtraTrees,ordinary,360,2.6506516128287907,4.226002093830369,0.1736111111111111,0.325,1.0
1440,Ridge,ordinary,360,2.6408221997770642,4.2923823866320125,0.1527777777777778,0.3388888888888889,1.0
1440,SVR,ordinary,360,2.5993801003130206,4.4263253479694,0.20277777777777778,0.35833333333333334,1.0
1440,blend,ordinary,360,2.5891017007340653,4.243626723802579,0.19305555555555556,0.35,1.0
1440,fixed_ExtraTrees,ordinary,360,2.6506516128287907,4.226002093830369,0.1736111111111111,0.325,1.0
1440,fixed_Ridge,ordinary,360,2.6408221997770642,4.2923823866320125,0.1527777777777778,0.3388888888888889,1.0
1440,fixed_SVR,ordinary,360,2.5993801003130206,4.4263253479694,0.20277777777777778,0.35833333333333334,1.0
1440,fixed_blend,ordinary,360,2.5891017007340653,4.243626723802579,0.19305555555555556,0.35,1.0
1440,prior,ordinary,360,3.2375231649092333,4.330675242677066,0.03611111111111111,0.1361111111111111,1.0
2880,CNN,ordinary,360,2.6868974804105936,4.213075723367504,0.1361111111111111,0.3055555555555556,1.0
2880,ExtraTrees,ordinary,360,2.6249376424743542,4.198074433804194,0.18472222222222223,0.3236111111111111,1.0
2880,Ridge,ordinary,360,2.6197235202343303,4.284506248238589,0.16111111111111112,0.3458333333333333,1.0
2880,SVR,ordinary,360,2.582519121773564,4.434470303154007,0.20694444444444443,0.3736111111111111,1.0
2880,blend,ordinary,360,2.566863873591315,4.249225780322231,0.20694444444444443,0.3486111111111111,1.0
2880,fixed_ExtraTrees,ordinary,360,2.6249376424743542,4.198074433804194,0.18472222222222223,0.3236111111111111,1.0
2880,fixed_Ridge,ordinary,360,2.6197235202343303,4.284506248238589,0.16111111111111112,0.3458333333333333,1.0
2880,fixed_SVR,ordinary,360,2.582519121773564,4.434470303154007,0.20694444444444443,0.3736111111111111,1.0
2880,fixed_blend,ordinary,360,2.566863873591315,4.249225780322231,0.20694444444444443,0.3486111111111111,1.0
2880,prior,ordinary,360,3.2385312498456806,4.33449484718355,0.03611111111111111,0.1361111111111111,1.0
0,REI,strong_ellipse,72,1.5862334501494522,2.799777546769401,0.2847222222222222,0.6944444444444444,1.0
720,CNN,strong_ellipse,72,1.639359649769306,2.9258727905833557,0.3125,0.5972222222222222,1.0
720,ExtraTrees,strong_ellipse,72,1.1996207054030452,2.3926068616983884,0.4861111111111111,0.8125,1.0
720,Ridge,strong_ellipse,72,1.251689454790987,2.2837085266514627,0.4027777777777778,0.8333333333333334,1.0
720,SVR,strong_ellipse,72,1.1378854941384557,2.0332776003263358,0.4722222222222222,0.8888888888888888,1.0
720,blend,strong_ellipse,72,1.0555006164684975,2.044677626043794,0.5277777777777778,0.8888888888888888,1.0
720,fixed_ExtraTrees,strong_ellipse,72,1.1996207054030452,2.3926068616983884,0.4861111111111111,0.8125,1.0
720,fixed_Ridge,strong_ellipse,72,1.251689454790987,2.2837085266514627,0.4027777777777778,0.8333333333333334,1.0
720,fixed_SVR,strong_ellipse,72,1.1378854941384557,2.0332776003263358,0.4722222222222222,0.8888888888888888,1.0
720,fixed_blend,strong_ellipse,72,1.0555006164684975,2.044677626043794,0.5277777777777778,0.8888888888888888,1.0
720,previous_blend,strong_ellipse,72,1.0555006164684975,2.044677626043794,0.5277777777777778,0.8888888888888888,1.0
720,prior,strong_ellipse,72,3.184212938468424,4.269874643967432,0.05555555555555555,0.16666666666666666,1.0
1440,CNN,strong_ellipse,72,1.4762277315567902,2.620912943405332,0.3541666666666667,0.7152777777777778,1.0
1440,ExtraTrees,strong_ellipse,72,1.112555512033041,2.1681279260829522,0.5555555555555556,0.8402777777777778,1.0
1440,Ridge,strong_ellipse,72,1.1767987708695613,2.105704610394576,0.4375,0.8680555555555556,1.0
1440,SVR,strong_ellipse,72,1.0556567856338026,1.8828806014379942,0.5,0.9305555555555556,1.0
1440,blend,strong_ellipse,72,0.9736007216670548,1.9581777183974334,0.5972222222222222,0.9166666666666666,1.0
1440,fixed_ExtraTrees,strong_ellipse,72,1.112555512033041,2.1681279260829522,0.5555555555555556,0.8402777777777778,1.0
1440,fixed_Ridge,strong_ellipse,72,1.1767987708695613,2.105704610394576,0.4375,0.8680555555555556,1.0
1440,fixed_SVR,strong_ellipse,72,1.0556567856338026,1.8828806014379942,0.5,0.9305555555555556,1.0
1440,fixed_blend,strong_ellipse,72,0.9736007216670548,1.9581777183974334,0.5972222222222222,0.9166666666666666,1.0
1440,prior,strong_ellipse,72,3.177541558047576,4.273470931736252,0.05555555555555555,0.1527777777777778,1.0
2880,CNN,strong_ellipse,72,1.4235492744810883,2.634448568462027,0.3541666666666667,0.7638888888888888,1.0
2880,ExtraTrees,strong_ellipse,72,1.0661547888441094,2.1973080152703965,0.5694444444444444,0.8611111111111112,1.0
2880,Ridge,strong_ellipse,72,1.1473467946613283,2.176504154291418,0.4791666666666667,0.8611111111111112,1.0
2880,SVR,strong_ellipse,72,1.0134138696815822,1.783315924897209,0.5763888888888888,0.9375,1.0
2880,blend,strong_ellipse,72,0.9550424661007411,1.8966108266619688,0.6111111111111112,0.9305555555555556,1.0
2880,fixed_ExtraTrees,strong_ellipse,72,1.0661547888441094,2.197308015270396,0.5694444444444444,0.8611111111111112,1.0
2880,fixed_Ridge,strong_ellipse,72,1.1473467946613283,2.176504154291418,0.4791666666666667,0.8611111111111112,1.0
2880,fixed_SVR,strong_ellipse,72,1.0134138696815822,1.783315924897209,0.5763888888888888,0.9375,1.0
2880,fixed_blend,strong_ellipse,72,0.9550424661007411,1.8966108266619688,0.6111111111111112,0.9305555555555556,1.0
2880,prior,strong_ellipse,72,3.176175131714535,4.270218707717074,0.05555555555555555,0.1527777777777778,1.0
0,REI,weak,144,3.3035620887529356,4.419231789260875,0.013888888888888888,0.10069444444444445,1.0
720,CNN,weak,144,3.360864729846901,4.589535180266444,0.010416666666666666,0.09375,1.0
720,ExtraTrees,weak,144,3.295683399617184,4.461271998886755,0.017361111111111112,0.11458333333333333,1.0
720,Ridge,weak,144,3.3563863931611055,4.596703275066167,0.017361111111111112,0.10416666666666667,1.0
720,SVR,weak,144,3.416424147946142,4.965373695472442,0.020833333333333332,0.13194444444444445,1.0
720,blend,weak,144,3.335312949967453,4.568003334778585,0.024305555555555556,0.1111111111111111,1.0
720,fixed_ExtraTrees,weak,144,3.295683399617184,4.461271998886755,0.017361111111111112,0.11458333333333333,1.0
720,fixed_Ridge,weak,144,3.3563863931611055,4.596703275066167,0.017361111111111112,0.10416666666666667,1.0
720,fixed_SVR,weak,144,3.416424147946142,4.965373695472442,0.020833333333333332,0.13194444444444445,1.0
720,fixed_blend,weak,144,3.335312949967453,4.568003334778585,0.024305555555555556,0.1111111111111111,1.0
720,previous_blend,weak,144,3.335312949967453,4.568003334778585,0.024305555555555556,0.1111111111111111,1.0
720,prior,weak,144,3.280285253016065,4.313906982880126,0.020833333333333332,0.09722222222222222,1.0
1440,CNN,weak,144,3.3465445388488626,4.518716727555036,0.017361111111111112,0.10416666666666667,1.0
1440,ExtraTrees,weak,144,3.3050994178594166,4.43982389217428,0.013888888888888888,0.11458333333333333,1.0
1440,Ridge,weak,144,3.3505395622429526,4.539454788024778,0.017361111111111112,0.1076388888888889,1.0
1440,SVR,weak,144,3.401197100068061,4.828320197045503,0.024305555555555556,0.13194444444444445,1.0
1440,blend,weak,144,3.3328881012597122,4.537870383519961,0.020833333333333332,0.13194444444444445,1.0
1440,fixed_ExtraTrees,weak,144,3.3050994178594166,4.43982389217428,0.013888888888888888,0.11458333333333333,1.0
1440,fixed_Ridge,weak,144,3.3505395622429526,4.539454788024778,0.017361111111111112,0.1076388888888889,1.0
1440,fixed_SVR,weak,144,3.401197100068061,4.828320197045503,0.024305555555555556,0.13194444444444445,1.0
1440,fixed_blend,weak,144,3.3328881012597122,4.537870383519961,0.020833333333333332,0.13194444444444445,1.0
1440,prior,weak,144,3.2808774887091783,4.263841095775237,0.013888888888888888,0.1111111111111111,1.0
2880,CNN,weak,144,3.32269650710943,4.498090973155818,0.020833333333333332,0.10069444444444445,1.0
2880,ExtraTrees,weak,144,3.279903547963629,4.4675409153782315,0.020833333333333332,0.1111111111111111,1.0
2880,Ridge,weak,144,3.344279937498993,4.669659281620923,0.017361111111111112,0.1111111111111111,1.0
2880,SVR,weak,144,3.4000469625920493,5.015078450946636,0.017361111111111112,0.1423611111111111,1.0
2880,blend,weak,144,3.3171617567585368,4.676560021906915,0.020833333333333332,0.1284722222222222,1.0
2880,fixed_ExtraTrees,weak,144,3.279903547963629,4.4675409153782315,0.020833333333333332,0.1111111111111111,1.0
2880,fixed_Ridge,weak,144,3.344279937498993,4.669659281620923,0.017361111111111112,0.1111111111111111,1.0
2880,fixed_SVR,weak,144,3.4000469625920493,5.015078450946636,0.017361111111111112,0.1423611111111111,1.0
2880,fixed_blend,weak,144,3.3171617567585368,4.676560021906915,0.020833333333333332,0.1284722222222222,1.0
2880,prior,weak,144,3.281087205014272,4.285504560141227,0.013888888888888888,0.1111111111111111,1.0
0,REI,medium,144,2.883982303802985,4.1565875248828785,0.06597222222222222,0.21180555555555555,1.0
720,CNN,medium,144,2.900002071600515,4.306024993315993,0.08333333333333333,0.22569444444444445,1.0
720,ExtraTrees,medium,144,2.9188800940008455,4.221296349397359,0.059027777777777776,0.2222222222222222,1.0
720,Ridge,medium,144,2.819860813200743,4.10709587164339,0.06944444444444445,0.2465277777777778,1.0
720,SVR,medium,144,2.7169066562535473,4.233389460413381,0.09027777777777778,0.3020833333333333,1.0
720,blend,medium,144,2.789049601301349,4.172025269588363,0.06944444444444445,0.2638888888888889,1.0
720,fixed_ExtraTrees,medium,144,2.9188800940008455,4.221296349397359,0.059027777777777776,0.2222222222222222,1.0
720,fixed_Ridge,medium,144,2.819860813200743,4.10709587164339,0.06944444444444445,0.2465277777777778,1.0
720,fixed_SVR,medium,144,2.7169066562535473,4.233389460413381,0.09027777777777778,0.3020833333333333,1.0
720,fixed_blend,medium,144,2.789049601301349,4.172025269588363,0.06944444444444445,0.2638888888888889,1.0
720,previous_blend,medium,144,2.789049601301349,4.172025269588363,0.06944444444444445,0.2638888888888889,1.0
720,prior,medium,144,3.1881146964543956,4.318626709072271,0.0625,0.1597222222222222,1.0
1440,CNN,medium,144,2.8076827859971853,4.195050807423439,0.09027777777777778,0.2465277777777778,1.0
1440,ExtraTrees,medium,144,2.890271334402524,4.166410278729532,0.07291666666666667,0.22916666666666666,1.0
1440,Ridge,medium,144,2.7872836840516504,4.159873552057582,0.06597222222222222,0.2604166666666667,1.0
1440,SVR,medium,144,2.6931129395213063,4.239387628763867,0.10069444444444445,0.2916666666666667,1.0
1440,blend,medium,144,2.7597994766133245,4.165643862741552,0.0798611111111111,0.2569444444444444,1.0
1440,fixed_ExtraTrees,medium,144,2.890271334402524,4.166410278729532,0.07291666666666667,0.22916666666666666,1.0
1440,fixed_Ridge,medium,144,2.7872836840516504,4.159873552057582,0.06597222222222222,0.2604166666666667,1.0
1440,fixed_SVR,medium,144,2.6931129395213063,4.239387628763867,0.10069444444444445,0.2916666666666667,1.0
1440,fixed_blend,medium,144,2.7597994766133245,4.165643862741552,0.0798611111111111,0.2569444444444444,1.0
1440,prior,medium,144,3.1891748218380505,4.3350983230732565,0.05555555555555555,0.1736111111111111,1.0
2880,CNN,medium,144,2.817494314211287,4.138069590894087,0.08680555555555555,0.22916666666666666,1.0
2880,ExtraTrees,medium,144,2.882563529529369,4.186896291993555,0.0625,0.21875,1.0
2880,Ridge,medium,144,2.7611273547791106,4.131896826071288,0.06597222222222222,0.2708333333333333,1.0
2880,SVR,medium,144,2.675551394625622,4.255124128260936,0.10069444444444445,0.3194444444444444,1.0
2880,blend,medium,144,2.748859698607169,4.140222196276442,0.08680555555555555,0.2569444444444444,1.0
2880,fixed_ExtraTrees,medium,144,2.882563529529369,4.186896291993555,0.0625,0.21875,1.0
2880,fixed_Ridge,medium,144,2.7611273547791106,4.131896826071288,0.06597222222222222,0.2708333333333333,1.0
2880,fixed_SVR,medium,144,2.675551394625622,4.255124128260936,0.10069444444444445,0.3194444444444444,1.0
2880,fixed_blend,medium,144,2.748859698607169,4.140222196276442,0.08680555555555555,0.2569444444444444,1.0
2880,prior,medium,144,3.19002687988968,4.362935944223101,0.05555555555555555,0.1736111111111111,1.0
0,REI,strong,144,1.5289618371175115,2.5995223497334075,0.2743055555555556,0.7395833333333334,1.0
720,CNN,strong,144,1.5141354611258702,2.8576621904044908,0.3506944444444444,0.6875,1.0
720,ExtraTrees,strong,144,1.06232519204774,2.1421628488181432,0.5625,0.875,1.0
720,Ridge,strong,144,1.1826919907718418,2.0860922321278457,0.4513888888888889,0.8784722222222222,1.0
720,SVR,strong,144,1.0949310667965015,2.0312228386526154,0.5486111111111112,0.8958333333333334,1.0
720,blend,strong,144,0.9721517664997018,1.8639878650075172,0.5972222222222222,0.9236111111111112,1.0
720,fixed_ExtraTrees,strong,144,1.06232519204774,2.1421628488181432,0.5625,0.875,1.0
720,fixed_Ridge,strong,144,1.1826919907718418,2.0860922321278457,0.4513888888888889,0.8784722222222222,1.0
720,fixed_SVR,strong,144,1.0949310667965015,2.0312228386526154,0.5486111111111112,0.8958333333333334,1.0
720,fixed_blend,strong,144,0.9721517664997018,1.8639878650075172,0.5972222222222222,0.9236111111111112,1.0
720,previous_blend,strong,144,0.9721517664997018,1.8639878650075172,0.5972222222222222,0.9236111111111112,1.0
720,prior,strong,144,3.209617926271542,4.28414159467189,0.04861111111111111,0.1388888888888889,1.0
1440,CNN,strong,144,1.3459525572270146,2.515094014022071,0.4131944444444444,0.7638888888888888,1.0
1440,ExtraTrees,strong,144,0.9875360358265559,2.012800243981883,0.625,0.8888888888888888,1.0
1440,Ridge,strong,144,1.0526316385828371,1.9021664323892513,0.5173611111111112,0.9131944444444444,1.0
1440,SVR,strong,144,0.9319686040100854,1.7081468012116368,0.6319444444444444,0.9375,1.0
1440,blend,strong,144,0.8668670347956549,1.7169375816049761,0.6805555555555556,0.9444444444444444,1.0
1440,fixed_ExtraTrees,strong,144,0.9875360358265559,2.012800243981883,0.625,0.8888888888888888,1.0
1440,fixed_Ridge,strong,144,1.0526316385828371,1.9021664323892513,0.5173611111111112,0.9131944444444444,1.0
1440,fixed_SVR,strong,144,0.9319686040100854,1.7081468012116368,0.6319444444444444,0.9375,1.0
1440,fixed_blend,strong,144,0.8668670347956549,1.7169375816049761,0.6805555555555556,0.9444444444444444,1.0
1440,prior,strong,144,3.2125263807496416,4.319652239210993,0.04861111111111111,0.13194444444444445,1.0
2880,CNN,strong,144,1.2888275169463104,2.3121449883396696,0.4097222222222222,0.8159722222222222,1.0
2880,ExtraTrees,strong,144,0.9329544231149425,1.9320196414298338,0.6631944444444444,0.9097222222222222,1.0
2880,Ridge,strong,144,1.0175749056383876,1.851694165148559,0.5590277777777778,0.9131944444444444,1.0
2880,SVR,strong,144,0.8874063820570298,1.687580406255091,0.6875,0.9409722222222222,1.0
2880,blend,strong,144,0.8286594616629526,1.6726168675566349,0.7152777777777778,0.9513888888888888,1.0
2880,fixed_ExtraTrees,strong,144,0.9329544231149425,1.9320196414298338,0.6631944444444444,0.9097222222222222,1.0
2880,fixed_Ridge,strong,144,1.0175749056383876,1.851694165148559,0.5590277777777778,0.9131944444444444,1.0
2880,fixed_SVR,strong,144,0.8874063820570298,1.687580406255091,0.6875,0.9409722222222222,1.0
2880,fixed_blend,strong,144,0.8286594616629526,1.6726168675566349,0.7152777777777778,0.9513888888888888,1.0
2880,prior,strong,144,3.2133016055675157,4.291587745383572,0.04861111111111111,0.13194444444444445,1.0
0,REI,strong_circle,72,1.4716902240855712,2.351431728879157,0.2638888888888889,0.7847222222222222,1.0
720,CNN,strong_circle,72,1.388911272482434,2.6260317724593625,0.3888888888888889,0.7777777777777778,1.0
720,ExtraTrees,strong_circle,72,0.9250296786924347,1.803887575797399,0.6388888888888888,0.9375,1.0
720,Ridge,strong_circle,72,1.1136945267526968,1.8180244732781146,0.5,0.9236111111111112,1.0
720,SVR,strong_circle,72,1.0519766394545473,1.925577908368496,0.625,0.9027777777777778,1.0
720,blend,strong_circle,72,0.8888029165309064,1.5575738742847884,0.6666666666666666,0.9583333333333334,1.0
720,fixed_ExtraTrees,strong_circle,72,0.9250296786924346,1.8038875757973991,0.6388888888888888,0.9375,1.0
720,fixed_Ridge,strong_circle,72,1.1136945267526968,1.8180244732781146,0.5,0.9236111111111112,1.0
720,fixed_SVR,strong_circle,72,1.0519766394545473,1.925577908368496,0.625,0.9027777777777778,1.0
720,fixed_blend,strong_circle,72,0.8888029165309063,1.5575738742847884,0.6666666666666666,0.9583333333333334,1.0
720,previous_blend,strong_circle,72,0.8888029165309063,1.5575738742847884,0.6666666666666666,0.9583333333333334,1.0
720,prior,strong_circle,72,3.23502291407466,4.433036589225608,0.041666666666666664,0.1111111111111111,1.0
1440,CNN,strong_circle,72,1.2156773828972394,2.3453162672211896,0.4722222222222222,0.8125,1.0
1440,ExtraTrees,strong_circle,72,0.862516559620071,1.7761584791872045,0.6944444444444444,0.9375,1.0
1440,Ridge,strong_circle,72,0.9284645062961131,1.6866161432287758,0.5972222222222222,0.9583333333333334,1.0
1440,SVR,strong_circle,72,0.8082804223863682,1.437693004933369,0.7638888888888888,0.9444444444444444,1.0
1440,blend,strong_circle,72,0.7601333479242551,1.424102453847187,0.7638888888888888,0.9722222222222222,1.0
1440,fixed_ExtraTrees,strong_circle,72,0.862516559620071,1.7761584791872045,0.6944444444444444,0.9375,1.0
1440,fixed_Ridge,strong_circle,72,0.9284645062961131,1.6866161432287758,0.5972222222222222,0.9583333333333334,1.0
1440,fixed_SVR,strong_circle,72,0.8082804223863682,1.437693004933369,0.7638888888888888,0.9444444444444444,1.0
1440,fixed_blend,strong_circle,72,0.7601333479242551,1.424102453847187,0.7638888888888888,0.9722222222222222,1.0
1440,prior,strong_circle,72,3.2475112034517064,4.319652239210993,0.041666666666666664,0.1111111111111111,1.0
2880,CNN,strong_circle,72,1.1541057594115323,2.1188274079484644,0.4652777777777778,0.8680555555555556,1.0
2880,ExtraTrees,strong_circle,72,0.7997540573857758,1.6264772122060867,0.7569444444444444,0.9583333333333334,1.0
2880,Ridge,strong_circle,72,0.8878030166154469,1.5247009672703795,0.6388888888888888,0.9652777777777778,1.0
2880,SVR,strong_circle,72,0.7613988944324773,1.2430777382270448,0.7986111111111112,0.9444444444444444,1.0
2880,blend,strong_circle,72,0.7022764572251641,1.3454660667217682,0.8194444444444444,0.9722222222222222,1.0
2880,fixed_ExtraTrees,strong_circle,72,0.7997540573857758,1.6264772122060864,0.7569444444444444,0.9583333333333334,1.0
2880,fixed_Ridge,strong_circle,72,0.8878030166154469,1.5247009672703795,0.6388888888888888,0.9652777777777778,1.0
2880,fixed_SVR,strong_circle,72,0.7613988944324773,1.2430777382270448,0.7986111111111112,0.9444444444444444,1.0
2880,fixed_blend,strong_circle,72,0.7022764572251641,1.3454660667217682,0.8194444444444444,0.9722222222222222,1.0
2880,prior,strong_circle,72,3.2504280794204967,4.291587745383572,0.041666666666666664,0.1111111111111111,1.0
0,REI,all,432,2.5721687432244775,4.121409020516247,0.11805555555555555,0.3506944444444444,1.0
720,CNN,all,432,2.591667420857762,4.226082376734284,0.14814814814814814,0.33564814814814814,1.0
720,ExtraTrees,all,432,2.4256295618885897,4.150629538355265,0.21296296296296297,0.4039351851851852,1.0
720,Ridge,all,432,2.452979732377897,4.177298392414196,0.17939814814814814,0.4097222222222222,1.0
720,SVR,all,432,2.4094206236653974,4.335720877991623,0.2199074074074074,0.44328703703703703,1.0
720,blend,all,432,2.3655047725895013,4.181570116772991,0.23032407407407407,0.43287037037037035,1.0
720,fixed_ExtraTrees,all,432,2.4256295618885897,4.150629538355265,0.21296296296296297,0.4039351851851852,1.0
720,fixed_Ridge,all,432,2.452979732377897,4.177298392414196,0.17939814814814814,0.4097222222222222,1.0
720,fixed_SVR,all,432,2.4094206236653974,4.335720877991623,0.2199074074074074,0.44328703703703703,1.0
720,fixed_blend,all,432,2.3655047725895013,4.181570116772991,0.23032407407407407,0.43287037037037035,1.0
720,previous_blend,all,432,2.3655047725895013,4.181570116772992,0.23032407407407407,0.43287037037037035,1.0
720,prior,all,432,3.226005958580668,4.313906982880126,0.04398148148148148,0.13194444444444445,1.0
1440,CNN,all,432,2.500059960691021,4.243079970563037,0.1736111111111111,0.3715277777777778,1.0
1440,ExtraTrees,all,432,2.3943022626961654,4.151802774842349,0.23726851851851852,0.41087962962962965,1.0
1440,Ridge,all,432,2.3968182949591466,4.183759152796754,0.20023148148148148,0.4270833333333333,1.0
1440,SVR,all,432,2.3420928811998176,4.272859361674546,0.2523148148148148,0.4537037037037037,1.0
1440,blend,all,432,2.3198515375562305,4.18130311823897,0.2604166666666667,0.4444444444444444,1.0
1440,fixed_ExtraTrees,all,432,2.3943022626961654,4.151802774842349,0.23726851851851852,0.41087962962962965,1.0
1440,fixed_Ridge,all,432,2.3968182949591466,4.183759152796754,0.20023148148148148,0.4270833333333333,1.0
1440,fixed_SVR,all,432,2.3420928811998176,4.272859361674546,0.2523148148148148,0.4537037037037037,1.0
1440,fixed_blend,all,432,2.3198515375562305,4.18130311823897,0.2604166666666667,0.4444444444444444,1.0
1440,prior,all,432,3.22752623043229,4.330183789299712,0.03935185185185185,0.1388888888888889,1.0
2880,CNN,all,432,2.4763394460890087,4.116542944568108,0.1724537037037037,0.3819444444444444,1.0
2880,ExtraTrees,all,432,2.365140500202646,4.15000946799278,0.2488425925925926,0.4131944444444444,1.0
2880,Ridge,all,432,2.374327399305497,4.18459443352308,0.21412037037037038,0.43171296296296297,1.0
2880,SVR,all,432,2.3210015797582337,4.32996853092414,0.26851851851851855,0.4675925925925926,1.0
2880,blend,all,432,2.2982269723428863,4.155488027378577,0.2743055555555556,0.44560185185185186,1.0
2880,fixed_ExtraTrees,all,432,2.365140500202646,4.15000946799278,0.2488425925925926,0.4131944444444444,1.0
2880,fixed_Ridge,all,432,2.374327399305497,4.18459443352308,0.21412037037037038,0.43171296296296297,1.0
2880,fixed_SVR,all,432,2.3210015797582337,4.32996853092414,0.26851851851851855,0.4675925925925926,1.0
2880,fixed_blend,all,432,2.2982269723428863,4.155488027378577,0.2743055555555556,0.44560185185185186,1.0
2880,prior,all,432,3.2281385634904893,4.323066706527424,0.03935185185185185,0.1388888888888889,1.0
