event,run_id,epicenter_row,epicenter_col,epicenter_region,geometry,initial_beta,late_beta,beta_transition_ms,axis_ratio,angle_degrees,source_count,secondary_epicenter_row,secondary_epicenter_col,secondary_source_strength,reflection_enabled,reflection_coefficient,reflection_boundary_margin_mm,halo_enabled,halo_strength,halo_lambda_multiplier,halo_beta,halo_front_width_multiplier,propagation_law,apparent_speed_m_per_s,diffusion_coefficient_mm2_per_ms,front_width_ms,arrival_jitter_sd_us,arrival_jitter_correlation_length_mm,initial_lambda_mm,maximum_lambda_mm,maximum_distance_mm,spread_time_ms,cutoff_width_mm,maximum_amplitude,prompt_fraction,rise_time_ms,peak_time_ms,decay_time_ms,baseline_total_errors,baseline_drift_fraction,temporal_backend,qp_trapping_rate_per_us,qp_recombination_rate_per_us,qp_generation_scale_per_us,qp_baseline_t1_us,qp_baseline_t2_us,qp_measurement_exposure_us,qp_al_gap_uev,qp_qubit_frequency_ghz,qp_maximum_radiation_probability,qp_source_decay_mode,qp_dephasing_enabled,qp_charging_energy_ghz,qp_frequency_shift_enabled,qp_frequency_shift_coefficient_a,qp_source_lifetime_ms,event_onset_ms,is_control,global_spatial_mixing_fraction,qp_hardware_mode,qp_device_id,qp_baseline_t1_min_us,qp_baseline_t1_max_us,qp_baseline_t2_min_us,qp_baseline_t2_max_us,qp_baseline_t1_by_qubit_us,qp_baseline_t2_by_qubit_us,qp_qubit_frequency_by_qubit_ghz,qp_peak_density,qp_minimum_t1_us,qp_peak_generation_rate_per_us,qp_relaxation_coefficient_per_us,qp_generation_event_scale,achieved_peak_error_fraction,spatial_residual_enabled,low_rank_spatial_coefficients,missing_qubits,strength_band,generation_seed,event_uid,device_seed,syndrome_seed,circuit_id,fraction_round_qubits_below_30us
324,0,3.964826049581833,1.0671175532634862,outside,elliptical,2.337649204077811,1.255655389445323,3.4784853285696737,1.988649857036476,84.36969566417679,1,,,,False,0.2705934603056532,0.8688158033928701,False,0.10759766563528916,2.0456058632424963,0.6624664144211412,1.7782168515501484,ballistic,38.93537655693571,,0.10156496312271861,69.09501524776292,0.8812968474618232,2.8896056108206585,5.4934840658223765,7.564011973995681,0.4428883367460038,0.17967363853573365,0.9467654245293701,0.19678081132723985,0.2897022413428826,0.7461045637593321,23.453674407842424,3.213234044976249,0.0318073647638633,qp_ode,0.05,100.0,3.1016516618781288e-09,100.00000000000001,188.48033507752348,0.32577980761472913,191.0,5.0,0.999,independent_lognormal,False,0.0,False,0.0,35.02371990341808,0.6410802893735185,False,0.0,fixed_device,0,83.8352488853537,118.05332671712425,167.6704977707074,204.94395774055712,107.50854;83.835249;108.17078;117.03402;89.487233;118.05333;86.697402;85.209342;102.47198;92.587643;100.74184;98.930132;99.136065;93.433459;94.419352;116.50486;105.77879,198.80062;167.6705;194.33474;189.94553;178.97447;197.9976;173.3948;170.41868;204.94396;185.17529;198.89142;197.86026;196.57891;186.86692;188.8387;189.8481;183.62519,4.9457111;5.0272209;5.0049862;5.0861229;5.0349499;4.97517;4.9890876;5.0206058;4.8965438;5.0073491;4.9351045;5.0695225;5.0068295;5.0800369;4.971503;4.9932767;4.9559796,7.086148912094359e-08,74.44391632080078,3.5452867308549685e-09,42980.199123443395,1.0,0.19455854696254465,True,,,1,11082363807362158128,3d38d20b97844612b6ad28d2550e4feec7c1dcb6333a7347f39d16c07a33e39f:324,123,6860454888458582331,3eabdfa943524b1077c76342cd49dd883c1d02e6abf0a6e9273162f3d53c340b,0.0
325,0,-2.719168303424985,1.1317365380636542,inside,circular,2.3956775009642133,1.6121680961636593,3.8114142415218737,1.0,21.94752197723411,1,,,,False,0.06347418325419579,0.28048676932244954,False,0.12302850232022587,2.9317611943964197,0.7113327060103879,2.8884427078872195,diffusive,,15.05902137419669,0.0899930204739444,12.369913794998517,1.3943669900010054,2.6244002465998184,4.628156827252727,8.951285929259235,0.3760914859017249,0.45519577685411394,0.8859164536485188,0.7778972464667243,0.19980719802739083,1.1598857123847883,21.00600834293678,3.037182946614903,0.049980373934774724,qp_ode,0.05,100.0,9.0435653269885e-10,100.00000000000001,188.48033507752348,0.5743014810468519,191.0,5.0,0.999,independent_lognormal,False,0.0,False,0.0,22.58139506099692,0.3427829582256711,False,0.0,fixed_device,0,83.8352488853537,118.05332671712425,167.6704977707074,204.94395774055712,107.50854;83.835249;108.17078;117.03402;89.487233;118.05333;86.697402;85.209342;102.47198;92.587643;100.74184;98.930132;99.136065;93.433459;94.419352;116.50486;105.77879,198.80062;167.6705;194.33474;189.94553;178.97447;197.9976;173.3948;170.41868;204.94396;185.17529;198.89142;197.86026;196.57891;186.86692;188.8387;189.8481;183.62519,4.9457111;5.0272209;5.0049862;5.0861229;5.0349499;4.97517;4.9890876;5.0206058;4.8965438;5.0073491;4.9351045;5.0695225;5.0068295;5.0800369;4.971503;4.9932767;4.9559796,1.768734136931016e-08,81.87417602539062,8.84556150548832e-10,42980.199123443395,1.0,0.18762152385857572,True,,,0,16234791203945318697,3d38d20b97844612b6ad28d2550e4feec7c1dcb6333a7347f39d16c07a33e39f:325,123,2519898484743244375,3eabdfa943524b1077c76342cd49dd883c1d02e6abf0a6e9273162f3d53c340b,0.0
326,0,3.4428803468099805,1.195355257059771,outside,elliptical,2.1246254154186075,0.8517707147367746,2.8052839542229524,1.1765471666672702,61.04881127323543,1,,,,False,0.3761284382357677,0.13959368852037413,False,0.2607074611119474,1.869400332824771,0.7512220140225214,1.438135504202423,diffusive,,10.544421095264772,0.11563126827134393,0.027890501140408475,1.6417498586463557,3.563863469583436,4.465300046011872,7.952178990038887,0.42469420945920355,0.45116346668369167,0.9857676013369486,0.04152899797378345,0.36701937336496876,0.6026324756876756,28.741360374688583,2.8843366858762343,0.04255300940146139,qp_ode,0.05,100.0,1.6630426690022845e-10,100.00000000000001,188.48033507752348,1.224899391230581,191.0,5.0,0.999,independent_lognormal,False,0.0,False,0.0,28.19778204171642,0.05054585778024648,False,0.0,fixed_device,0,83.8352488853537,118.05332671712425,167.6704977707074,204.94395774055712,107.50854;83.835249;108.17078;117.03402;89.487233;118.05333;86.697402;85.209342;102.47198;92.587643;100.74184;98.930132;99.136065;93.433459;94.419352;116.50486;105.77879,198.80062;167.6705;194.33474;189.94553;178.97447;197.9976;173.3948;170.41868;204.94396;185.17529;198.89142;197.86026;196.57891;186.86692;188.8387;189.8481;183.62519,4.9457111;5.0272209;5.0049862;5.0861229;5.0349499;4.97517;4.9890876;5.0206058;4.8965438;5.0073491;4.9351045;5.0695225;5.0068295;5.0800369;4.971503;4.9932767;4.9559796,2.9959315028804667e-09,83.83523559570312,1.4981249574219646e-10,42980.199123443395,1.0,0.1769009249363537,True,,,0,15138943417890512886,3d38d20b97844612b6ad28d2550e4feec7c1dcb6333a7347f39d16c07a33e39f:326,123,6347849820939527793,3eabdfa943524b1077c76342cd49dd883c1d02e6abf0a6e9273162f3d53c340b,0.0
327,0,-3.7515153693095766,-2.134463794440424,outside,elliptical,2.2733625995985998,0.9220880060960814,6.592548218140459,1.9764311353365926,37.42536565204324,1,,,,False,0.22790058164059368,0.8929619391603416,False,0.31006915986277633,3.5297004456388685,0.7076803202249836,1.8745621902921283,ballistic,29.42597266047131,,0.03837814058281576,5.830929874262729,0.4673463461894377,2.9007925463455724,4.300552405311139,5.4925373448186035,0.5744138949789406,0.13274444259460758,0.8435737850360366,0.14979768053226633,0.4761119203092753,1.0873515117667076,27.135454415118758,2.841523193913027,0.06115482907713735,qp_ode,0.05,100.0,3.5573599846949746e-10,100.00000000000001,188.48033507752348,1.7891094589379075,191.0,5.0,0.999,independent_lognormal,False,0.0,False,0.0,5.036214964087243,0.24853875145234444,False,0.0,fixed_device,0,83.8352488853537,118.05332671712425,167.6704977707074,204.94395774055712,107.50854;83.835249;108.17078;117.03402;89.487233;118.05333;86.697402;85.209342;102.47198;92.587643;100.74184;98.930132;99.136065;93.433459;94.419352;116.50486;105.77879,198.80062;167.6705;194.33474;189.94553;178.97447;197.9976;173.3948;170.41868;204.94396;185.17529;198.89142;197.86026;196.57891;186.86692;188.8387;189.8481;183.62519,4.9457111;5.0272209;5.0049862;5.0861229;5.0349499;4.97517;4.9890876;5.0206058;4.8965438;5.0073491;4.9351045;5.0695225;5.0068295;5.0800369;4.971503;4.9932767;4.9559796,4.521162999537864e-09,83.02922821044922,2.2670069987906771e-10,42980.199123443395,1.0,0.1774239266956447,True,,,0,7116723703011605455,3d38d20b97844612b6ad28d2550e4feec7c1dcb6333a7347f39d16c07a33e39f:327,123,6783662921766799864,3eabdfa943524b1077c76342cd49dd883c1d02e6abf0a6e9273162f3d53c340b,0.0
328,0,3.9433852544099706,-2.9505129753194286,outside,circular,2.3721606660372965,0.8640139127945825,3.4698445057577976,1.0,27.693216274856272,1,,,,False,0.18480418684872418,0.6616022177331774,False,0.24165673405537308,1.5805662915087768,1.2531302180754211,1.7369998847318742,ballistic,38.26720979166358,,0.09290325480448015,33.522193609197345,0.977964054337514,3.7074612026050997,3.8306669513206315,5.552402082815156,0.33907979143612654,0.11601707774649395,0.8528486551890397,0.07468855948187328,0.37590017428802175,1.0958869022983473,27.176045660868965,3.0506174362070517,0.03896127512407722,qp_ode,0.05,100.0,1.8327877835543313e-07,100.00000000000001,188.48033507752348,0.7021613344096942,191.0,5.0,0.999,independent_lognormal,False,0.0,False,0.0,9.364516395651949,0.6129519433515598,False,0.0,fixed_device,0,83.8352488853537,118.05332671712425,167.6704977707074,204.94395774055712,107.50854;83.835249;108.17078;117.03402;89.487233;118.05333;86.697402;85.209342;102.47198;92.587643;100.74184;98.930132;99.136065;93.433459;94.419352;116.50486;105.77879,198.80062;167.6705;194.33474;189.94553;178.97447;197.9976;173.3948;170.41868;204.94396;185.17529;198.89142;197.86026;196.57891;186.86692;188.8387;189.8481;183.62519,4.9457111;5.0272209;5.0049862;5.0861229;5.0349499;4.97517;4.9890876;5.0206058;4.8965438;5.0073491;4.9351045;5.0695225;5.0068295;5.0800369;4.971503;4.9932767;4.9559796,2.2516408080264227e-06,9.28946304321289,1.1328971538659971e-07,42980.199123443395,1.0,0.19440921666391894,True,,,2,4919756078237146690,3d38d20b97844612b6ad28d2550e4feec7c1dcb6333a7347f39d16c07a33e39f:328,123,2418319885308018239,3eabdfa943524b1077c76342cd49dd883c1d02e6abf0a6e9273162f3d53c340b,0.1943072150735294
329,0,0.6239977537075485,-1.0819168551576643,inside,circular,2.047704349969653,0.966650561463892,5.073582993715378,1.0,31.303083085579733,1,,,,False,0.11882568555228766,0.6730607932977304,False,0.24665038747168874,1.557610596476487,0.9645645183516631,2.3323820009271965,ballistic,31.551791271814864,,0.11199797706482117,14.41866721771091,1.1020171335175202,2.404766138443968,6.292816168019316,5.07282813783338,0.413693969332918,0.22735495272178335,0.8268215274783813,0.15456277075103897,0.15364954023969735,0.6810471640952985,31.443912000241923,3.0930124374843233,0.06546939012716574,qp_ode,0.05,100.0,1.2692587959252932e-07,100.00000000000001,188.48033507752348,1.7733418836489734,191.0,5.0,0.999,independent_lognormal,False,0.0,False,0.0,11.797776887828267,0.2071333286474033,False,0.0,fixed_device,0,83.8352488853537,118.05332671712425,167.6704977707074,204.94395774055712,107.50854;83.835249;108.17078;117.03402;89.487233;118.05333;86.697402;85.209342;102.47198;92.587643;100.74184;98.930132;99.136065;93.433459;94.419352;116.50486;105.77879,198.80062;167.6705;194.33474;189.94553;178.97447;197.9976;173.3948;170.41868;204.94396;185.17529;198.89142;197.86026;196.57891;186.86692;188.8387;189.8481;183.62519,4.9457111;5.0272209;5.0049862;5.0861229;5.0349499;4.97517;4.9890876;5.0206058;4.8965438;5.0073491;4.9351045;5.0695225;5.0068295;5.0800369;4.971503;4.9932767;4.9559796,2.324569095435436e-06,9.02643871307373,1.1691853529782748e-07,42980.199123443395,1.0,0.28160073521281737,True,,,2,4763198596753329948,3d38d20b97844612b6ad28d2550e4feec7c1dcb6333a7347f39d16c07a33e39f:329,123,8090352588025571662,3eabdfa943524b1077c76342cd49dd883c1d02e6abf0a6e9273162f3d53c340b,0.8129021139705882
330,0,-3.0,-0.8405416740965457,edge,elliptical,2.291966974969941,1.252551468595256,2.3238613351026682,1.4324236321654094,124.35847651098436,1,,,,False,0.36683437989190204,0.7430384902797189,False,0.12523136673219443,3.576307875277503,0.7139865895763684,2.324147977321263,ballistic,38.801927943798205,,0.08191154457105257,24.73329939346592,1.374423424450621,2.1647047122029752,5.686390261105787,5.788291079825006,0.17181247711254521,0.3814737171938344,0.8159240441584316,0.7030042269005696,0.4923972818581584,1.0162206125134574,27.840805775493067,2.816761601186418,0.029014738618065535,qp_ode,0.05,100.0,1.6596934089763292e-09,100.00000000000001,188.48033507752348,1.3813921634640176,191.0,5.0,0.999,independent_lognormal,False,0.0,False,0.0,13.448217164844717,0.18346412064053114,False,0.0,fixed_device,0,83.8352488853537,118.05332671712425,167.6704977707074,204.94395774055712,107.50854;83.835249;108.17078;117.03402;89.487233;118.05333;86.697402;85.209342;102.47198;92.587643;100.74184;98.930132;99.136065;93.433459;94.419352;116.50486;105.77879,198.80062;167.6705;194.33474;189.94553;178.97447;197.9976;173.3948;170.41868;204.94396;185.17529;198.89142;197.86026;196.57891;186.86692;188.8387;189.8481;183.62519,4.9457111;5.0272209;5.0049862;5.0861229;5.0349499;4.97517;4.9890876;5.0206058;4.8965438;5.0073491;4.9351045;5.0695225;5.0068295;5.0800369;4.971503;4.9932767;4.9559796,3.7345948555866926e-08,80.00045776367188,1.8696091341752208e-09,42980.199123443395,1.0,0.17104787774294428,True,,,1,11043445599613386499,3d38d20b97844612b6ad28d2550e4feec7c1dcb6333a7347f39d16c07a33e39f:330,123,4673974662002343444,3eabdfa943524b1077c76342cd49dd883c1d02e6abf0a6e9273162f3d53c340b,0.0
331,0,3.848505802470111,-0.7499053077641307,outside,circular,2.246522384440019,1.3506409286901135,6.129916667311086,1.0,91.4247073276901,1,,,,False,0.3571052917118764,0.005962031397616752,False,0.39308187784388393,2.478394321152781,0.8977318686176909,2.490934670090989,ballistic,25.283245013993632,,0.026528159958817438,78.6094958748449,1.3992244111539849,2.6204396887686774,4.022579773845175,9.068897506673219,0.2951719337994667,0.4473917840375712,0.8890743745104154,0.40775585535022385,0.2850282762172586,0.8170622038433939,21.454253295570698,2.862812987912232,0.00246663834023801,qp_ode,0.05,100.0,1.1396827308012926e-10,100.00000000000001,188.48033507752348,1.4623098069498288,191.0,5.0,0.999,independent_lognormal,False,0.0,False,0.0,58.73669196446879,0.10910144474986756,False,0.0,fixed_device,0,83.8352488853537,118.05332671712425,167.6704977707074,204.94395774055712,107.50854;83.835249;108.17078;117.03402;89.487233;118.05333;86.697402;85.209342;102.47198;92.587643;100.74184;98.930132;99.136065;93.433459;94.419352;116.50486;105.77879,198.80062;167.6705;194.33474;189.94553;178.97447;197.9976;173.3948;170.41868;204.94396;185.17529;198.89142;197.86026;196.57891;186.86692;188.8387;189.8481;183.62519,4.9457111;5.0272209;5.0049862;5.0861229;5.0349499;4.97517;4.9890876;5.0206058;4.8965438;5.0073491;4.9351045;5.0695225;5.0068295;5.0800369;4.971503;4.9932767;4.9559796,1.9434798215201e-09,83.73331451416016,9.71850031006305e-11,42980.199123443395,1.0,0.16884678207813353,True,,,0,13621246211757563818,3d38d20b97844612b6ad28d2550e4feec7c1dcb6333a7347f39d16c07a33e39f:331,123,7105378207823601813,3eabdfa943524b1077c76342cd49dd883c1d02e6abf0a6e9273162f3d53c340b,0.0
332,0,1.1924840069444524,2.2903903747845336,inside,circular,1.8099252437659437,0.8726444122161733,4.016190322462401,1.0,178.22260016370754,1,,,,False,0.1462782512423036,0.8196424702342567,False,0.32000021717634897,2.4115059372453276,1.290672150940217,2.98474290879923,diffusive,,13.121830188078839,0.09470671493910934,10.342847422513941,1.2140105215867019,2.646325405516126,6.1536398587155965,9.869339298383467,0.557460515335089,0.22026755896562886,0.916445306739458,0.5652759690723089,0.12967761818551393,0.9259070035584862,31.668849818562194,3.36112265868527,0.007383964939825241,qp_ode,0.05,100.0,1.5139277675052926e-08,100.00000000000001,188.48033507752348,0.9837073103124172,191.0,5.0,0.999,independent_lognormal,False,0.0,False,0.0,5.268884576083579,0.17262653710468123,False,0.0,fixed_device,0,83.8352488853537,118.05332671712425,167.6704977707074,204.94395774055712,107.50854;83.835249;108.17078;117.03402;89.487233;118.05333;86.697402;85.209342;102.47198;92.587643;100.74184;98.930132;99.136065;93.433459;94.419352;116.50486;105.77879,198.80062;167.6705;194.33474;189.94553;178.97447;197.9976;173.3948;170.41868;204.94396;185.17529;198.89142;197.86026;196.57891;186.86692;188.8387;189.8481;183.62519,4.9457111;5.0272209;5.0049862;5.0861229;5.0349499;4.97517;4.9890876;5.0206058;4.8965438;5.0073491;4.9351045;5.0695225;5.0068295;5.0800369;4.971503;4.9932767;4.9559796,5.068973791821918e-07,32.10850524902344,2.537398025026505e-08,42980.199123443395,1.0,0.20296431701665746,True,,,2,15085193287902031623,3d38d20b97844612b6ad28d2550e4feec7c1dcb6333a7347f39d16c07a33e39f:332,123,4949044130084496946,3eabdfa943524b1077c76342cd49dd883c1d02e6abf0a6e9273162f3d53c340b,0.0
333,0,-2.438009051331637,-1.601310374932871,inside,elliptical,2.0379516989050175,0.8227450535147796,2.246970673857576,1.7552016941278767,82.01155065553607,1,,,,False,0.37957682636709694,0.5161591095483038,False,0.17790781766900426,1.8800019207235075,0.8826582750146088,1.5318659496060572,ballistic,37.155676057338525,,0.06599240966945591,47.765095927956764,1.4181479405563255,2.0638980583957514,5.026154115226176,9.554587934349735,0.19410365577225563,0.3997566458700931,0.9164404434160452,0.44943637868816755,0.2454765869795324,0.7480491357489054,34.730155896883716,3.3573252671100353,0.023720685455170455,qp_ode,0.05,100.0,2.272535493562793e-09,100.00000000000001,188.48033507752348,1.6237408984216775,191.0,5.0,0.999,independent_lognormal,False,0.0,False,0.0,3.4061110172805282,0.27899925451194946,False,0.0,fixed_device,0,83.8352488853537,118.05332671712425,167.6704977707074,204.94395774055712,107.50854;83.835249;108.17078;117.03402;89.487233;118.05333;86.697402;85.209342;102.47198;92.587643;100.74184;98.930132;99.136065;93.433459;94.419352;116.50486;105.77879,198.80062;167.6705;194.33474;189.94553;178.97447;197.9976;173.3948;170.41868;204.94396;185.17529;198.89142;197.86026;196.57891;186.86692;188.8387;189.8481;183.62519,4.9457111;5.0272209;5.0049862;5.0861229;5.0349499;4.97517;4.9890876;5.0206058;4.8965438;5.0073491;4.9351045;5.0695225;5.0068295;5.0800369;4.971503;4.9932767;4.9559796,3.457457964373134e-08,76.65824127197266,1.73197522990165e-09,42980.199123443395,1.0,0.2029354105996379,True,,,1,8014134597261390828,3d38d20b97844612b6ad28d2550e4feec7c1dcb6333a7347f39d16c07a33e39f:333,123,3063877584852540836,3eabdfa943524b1077c76342cd49dd883c1d02e6abf0a6e9273162f3d53c340b,0.0
334,0,2.3237352725895555,3.55034774761088,outside,circular,1.7594316209025813,1.534257951990901,5.933726215920186,1.0,28.100757164510267,1,,,,False,0.37461141896841726,0.28498011116262756,False,0.30637517699244043,3.319786340639361,0.8849095917009322,1.9860092854935112,diffusive,,12.250157591775093,0.056298623580822604,7.438869467828955,1.51489583636987,3.036052114502204,3.6860311067318556,7.848705752476132,0.2243391808268833,0.3540440039461218,0.8085805466221692,0.019438292925628178,0.11210011178645529,0.9854141486147241,20.162018125770107,3.257412555132521,0.07717319162028194,qp_ode,0.05,100.0,2.8993034029218168e-08,100.00000000000001,188.48033507752348,0.6841100482657967,191.0,5.0,0.999,independent_lognormal,False,0.0,False,0.0,8.30018736068301,0.29871009749426386,False,0.0,fixed_device,0,83.8352488853537,118.05332671712425,167.6704977707074,204.94395774055712,107.50854;83.835249;108.17078;117.03402;89.487233;118.05333;86.697402;85.209342;102.47198;92.587643;100.74184;98.930132;99.136065;93.433459;94.419352;116.50486;105.77879,198.80062;167.6705;194.33474;189.94553;178.97447;197.9976;173.3948;170.41868;204.94396;185.17529;198.89142;197.86026;196.57891;186.86692;188.8387;189.8481;183.62519,4.9457111;5.0272209;5.0049862;5.0861229;5.0349499;4.97517;4.9890876;5.0206058;4.8965438;5.0073491;4.9351045;5.0695225;5.0068295;5.0800369;4.971503;4.9932767;4.9559796,8.764019980844751e-07,21.632658004760742,4.395004182811135e-08,42980.199123443395,1.0,0.2077690857963301,True,,,2,12684175740498696322,3d38d20b97844612b6ad28d2550e4feec7c1dcb6333a7347f39d16c07a33e39f:334,123,2886951839107996279,3eabdfa943524b1077c76342cd49dd883c1d02e6abf0a6e9273162f3d53c340b,0.0759133731617647
335,0,-1.0049337293195966,-1.9651685432396728,inside,elliptical,2.3590381227191135,1.212914261353618,9.86454728558202,2.092945070328396,64.00928200674798,1,,,,False,0.39675841062314515,0.49935498475309237,False,0.2918602386608097,3.9801048489546824,1.1762255701674693,2.114449486640533,ballistic,15.448687942823012,,0.09788079781550711,73.56965699834251,1.7560715173260557,2.076615931774275,4.870708462703968,7.03563554667707,0.2292314957324898,0.29635215639607715,0.9825911615310794,0.36217857038176293,0.1975555971440307,0.6191967375284989,21.39451644794838,3.335488927254927,0.047802373161195615,qp_ode,0.05,100.0,3.0450962558814935e-10,100.00000000000001,188.48033507752348,1.3778797994048895,191.0,5.0,0.999,independent_lognormal,False,0.0,False,0.0,11.004809530761811,0.07804927997564118,False,0.0,fixed_device,0,83.8352488853537,118.05332671712425,167.6704977707074,204.94395774055712,107.50854;83.835249;108.17078;117.03402;89.487233;118.05333;86.697402;85.209342;102.47198;92.587643;100.74184;98.930132;99.136065;93.433459;94.419352;116.50486;105.77879,198.80062;167.6705;194.33474;189.94553;178.97447;197.9976;173.3948;170.41868;204.94396;185.17529;198.89142;197.86026;196.57891;186.86692;188.8387;189.8481;183.62519,4.9457111;5.0272209;5.0049862;5.0861229;5.0349499;4.97517;4.9890876;5.0206058;4.8965438;5.0073491;4.9351045;5.0695225;5.0068295;5.0800369;4.971503;4.9932767;4.9559796,1.0921036519562222e-08,82.82213592529297,5.469831254600876e-10,42980.199123443395,1.0,0.20576996866876,True,,,0,1689185848350944126,3d38d20b97844612b6ad28d2550e4feec7c1dcb6333a7347f39d16c07a33e39f:335,123,663708200940909094,3eabdfa943524b1077c76342cd49dd883c1d02e6abf0a6e9273162f3d53c340b,0.0
336,0,0.44817324244485146,0.1511145169341832,inside,elliptical,2.3590508862625486,0.9948184526336463,6.352385200360266,1.6688563854353957,95.2851609555235,1,,,,False,0.24950483449623967,0.5782126456304657,False,0.37046862491627564,2.1576152858777324,0.7931917428932156,1.9133153676680332,ballistic,13.202012692998832,,0.09893417869077635,3.4284148373377743,0.4342609207482344,3.117901964115815,5.58312941908266,7.4917755576025975,0.3667655290781453,0.267596706621287,0.967995073823314,0.7407341083244349,0.12810992420081657,0.5208671289556658,33.78891288364633,2.934194695635338,0.06993359490792812,qp_ode,0.05,100.0,1.2795976955138862e-07,100.00000000000001,188.48033507752348,1.8690204010452935,191.0,5.0,0.999,independent_lognormal,False,0.0,False,0.0,8.628511033748078,0.24039603425830436,False,0.0,fixed_device,0,83.8352488853537,118.05332671712425,167.6704977707074,204.94395774055712,107.50854;83.835249;108.17078;117.03402;89.487233;118.05333;86.697402;85.209342;102.47198;92.587643;100.74184;98.930132;99.136065;93.433459;94.419352;116.50486;105.77879,198.80062;167.6705;194.33474;189.94553;178.97447;197.9976;173.3948;170.41868;204.94396;185.17529;198.89142;197.86026;196.57891;186.86692;188.8387;189.8481;183.62519,4.9457111;5.0272209;5.0049862;5.0861229;5.0349499;4.97517;4.9890876;5.0206058;4.8965438;5.0073491;4.9351045;5.0695225;5.0068295;5.0800369;4.971503;4.9932767;4.9559796,3.384301635378506e-06,6.48206901550293,1.704280379044576e-07,42980.199123443395,1.0,0.2995713107524147,True,,,2,9383149214529567917,3d38d20b97844612b6ad28d2550e4feec7c1dcb6333a7347f39d16c07a33e39f:336,123,3162357286736610714,3eabdfa943524b1077c76342cd49dd883c1d02e6abf0a6e9273162f3d53c340b,0.8054055606617647
337,0,-0.49402846181549,2.0265348259478753,inside,elliptical,1.9472780174142608,1.5235466030199776,3.6619571265828874,1.1840816838529715,57.18454515155782,1,,,,False,0.15968912881936378,0.3337532564640344,False,0.2839599230728197,3.4947502168892313,0.618195260875783,2.2988941984948705,diffusive,,13.697090167336727,0.023324388197573515,68.52719616288783,0.5577081089645429,3.7139195174330357,4.801293965635688,8.772693546651595,0.4374759722334033,0.23624244916797946,0.9438503970376685,0.2933747061294481,0.14666805680595202,0.5648499780419688,23.148054718756068,3.092218090092291,0.03190829631353521,qp_ode,0.05,100.0,1.1910083221538382e-10,100.00000000000001,188.48033507752348,0.8552374757612196,191.0,5.0,0.999,independent_lognormal,False,0.0,False,0.0,4.18619742684852,0.4632064861516267,False,0.0,fixed_device,0,83.8352488853537,118.05332671712425,167.6704977707074,204.94395774055712,107.50854;83.835249;108.17078;117.03402;89.487233;118.05333;86.697402;85.209342;102.47198;92.587643;100.74184;98.930132;99.136065;93.433459;94.419352;116.50486;105.77879,198.80062;167.6705;194.33474;189.94553;178.97447;197.9976;173.3948;170.41868;204.94396;185.17529;198.89142;197.86026;196.57891;186.86692;188.8387;189.8481;183.62519,4.9457111;5.0272209;5.0049862;5.0861229;5.0349499;4.97517;4.9890876;5.0206058;4.8965438;5.0073491;4.9351045;5.0695225;5.0068295;5.0800369;4.971503;4.9932767;4.9559796,3.0963263064620605e-09,83.835205078125,1.5516563034445596e-10,42980.199123443395,1.0,0.1877006286324109,True,,,0,2907712788735838576,3d38d20b97844612b6ad28d2550e4feec7c1dcb6333a7347f39d16c07a33e39f:337,123,2105872754041998873,3eabdfa943524b1077c76342cd49dd883c1d02e6abf0a6e9273162f3d53c340b,0.0
338,0,3.938161646168826,-2.5854563260670433,outside,circular,2.266059395148206,0.8534826049809024,3.778228717902283,1.0,122.7040924979076,1,,,,False,0.3581118398727714,0.07050855478618412,False,0.22382362854089682,1.926458757345872,1.059064867314859,1.154568788426045,ballistic,22.836232788966925,,0.07905785447881464,65.197184845059,1.569529269561853,3.584307206138043,4.199498312615522,9.06206757336243,0.43129333702813044,0.1078892669741292,0.9728677442749409,0.24974960698986362,0.08647361975490306,0.8883826731563069,28.971917226884347,2.8279906380307516,0.03389155322841033,qp_ode,0.05,100.0,1.671615830956542e-09,100.00000000000001,188.48033507752348,1.6741732653514418,191.0,5.0,0.999,independent_lognormal,False,0.0,False,0.0,13.610054490812992,0.4340461044620433,False,0.0,fixed_device,0,83.8352488853537,118.05332671712425,167.6704977707074,204.94395774055712,107.50854;83.835249;108.17078;117.03402;89.487233;118.05333;86.697402;85.209342;102.47198;92.587643;100.74184;98.930132;99.136065;93.433459;94.419352;116.50486;105.77879,198.80062;167.6705;194.33474;189.94553;178.97447;197.9976;173.3948;170.41868;204.94396;185.17529;198.89142;197.86026;196.57891;186.86692;188.8387;189.8481;183.62519,4.9457111;5.0272209;5.0049862;5.0861229;5.0349499;4.97517;4.9890876;5.0206058;4.8965438;5.0073491;4.9351045;5.0695225;5.0068295;5.0800369;4.971503;4.9932767;4.9559796,3.2515117709408514e-08,79.9688720703125,1.6267452940255112e-09,42980.199123443395,1.0,0.17209171565965142,True,,,1,6478547267555854910,3d38d20b97844612b6ad28d2550e4feec7c1dcb6333a7347f39d16c07a33e39f:338,123,9030818401489809476,3eabdfa943524b1077c76342cd49dd883c1d02e6abf0a6e9273162f3d53c340b,0.0
339,0,1.8241793600468075,-3.0,edge,circular,2.4961107830020404,1.3218893605467514,7.302516756445312,1.0,27.666743409130387,1,,,,False,0.05315177998122515,0.28306532542424434,False,0.14383080768783996,1.5745354143510288,0.7565603086656366,1.4842676551323575,diffusive,,6.911612789613626,0.054132778878393545,76.9261276772018,0.9311122128110334,2.9270479852681497,3.818551032497879,8.595242274287699,0.5280615677112124,0.49465910017064985,0.997804881949439,0.6198926639750335,0.3329683262865719,0.7581499328227597,28.98989569684276,3.0659687560318933,0.007705628372765201,qp_ode,0.05,100.0,1.0604829478191114e-09,100.00000000000001,188.48033507752348,0.2692233047205924,191.0,5.0,0.999,independent_lognormal,False,0.0,False,0.0,13.313556639801673,0.07931906350960441,False,0.0,fixed_device,0,83.8352488853537,118.05332671712425,167.6704977707074,204.94395774055712,107.50854;83.835249;108.17078;117.03402;89.487233;118.05333;86.697402;85.209342;102.47198;92.587643;100.74184;98.930132;99.136065;93.433459;94.419352;116.50486;105.77879,198.80062;167.6705;194.33474;189.94553;178.97447;197.9976;173.3948;170.41868;204.94396;185.17529;198.89142;197.86026;196.57891;186.86692;188.8387;189.8481;183.62519,4.9457111;5.0272209;5.0049862;5.0861229;5.0349499;4.97517;4.9890876;5.0206058;4.8965438;5.0073491;4.9351045;5.0695225;5.0068295;5.0800369;4.971503;4.9932767;4.9559796,2.474846638733652e-08,79.4720458984375,1.2376627500643167e-09,42980.199123443395,1.0,0.1817542176728394,True,,,1,16133178837796119416,3d38d20b97844612b6ad28d2550e4feec7c1dcb6333a7347f39d16c07a33e39f:339,123,2226298885223683928,3eabdfa943524b1077c76342cd49dd883c1d02e6abf0a6e9273162f3d53c340b,0.0
340,0,2.827415817551742,-0.5601040102704582,inside,elliptical,2.35550388829911,1.614443540670956,3.1430461528713884,2.439965256162276,5.135137551150177,1,,,,False,0.06498472541864467,0.22735220170849646,False,0.28852970965510005,3.544601631370884,0.5031757020085755,1.2483364894053322,diffusive,,14.985923166720417,0.06586028873019242,2.936837787954163,1.5305657939654465,3.0878554654559904,4.226790034858077,5.349006894944767,0.34957577273739915,0.3005150527120566,0.971581702567562,0.4191441232241889,0.3355932182160393,0.7333926624580759,26.347836611453822,3.2487901238206893,0.031548713502955426,qp_ode,0.05,100.0,1.6999687499117241e-07,100.00000000000001,188.48033507752348,1.968204487423439,191.0,5.0,0.999,independent_lognormal,False,0.0,False,0.0,29.523403573044103,0.6004020442901868,False,0.0,fixed_device,0,83.8352488853537,118.05332671712425,167.6704977707074,204.94395774055712,107.50854;83.835249;108.17078;117.03402;89.487233;118.05333;86.697402;85.209342;102.47198;92.587643;100.74184;98.930132;99.136065;93.433459;94.419352;116.50486;105.77879,198.80062;167.6705;194.33474;189.94553;178.97447;197.9976;173.3948;170.41868;204.94396;185.17529;198.89142;197.86026;196.57891;186.86692;188.8387;189.8481;183.62519,4.9457111;5.0272209;5.0049862;5.0861229;5.0349499;4.97517;4.9890876;5.0206058;4.8965438;5.0073491;4.9351045;5.0695225;5.0068295;5.0800369;4.971503;4.9932767;4.9559796,4.760442607221194e-06,4.711686134338379,2.4073963800219644e-07,42980.199123443395,1.0,0.2988325798539601,True,,,2,11772670992874331164,3d38d20b97844612b6ad28d2550e4feec7c1dcb6333a7347f39d16c07a33e39f:340,123,6024348466472069653,3eabdfa943524b1077c76342cd49dd883c1d02e6abf0a6e9273162f3d53c340b,0.34265854779411764
341,0,-1.5838234141393515,-3.4394665839603173,outside,circular,1.749330222282672,1.0529283870482637,5.211802115535142,1.0,151.72382227035428,1,,,,False,0.16765815021912484,0.18168890595352383,False,0.3266418757431605,3.129568555213043,0.6704991137770858,2.9275195217753254,diffusive,,14.136038830368005,0.07172147145404294,33.51083667088754,0.9529669772142964,3.1538936719114687,5.291753770744833,5.378260598124163,0.3408459748226921,0.2866352527049276,0.983793165315983,0.2347202513223687,0.16934084738423894,0.5570732870107276,34.366941044315155,3.2306977066616076,0.008180162349311617,qp_ode,0.05,100.0,6.010524496469966e-09,100.00000000000001,188.48033507752348,0.3007365424445192,191.0,5.0,0.999,independent_lognormal,False,0.0,False,0.0,15.353536828570586,0.58671915478785,False,0.0,fixed_device,0,83.8352488853537,118.05332671712425,167.6704977707074,204.94395774055712,107.50854;83.835249;108.17078;117.03402;89.487233;118.05333;86.697402;85.209342;102.47198;92.587643;100.74184;98.930132;99.136065;93.433459;94.419352;116.50486;105.77879,198.80062;167.6705;194.33474;189.94553;178.97447;197.9976;173.3948;170.41868;204.94396;185.17529;198.89142;197.86026;196.57891;186.86692;188.8387;189.8481;183.62519,4.9457111;5.0272209;5.0049862;5.0861229;5.0349499;4.97517;4.9890876;5.0206058;4.8965438;5.0073491;4.9351045;5.0695225;5.0068295;5.0800369;4.971503;4.9932767;4.9559796,1.6140984371304512e-07,52.95339584350586,8.081848967833594e-09,42980.199123443395,1.0,0.1915545682189988,True,,,1,4137896040706347208,3d38d20b97844612b6ad28d2550e4feec7c1dcb6333a7347f39d16c07a33e39f:341,123,2397882054523617473,3eabdfa943524b1077c76342cd49dd883c1d02e6abf0a6e9273162f3d53c340b,0.0
342,0,2.508655226136896,1.2739959608076843,inside,circular,1.915783443581471,0.9151964166960115,8.299832971541665,1.0,122.34668134634036,1,,,,False,0.1764888846810444,0.43548541859460055,False,0.17730117876799745,3.3400817882958203,0.7307463970459871,1.9038864074953223,ballistic,28.970415120887807,,0.06820640445991681,76.33058627701445,1.4281959308263428,2.5428393706613868,3.7900876739668874,5.583979800796295,0.46978548212369753,0.41414611754139175,0.927625872054348,0.46263754595424383,0.08171453065408689,0.6102644666797353,24.410282987951,3.1887359288191277,0.0743653164900906,qp_ode,0.05,100.0,1.154257348621445e-09,100.00000000000001,188.48033507752348,1.9473496475634873,191.0,5.0,0.999,independent_lognormal,False,0.0,False,0.0,6.603912570021329,0.3957179017653923,False,0.0,fixed_device,0,83.8352488853537,118.05332671712425,167.6704977707074,204.94395774055712,107.50854;83.835249;108.17078;117.03402;89.487233;118.05333;86.697402;85.209342;102.47198;92.587643;100.74184;98.930132;99.136065;93.433459;94.419352;116.50486;105.77879,198.80062;167.6705;194.33474;189.94553;178.97447;197.9976;173.3948;170.41868;204.94396;185.17529;198.89142;197.86026;196.57891;186.86692;188.8387;189.8481;183.62519,4.9457111;5.0272209;5.0049862;5.0861229;5.0349499;4.97517;4.9890876;5.0206058;4.8965438;5.0073491;4.9351045;5.0695225;5.0068295;5.0800369;4.971503;4.9932767;4.9559796,2.1186622234381502e-08,81.10440826416016,1.060479370984524e-09,42980.199123443395,1.0,0.20176222423240162,True,,,1,11960662775980493067,3d38d20b97844612b6ad28d2550e4feec7c1dcb6333a7347f39d16c07a33e39f:342,123,8195136021603265700,3eabdfa943524b1077c76342cd49dd883c1d02e6abf0a6e9273162f3d53c340b,0.0
343,0,3.0,2.516301219669378,edge,elliptical,1.8554583058778515,1.1832057420895559,3.398341316453232,2.382607005795154,19.54527542525267,1,,,,False,0.20781246907784495,0.9913931572934482,False,0.16015335506519074,2.934501525602847,0.9698631107163168,1.3467996244283638,diffusive,,12.122681920619257,0.1113041010065601,54.390496065030014,1.9797344277833502,3.449417527736615,6.123696922357117,6.756258824723393,0.4074876889449487,0.13657818702010807,0.9716742020704404,0.553294239387577,0.19172225238895102,0.658436464603806,26.721303765565573,2.978722667050341,0.020461341488323743,qp_ode,0.05,100.0,2.2374707926112927e-09,100.00000000000001,188.48033507752348,1.4099877174350508,191.0,5.0,0.999,independent_lognormal,False,0.0,False,0.0,29.858520969450353,0.4333848624208016,False,0.0,fixed_device,0,83.8352488853537,118.05332671712425,167.6704977707074,204.94395774055712,107.50854;83.835249;108.17078;117.03402;89.487233;118.05333;86.697402;85.209342;102.47198;92.587643;100.74184;98.930132;99.136065;93.433459;94.419352;116.50486;105.77879,198.80062;167.6705;194.33474;189.94553;178.97447;197.9976;173.3948;170.41868;204.94396;185.17529;198.89142;197.86026;196.57891;186.86692;188.8387;189.8481;183.62519,4.9457111;5.0272209;5.0049862;5.0861229;5.0349499;4.97517;4.9890876;5.0206058;4.8965438;5.0073491;4.9351045;5.0695225;5.0068295;5.0800369;4.971503;4.9932767;4.9559796,5.2512213244426675e-08,79.58084106445312,2.626015627171796e-09,42980.199123443395,1.0,0.17887044195955762,True,,,1,8002625293132128318,3d38d20b97844612b6ad28d2550e4feec7c1dcb6333a7347f39d16c07a33e39f:343,123,7338575005310891630,3eabdfa943524b1077c76342cd49dd883c1d02e6abf0a6e9273162f3d53c340b,0.0
344,0,0.5319566428673701,-0.3298239784637911,inside,circular,2.4968696878283287,1.083411632504164,2.6119657402478484,1.0,132.55046974360212,1,,,,False,0.21091095584380454,0.16006592967532862,False,0.18714129400251844,1.6868401683217082,0.7572953199794954,2.861342985608225,diffusive,,7.8692202360561545,0.02883355933253226,26.460592616376726,0.640375830115657,2.8491644970960013,4.985889491166679,6.589143993088175,0.21244530646501192,0.20954192314623601,0.8507412875582122,0.18434396174235418,0.4687608881035129,0.8372121551375593,31.28804211020779,2.8558393577938146,0.015666226773528802,qp_ode,0.05,100.0,4.155338232527506e-09,100.00000000000001,188.48033507752348,0.9642222431820782,191.0,5.0,0.999,independent_lognormal,False,0.0,False,0.0,21.028222624417317,0.45129319313463967,False,0.0,fixed_device,0,83.8352488853537,118.05332671712425,167.6704977707074,204.94395774055712,107.50854;83.835249;108.17078;117.03402;89.487233;118.05333;86.697402;85.209342;102.47198;92.587643;100.74184;98.930132;99.136065;93.433459;94.419352;116.50486;105.77879,198.80062;167.6705;194.33474;189.94553;178.97447;197.9976;173.3948;170.41868;204.94396;185.17529;198.89142;197.86026;196.57891;186.86692;188.8387;189.8481;183.62519,4.9457111;5.0272209;5.0049862;5.0861229;5.0349499;4.97517;4.9890876;5.0206058;4.8965438;5.0073491;4.9351045;5.0695225;5.0068295;5.0800369;4.971503;4.9932767;4.9559796,7.4204635325259e-08,67.05816650390625,3.710836748993529e-09,42980.199123443395,1.0,0.17068265132421342,True,,,1,213868051695404335,3d38d20b97844612b6ad28d2550e4feec7c1dcb6333a7347f39d16c07a33e39f:344,123,5258302764167169555,3eabdfa943524b1077c76342cd49dd883c1d02e6abf0a6e9273162f3d53c340b,0.0
345,0,3.848087633411909,2.6044681086598835,outside,elliptical,2.4806720822002983,0.8747473771425496,8.172168457654934,2.2743481663856833,84.27719211702492,1,,,,False,0.3725605382567771,0.341927236755902,False,0.3938827832754722,3.413879778460901,0.830362278063467,1.6543233302987976,diffusive,,18.33482947007023,0.1078712842877247,7.507932260936894,1.8328501505455113,3.0744794747338173,3.9754688534201446,5.390836019397903,0.4216567898141842,0.3548929964075772,0.8877305414370392,0.7778709457746222,0.4870438473782384,0.6455402402556911,23.98568133861745,3.3792318157459853,0.05396474357345332,qp_ode,0.05,100.0,6.865414703746311e-09,100.00000000000001,188.48033507752348,0.7708557553472226,191.0,5.0,0.999,independent_lognormal,False,0.0,False,0.0,33.753936686781785,0.11142667845258818,False,0.0,fixed_device,0,83.8352488853537,118.05332671712425,167.6704977707074,204.94395774055712,107.50854;83.835249;108.17078;117.03402;89.487233;118.05333;86.697402;85.209342;102.47198;92.587643;100.74184;98.930132;99.136065;93.433459;94.419352;116.50486;105.77879,198.80062;167.6705;194.33474;189.94553;178.97447;197.9976;173.3948;170.41868;204.94396;185.17529;198.89142;197.86026;196.57891;186.86692;188.8387;189.8481;183.62519,4.9457111;5.0272209;5.0049862;5.0861229;5.0349499;4.97517;4.9890876;5.0206058;4.8965438;5.0073491;4.9351045;5.0695225;5.0068295;5.0800369;4.971503;4.9932767;4.9559796,1.1028087953945942e-07,64.33345031738281,5.515429002400651e-09,42980.199123443395,1.0,0.20966835961757183,True,,,1,17119227923443135890,3d38d20b97844612b6ad28d2550e4feec7c1dcb6333a7347f39d16c07a33e39f:345,123,6378153914769085596,3eabdfa943524b1077c76342cd49dd883c1d02e6abf0a6e9273162f3d53c340b,0.0
346,0,-1.7589685849812577,-3.4396114593768816,outside,elliptical,2.00276677026839,1.4766016354792981,9.031237945907266,1.5507385509314038,150.71486485631942,1,,,,False,0.17978156300749598,0.8289154941566748,False,0.26349413381001796,2.200538354176321,1.1205871314282578,1.790047528691078,ballistic,25.71611344091299,,0.020020095494659555,9.051602174248474,0.8345404333713349,3.792556209378969,3.95801761964113,7.020658883631514,0.3139766245346126,0.33909374724761154,0.8250988076493265,0.2784124700405594,0.48809499186977234,1.1156234572518198,25.325226868488127,3.098972029247623,0.028056877091926866,qp_ode,0.05,100.0,4.0600690275145896e-08,100.00000000000001,188.48033507752348,0.3445472399035132,191.0,5.0,0.999,independent_lognormal,False,0.0,False,0.0,19.830406520836103,0.10524060587340309,False,0.0,fixed_device,0,83.8352488853537,118.05332671712425,167.6704977707074,204.94395774055712,107.50854;83.835249;108.17078;117.03402;89.487233;118.05333;86.697402;85.209342;102.47198;92.587643;100.74184;98.930132;99.136065;93.433459;94.419352;116.50486;105.77879,198.80062;167.6705;194.33474;189.94553;178.97447;197.9976;173.3948;170.41868;204.94396;185.17529;198.89142;197.86026;196.57891;186.86692;188.8387;189.8481;183.62519,4.9457111;5.0272209;5.0049862;5.0861229;5.0349499;4.97517;4.9890876;5.0206058;4.8965438;5.0073491;4.9351045;5.0695225;5.0068295;5.0800369;4.971503;4.9932767;4.9559796,5.250244043963903e-07,31.38286590576172,2.628518558367432e-08,42980.199123443395,1.0,0.18915373986101405,True,,,2,9181840363505506966,3d38d20b97844612b6ad28d2550e4feec7c1dcb6333a7347f39d16c07a33e39f:346,123,1150874764635367560,3eabdfa943524b1077c76342cd49dd883c1d02e6abf0a6e9273162f3d53c340b,0.0
347,0,-3.5038925035280153,1.2614683568509655,outside,circular,1.7025484008627318,1.1345020129244339,3.676455734249486,1.0,53.34400955823325,1,,,,False,0.311847542498239,0.2612083672826546,False,0.3523831793989146,3.1972637627553286,1.212627275395652,2.172164740050301,diffusive,,7.07254014556303,0.09338592048783072,53.35392157621599,0.40478794221585396,3.249014192332993,4.814712935831153,5.8440008157829295,0.22394852899814832,0.282566669620576,0.8555648424340501,0.5173195312427507,0.306901263104383,0.510507293102653,26.44630731487679,3.17482315138442,0.04979773504542358,qp_ode,0.05,100.0,4.716468699929625e-10,100.00000000000001,188.48033507752348,1.7615557086205225,191.0,5.0,0.999,independent_lognormal,False,0.0,False,0.0,12.987346749878256,0.5565831757593422,False,0.0,fixed_device,0,83.8352488853537,118.05332671712425,167.6704977707074,204.94395774055712,107.50854;83.835249;108.17078;117.03402;89.487233;118.05333;86.697402;85.209342;102.47198;92.587643;100.74184;98.930132;99.136065;93.433459;94.419352;116.50486;105.77879,198.80062;167.6705;194.33474;189.94553;178.97447;197.9976;173.3948;170.41868;204.94396;185.17529;198.89142;197.86026;196.57891;186.86692;188.8387;189.8481;183.62519,4.9457111;5.0272209;5.0049862;5.0861229;5.0349499;4.97517;4.9890876;5.0206058;4.8965438;5.0073491;4.9351045;5.0695225;5.0068295;5.0800369;4.971503;4.9932767;4.9559796,9.715733106929747e-09,83.83525085449219,4.860873370482466e-10,42980.199123443395,1.0,0.1959641477556011,True,,,0,704000285691671957,3d38d20b97844612b6ad28d2550e4feec7c1dcb6333a7347f39d16c07a33e39f:347,123,7376816420859097308,3eabdfa943524b1077c76342cd49dd883c1d02e6abf0a6e9273162f3d53c340b,0.0
348,0,-3.0,0.5154840496633857,edge,circular,2.228789873589493,1.2175040660873393,3.6206988949868775,1.0,39.115308345278386,1,,,,False,0.3476576067122641,0.8029445781401067,False,0.2801005360661195,3.464201470171673,1.045198186670865,2.5389905030833138,diffusive,,18.32212061440645,0.05410185320707468,58.80598222000888,1.0494929550203747,3.097137582675365,6.230381080661902,5.7290706649361365,0.25099833067916566,0.3998996000898881,0.8483005632223156,0.47277337787758045,0.1620356791456914,0.5286574158043449,31.964670873159072,2.8415240600294154,0.043407682858913346,qp_ode,0.05,100.0,4.692704534988091e-10,100.00000000000001,188.48033507752348,1.8121237108162631,191.0,5.0,0.999,independent_lognormal,False,0.0,False,0.0,42.67774119039131,0.437335762272226,False,0.0,fixed_device,0,83.8352488853537,118.05332671712425,167.6704977707074,204.94395774055712,107.50854;83.835249;108.17078;117.03402;89.487233;118.05333;86.697402;85.209342;102.47198;92.587643;100.74184;98.930132;99.136065;93.433459;94.419352;116.50486;105.77879,198.80062;167.6705;194.33474;189.94553;178.97447;197.9976;173.3948;170.41868;204.94396;185.17529;198.89142;197.86026;196.57891;186.86692;188.8387;189.8481;183.62519,4.9457111;5.0272209;5.0049862;5.0861229;5.0349499;4.97517;4.9890876;5.0206058;4.8965438;5.0073491;4.9351045;5.0695225;5.0068295;5.0800369;4.971503;4.9932767;4.9559796,7.209041363864799e-09,82.45120239257812,3.604668230572372e-10,42980.199123443395,1.0,0.17442375786583988,True,,,0,5959588579111782795,3d38d20b97844612b6ad28d2550e4feec7c1dcb6333a7347f39d16c07a33e39f:348,123,1474848017587465828,3eabdfa943524b1077c76342cd49dd883c1d02e6abf0a6e9273162f3d53c340b,0.0
349,0,-2.070894016074152,-3.0,edge,circular,2.100136147161132,1.344393006623872,7.391128080868903,1.0,18.975354959512792,1,,,,False,0.3745973742093806,0.2586560394106553,False,0.21612137359629413,3.333403696969435,0.9406505336269959,2.713880586787122,ballistic,25.77453020916482,,0.1006834850626237,24.266094281738866,1.7392463108080647,2.6664481309420554,4.168094315729178,8.543152908425967,0.46325737920649723,0.15129533178145352,0.8120742971621523,0.5604155090449189,0.287314352642171,0.8094937422749372,34.525220617072236,3.237489582486115,0.00949531395204123,qp_ode,0.05,100.0,9.90285076900673e-10,100.00000000000001,188.48033507752348,0.7140536368738417,191.0,5.0,0.999,independent_lognormal,False,0.0,False,0.0,13.189285691808209,0.15629989963130805,False,0.0,fixed_device,0,83.8352488853537,118.05332671712425,167.6704977707074,204.94395774055712,107.50854;83.835249;108.17078;117.03402;89.487233;118.05333;86.697402;85.209342;102.47198;92.587643;100.74184;98.930132;99.136065;93.433459;94.419352;116.50486;105.77879,198.80062;167.6705;194.33474;189.94553;178.97447;197.9976;173.3948;170.41868;204.94396;185.17529;198.89142;197.86026;196.57891;186.86692;188.8387;189.8481;183.62519,4.9457111;5.0272209;5.0049862;5.0861229;5.0349499;4.97517;4.9890876;5.0206058;4.8965438;5.0073491;4.9351045;5.0695225;5.0068295;5.0800369;4.971503;4.9932767;4.9559796,1.7383912975788007e-08,78.88076782226562,8.692985775660134e-10,42980.199123443395,1.0,0.19236130952549646,True,,,0,11408382276566360058,3d38d20b97844612b6ad28d2550e4feec7c1dcb6333a7347f39d16c07a33e39f:349,123,48131792386460882,3eabdfa943524b1077c76342cd49dd883c1d02e6abf0a6e9273162f3d53c340b,0.0
350,0,3.0,-0.7377876954758884,edge,elliptical,1.907407703474524,0.8918958117900482,8.60993955897738,1.6494663492271315,130.07959366011667,1,,,,False,0.37260602929418984,0.5860223929830601,False,0.15068126451035252,2.092776611315428,0.7729720804276883,1.3876171596450595,ballistic,28.68714115504492,,0.048769357158817854,31.980630048669347,1.7071739751798094,2.0201024657144138,5.539542657454771,9.922510485797147,0.4059993897106424,0.3652594564516186,0.9158647222447098,0.3265438643544994,0.09863538476032528,0.9929385816854239,20.95216373400672,3.050586506853707,0.06402606614420316,qp_ode,0.05,100.0,2.497053216311377e-08,100.00000000000001,188.48033507752348,1.935448282189499,191.0,5.0,0.999,independent_lognormal,False,0.0,False,0.0,6.785579479091373,0.3468012142159645,False,0.0,fixed_device,0,83.8352488853537,118.05332671712425,167.6704977707074,204.94395774055712,107.50854;83.835249;108.17078;117.03402;89.487233;118.05333;86.697402;85.209342;102.47198;92.587643;100.74184;98.930132;99.136065;93.433459;94.419352;116.50486;105.77879,198.80062;167.6705;194.33474;189.94553;178.97447;197.9976;173.3948;170.41868;204.94396;185.17529;198.89142;197.86026;196.57891;186.86692;188.8387;189.8481;183.62519,4.9457111;5.0272209;5.0049862;5.0861229;5.0349499;4.97517;4.9890876;5.0206058;4.8965438;5.0073491;4.9351045;5.0695225;5.0068295;5.0800369;4.971503;4.9932767;4.9559796,4.697506312822952e-07,32.252197265625,2.352357775237124e-08,42980.199123443395,1.0,0.20310811120920252,True,,,2,17473110703535500273,3d38d20b97844612b6ad28d2550e4feec7c1dcb6333a7347f39d16c07a33e39f:350,123,7915836438620736379,3eabdfa943524b1077c76342cd49dd883c1d02e6abf0a6e9273162f3d53c340b,0.0
351,0,1.2892724475306974,3.0,edge,elliptical,2.2407628482770416,1.678049239030071,8.91905354425219,1.557412844113997,174.79440151075326,1,,,,False,0.16946774033842624,0.6112407286050277,False,0.341930853428945,2.2432378327210527,0.8182284313596873,2.885127340694119,diffusive,,7.719360795572877,0.020651271298748945,51.385948042850316,1.7740124793585044,2.157788626355689,4.965262216654466,5.377149396792538,0.37053828634306074,0.4109757784375567,0.8750075443206788,0.033786090710223336,0.384223996494477,0.9965302538674148,21.653091950135703,2.9542303610210987,0.024052063956776868,qp_ode,0.05,100.0,2.4576794253839427e-10,100.00000000000001,188.48033507752348,1.3041132428661095,191.0,5.0,0.999,independent_lognormal,False,0.0,False,0.0,44.68742460986156,0.5233470719691818,False,0.0,fixed_device,0,83.8352488853537,118.05332671712425,167.6704977707074,204.94395774055712,107.50854;83.835249;108.17078;117.03402;89.487233;118.05333;86.697402;85.209342;102.47198;92.587643;100.74184;98.930132;99.136065;93.433459;94.419352;116.50486;105.77879,198.80062;167.6705;194.33474;189.94553;178.97447;197.9976;173.3948;170.41868;204.94396;185.17529;198.89142;197.86026;196.57891;186.86692;188.8387;189.8481;183.62519,4.9457111;5.0272209;5.0049862;5.0861229;5.0349499;4.97517;4.9890876;5.0206058;4.8965438;5.0073491;4.9351045;5.0695225;5.0068295;5.0800369;4.971503;4.9932767;4.9559796,5.254373824925551e-09,83.83525085449219,2.629589601621518e-10,42980.199123443395,1.0,0.1779553865748356,True,,,0,6451986563268854688,3d38d20b97844612b6ad28d2550e4feec7c1dcb6333a7347f39d16c07a33e39f:351,123,5903574444649177094,3eabdfa943524b1077c76342cd49dd883c1d02e6abf0a6e9273162f3d53c340b,0.0
352,0,1.9979027765781234,1.5665320312546402,inside,elliptical,1.7334005153939385,1.5183789867951725,6.099526861827553,1.273999998149727,165.21413002329808,1,,,,False,0.2745524533226477,0.7933681037782979,False,0.18286618626819479,1.6324899082975413,1.2942770294229735,1.23412717736265,diffusive,,16.228409417303098,0.021967171357416597,2.5682209202634,0.4887671327142597,2.29313440959604,5.169078715460619,5.600519432644849,0.537286183387096,0.20784371860842554,0.942519206291549,0.10627461064093975,0.1734985127278455,1.028414572595135,30.5741586983972,3.1958273329531894,0.007827583120681538,qp_ode,0.05,100.0,2.5995696196790886e-09,100.00000000000001,188.48033507752348,0.5099485964351532,191.0,5.0,0.999,independent_lognormal,False,0.0,False,0.0,25.767736301537795,0.1349732183013663,False,0.0,fixed_device,0,83.8352488853537,118.05332671712425,167.6704977707074,204.94395774055712,107.50854;83.835249;108.17078;117.03402;89.487233;118.05333;86.697402;85.209342;102.47198;92.587643;100.74184;98.930132;99.136065;93.433459;94.419352;116.50486;105.77879,198.80062;167.6705;194.33474;189.94553;178.97447;197.9976;173.3948;170.41868;204.94396;185.17529;198.89142;197.86026;196.57891;186.86692;188.8387;189.8481;183.62519,4.9457111;5.0272209;5.0049862;5.0861229;5.0349499;4.97517;4.9890876;5.0206058;4.8965438;5.0073491;4.9351045;5.0695225;5.0068295;5.0800369;4.971503;4.9932767;4.9559796,6.054369094954382e-08,77.28827667236328,3.0287550245589046e-09,42980.199123443395,1.0,0.18968894252472634,True,,,1,16975058377823359047,3d38d20b97844612b6ad28d2550e4feec7c1dcb6333a7347f39d16c07a33e39f:352,123,5953695586729614749,3eabdfa943524b1077c76342cd49dd883c1d02e6abf0a6e9273162f3d53c340b,0.0
353,0,-2.0633285922617848,-3.0,edge,elliptical,2.0425632356183616,1.5837197543591215,7.584963311574298,1.7926032184015528,136.76776701544836,1,,,,False,0.15893397534691905,0.23943515598431397,False,0.1504011250661953,3.0588648903979,0.9312545527034122,1.598260760104466,diffusive,,18.873542738294905,0.03653869673488807,22.623028006187475,1.2958921532872234,2.1222904632948363,3.8735497972689537,7.932969546733139,0.3124936897319954,0.1560193310408692,0.9643287170166792,0.37889051965395426,0.32900037545989536,1.1796418413379846,28.6992083602333,3.3816935322782182,0.03716503176708917,qp_ode,0.05,100.0,1.2227069445237766e-08,100.00000000000001,188.48033507752348,0.613533120215392,191.0,5.0,0.999,independent_lognormal,False,0.0,False,0.0,47.05211725780553,0.556831566713199,False,0.0,fixed_device,0,83.8352488853537,118.05332671712425,167.6704977707074,204.94395774055712,107.50854;83.835249;108.17078;117.03402;89.487233;118.05333;86.697402;85.209342;102.47198;92.587643;100.74184;98.930132;99.136065;93.433459;94.419352;116.50486;105.77879,198.80062;167.6705;194.33474;189.94553;178.97447;197.9976;173.3948;170.41868;204.94396;185.17529;198.89142;197.86026;196.57891;186.86692;188.8387;189.8481;183.62519,4.9457111;5.0272209;5.0049862;5.0861229;5.0349499;4.97517;4.9890876;5.0206058;4.8965438;5.0073491;4.9351045;5.0695225;5.0068295;5.0800369;4.971503;4.9932767;4.9559796,2.1392777682649466e-07,53.27739334106445,1.0701654673539451e-08,42980.199123443395,1.0,0.20624467427447288,True,,,2,4126605797559007273,3d38d20b97844612b6ad28d2550e4feec7c1dcb6333a7347f39d16c07a33e39f:353,123,3681211948135653580,3eabdfa943524b1077c76342cd49dd883c1d02e6abf0a6e9273162f3d53c340b,0.0
354,0,0.42085703028234445,3.0,edge,circular,1.958428319097024,1.0344588017127159,4.371824650905948,1.0,62.66407767818841,1,,,,False,0.24701155083071447,0.5511171629439469,False,0.18167058272216274,3.2925969117092277,1.2573839856756759,1.1935104346638608,ballistic,30.650200286072074,,0.039510088528548176,51.768764400122926,1.1798887186010991,3.4322295420323297,3.5499835552056864,7.021043943835208,0.15709537096032136,0.22074864350197512,0.93562879744516,0.4522141508983448,0.1517033867047367,1.1379746858587398,34.2360410253425,3.381600582305879,0.06783131744205317,qp_ode,0.05,100.0,2.841750222324779e-07,100.00000000000001,188.48033507752348,0.434825093191716,191.0,5.0,0.999,independent_lognormal,False,0.0,False,0.0,39.52089569307531,0.10366317513226993,False,0.0,fixed_device,0,83.8352488853537,118.05332671712425,167.6704977707074,204.94395774055712,107.50854;83.835249;108.17078;117.03402;89.487233;118.05333;86.697402;85.209342;102.47198;92.587643;100.74184;98.930132;99.136065;93.433459;94.419352;116.50486;105.77879,198.80062;167.6705;194.33474;189.94553;178.97447;197.9976;173.3948;170.41868;204.94396;185.17529;198.89142;197.86026;196.57891;186.86692;188.8387;189.8481;183.62519,4.9457111;5.0272209;5.0049862;5.0861229;5.0349499;4.97517;4.9890876;5.0206058;4.8965438;5.0073491;4.9351045;5.0695225;5.0068295;5.0800369;4.971503;4.9932767;4.9559796,6.760607902833726e-06,3.347306489944458,3.426067678446998e-07,42980.199123443395,1.0,0.24379873336115843,True,,,2,15870852213919082006,3d38d20b97844612b6ad28d2550e4feec7c1dcb6333a7347f39d16c07a33e39f:354,123,7892936835823103169,3eabdfa943524b1077c76342cd49dd883c1d02e6abf0a6e9273162f3d53c340b,0.7811638327205882
355,0,-1.4889085310718648,3.968058789196035,outside,elliptical,1.8797594509523516,0.8884137865401024,3.016211792639095,1.94094419050145,47.44923094404589,1,,,,False,0.35880823380399424,0.8909867604513215,False,0.2232536971174808,3.7774467266568523,0.8434039665507665,1.3546724572623738,diffusive,,10.713929010758717,0.11042446058031047,66.49012626535024,1.7554009133951038,2.419497769897113,5.7416776807663545,9.02653061056266,0.5798432099151831,0.11599461705099788,0.86890439594383,0.4128297617838823,0.17900744993449438,1.0249526088476353,25.661754415108952,3.24737208427812,0.04781057236643521,qp_ode,0.05,100.0,2.6739818668696056e-07,100.00000000000001,188.48033507752348,0.4325753630012609,191.0,5.0,0.999,independent_lognormal,False,0.0,False,0.0,9.261654322191504,0.34804043109247457,False,0.0,fixed_device,0,83.8352488853537,118.05332671712425,167.6704977707074,204.94395774055712,107.50854;83.835249;108.17078;117.03402;89.487233;118.05333;86.697402;85.209342;102.47198;92.587643;100.74184;98.930132;99.136065;93.433459;94.419352;116.50486;105.77879,198.80062;167.6705;194.33474;189.94553;178.97447;197.9976;173.3948;170.41868;204.94396;185.17529;198.89142;197.86026;196.57891;186.86692;188.8387;189.8481;183.62519,4.9457111;5.0272209;5.0049862;5.0861229;5.0349499;4.97517;4.9890876;5.0206058;4.8965438;5.0073491;4.9351045;5.0695225;5.0068295;5.0800369;4.971503;4.9932767;4.9559796,3.538136070346809e-06,6.126195907592773,1.7820859454786842e-07,42980.199123443395,1.0,0.2043145633971466,True,,,2,14965235309579276735,3d38d20b97844612b6ad28d2550e4feec7c1dcb6333a7347f39d16c07a33e39f:355,123,3669200829285905728,3eabdfa943524b1077c76342cd49dd883c1d02e6abf0a6e9273162f3d53c340b,0.13924632352941177
356,0,2.2681265544749163,-3.0,edge,circular,2.350873508894948,1.2572188183533906,5.396175552584324,1.0,163.32657132491394,1,,,,False,0.2977048283248125,0.3994891231156732,False,0.3599055778486425,3.578983212634753,0.8478627318885841,2.8070803968284617,diffusive,,14.756785682521096,0.025286795112273358,40.31174917056568,1.6614451688909018,3.557180975668029,5.341639986310491,8.928181474168246,0.5858626488813121,0.1446131456644223,0.9287421965192975,0.4337888457926936,0.23541276415673862,0.5865842633373708,29.32741039930529,2.993928892294923,0.07705008730664502,qp_ode,0.05,100.0,2.0544124758081817e-08,100.00000000000001,188.48033507752348,1.526539064266358,191.0,5.0,0.999,independent_lognormal,False,0.0,False,0.0,58.14137449516931,0.08590392262568025,False,0.0,fixed_device,0,83.8352488853537,118.05332671712425,167.6704977707074,204.94395774055712,107.50854;83.835249;108.17078;117.03402;89.487233;118.05333;86.697402;85.209342;102.47198;92.587643;100.74184;98.930132;99.136065;93.433459;94.419352;116.50486;105.77879,198.80062;167.6705;194.33474;189.94553;178.97447;197.9976;173.3948;170.41868;204.94396;185.17529;198.89142;197.86026;196.57891;186.86692;188.8387;189.8481;183.62519,4.9457111;5.0272209;5.0049862;5.0861229;5.0349499;4.97517;4.9890876;5.0206058;4.8965438;5.0073491;4.9351045;5.0695225;5.0068295;5.0800369;4.971503;4.9932767;4.9559796,4.656849910134042e-07,32.43513107299805,2.3324908227095875e-08,42980.199123443395,1.0,0.19276740660591005,True,,,2,8489722233025174425,3d38d20b97844612b6ad28d2550e4feec7c1dcb6333a7347f39d16c07a33e39f:356,123,1090663329472226093,3eabdfa943524b1077c76342cd49dd883c1d02e6abf0a6e9273162f3d53c340b,0.0
357,0,1.295469231729082,-3.0,edge,circular,2.236986503456254,1.1979484319544098,9.675247770575574,1.0,4.105517656855994,1,,,,False,0.33105482474999964,0.5547307224109534,False,0.38871985810133114,2.871879766664305,0.5404981916658966,1.148551497869969,ballistic,20.52567158219285,,0.06871925791840176,68.38313864375782,0.5429669071880507,2.4220427522985926,4.305530689652839,5.949561312352993,0.18994683752714084,0.3021710590267376,0.9774179725426242,0.020741553456396035,0.3393805292626292,0.9112823909197131,20.98469969555184,3.3065383623171236,0.04242805622941096,qp_ode,0.05,100.0,1.3078972965201967e-09,100.00000000000001,188.48033507752348,0.6529942075911521,191.0,5.0,0.999,independent_lognormal,False,0.0,False,0.0,34.18070245261992,0.45618709008924224,False,0.0,fixed_device,0,83.8352488853537,118.05332671712425,167.6704977707074,204.94395774055712,107.50854;83.835249;108.17078;117.03402;89.487233;118.05333;86.697402;85.209342;102.47198;92.587643;100.74184;98.930132;99.136065;93.433459;94.419352;116.50486;105.77879,198.80062;167.6705;194.33474;189.94553;178.97447;197.9976;173.3948;170.41868;204.94396;185.17529;198.89142;197.86026;196.57891;186.86692;188.8387;189.8481;183.62519,4.9457111;5.0272209;5.0049862;5.0861229;5.0349499;4.97517;4.9890876;5.0206058;4.8965438;5.0073491;4.9351045;5.0695225;5.0068295;5.0800369;4.971503;4.9932767;4.9559796,3.3090305606719994e-08,77.32110595703125,1.6576610084584331e-09,42980.199123443395,1.0,0.20275907144982236,True,,,1,1060934184957312893,3d38d20b97844612b6ad28d2550e4feec7c1dcb6333a7347f39d16c07a33e39f:357,123,7213510162491978448,3eabdfa943524b1077c76342cd49dd883c1d02e6abf0a6e9273162f3d53c340b,0.0
358,0,-1.962094725449963,-0.6282906500322829,inside,circular,2.4182041200761413,1.394987323706439,8.344716631023486,1.0,38.90907175394955,1,,,,False,0.3596639549227241,0.5459859927137686,False,0.15957141181302914,2.7940793103348547,1.2223300662316539,2.20089180658817,ballistic,37.47357718556039,,0.08016042605156552,60.46408511705462,1.0605798146512107,2.070630295355312,3.6050611672709545,9.961943563404148,0.3590439797939136,0.38573996767245244,0.8644432417825256,0.22565094207057426,0.32220305697547486,1.1671243170471466,26.505128669734336,3.3586268868386586,0.07161055247856436,qp_ode,0.05,100.0,4.745025551487114e-10,100.00000000000001,188.48033507752348,1.5024461874924622,191.0,5.0,0.999,independent_lognormal,False,0.0,False,0.0,34.29373332020703,0.4948796252967246,False,0.0,fixed_device,0,83.8352488853537,118.05332671712425,167.6704977707074,204.94395774055712,107.50854;83.835249;108.17078;117.03402;89.487233;118.05333;86.697402;85.209342;102.47198;92.587643;100.74184;98.930132;99.136065;93.433459;94.419352;116.50486;105.77879,198.80062;167.6705;194.33474;189.94553;178.97447;197.9976;173.3948;170.41868;204.94396;185.17529;198.89142;197.86026;196.57891;186.86692;188.8387;189.8481;183.62519,4.9457111;5.0272209;5.0049862;5.0861229;5.0349499;4.97517;4.9890876;5.0206058;4.8965438;5.0073491;4.9351045;5.0695225;5.0068295;5.0800369;4.971503;4.9932767;4.9559796,6.705384247851498e-09,82.3637466430664,3.3547931099775496e-10,42980.199123443395,1.0,0.21172023933899964,True,,,0,8361732101901000479,3d38d20b97844612b6ad28d2550e4feec7c1dcb6333a7347f39d16c07a33e39f:358,123,2362549576513389403,3eabdfa943524b1077c76342cd49dd883c1d02e6abf0a6e9273162f3d53c340b,0.0
359,0,-3.0,0.7612742527693959,edge,elliptical,2.2106832041517843,1.405159057617821,8.250997230481527,2.3401789828726156,49.807737099001194,1,,,,False,0.2221262470162646,0.6944289068826275,False,0.24904236361170107,2.753295016362591,0.6850867933912312,1.3575430459558253,ballistic,18.44966402336224,,0.11754895421344105,14.427591131674928,1.1807605644912282,3.552356973002527,4.889051464607856,5.205101456457901,0.1728101221592568,0.2748334957191665,0.9249496270657378,0.28434824501420536,0.3838221073411861,0.9764472565436195,32.2746190051856,3.086478281539679,0.06610823326004003,qp_ode,0.05,100.0,1.2442889159306538e-10,100.00000000000001,188.48033507752348,1.1484382099454131,191.0,5.0,0.999,independent_lognormal,False,0.0,False,0.0,18.05471468626291,0.570861486309951,False,0.0,fixed_device,0,83.8352488853537,118.05332671712425,167.6704977707074,204.94395774055712,107.50854;83.835249;108.17078;117.03402;89.487233;118.05333;86.697402;85.209342;102.47198;92.587643;100.74184;98.930132;99.136065;93.433459;94.419352;116.50486;105.77879,198.80062;167.6705;194.33474;189.94553;178.97447;197.9976;173.3948;170.41868;204.94396;185.17529;198.89142;197.86026;196.57891;186.86692;188.8387;189.8481;183.62519,4.9457111;5.0272209;5.0049862;5.0861229;5.0349499;4.97517;4.9890876;5.0206058;4.8965438;5.0073491;4.9351045;5.0695225;5.0068295;5.0800369;4.971503;4.9932767;4.9559796,2.1456667553820807e-09,83.83243560791016,1.0728793548020477e-10,42980.199123443395,1.0,0.19336100908078416,True,,,0,11060210608439361408,3d38d20b97844612b6ad28d2550e4feec7c1dcb6333a7347f39d16c07a33e39f:359,123,8408261921085317176,3eabdfa943524b1077c76342cd49dd883c1d02e6abf0a6e9273162f3d53c340b,0.0
