pitch_level,pitch_mm,group,events,mean_mm,median_mm,p90_mm,within_1mm
high,0.8333333333333334,all,180,2.348145835559763,2.3536680340236,4.042286943271564,0.21388888888888888
high,0.8333333333333334,weak,63,3.337873339702446,3.364528098195113,4.708544386036602,0.0
high,0.8333333333333334,medium,61,2.5963057510543956,2.6879819358276853,3.906622766360811,0.05737704918032787
high,0.8333333333333334,strong,56,0.9643853425925906,0.7649213351137265,1.7335134774570164,0.625
low,1.25,all,180,2.352939475653641,2.381209352306658,4.158983467406151,0.24166666666666667
low,1.25,weak,63,3.3855734173652245,3.448782295807526,4.57159755080882,0.023809523809523808
low,1.25,medium,61,2.688029326126764,2.7512558331739765,3.9538376068903602,0.03278688524590164
low,1.25,strong,56,0.8262177041056005,0.7411164802197833,1.5598854470919954,0.7142857142857143
standard,1.0,all,180,2.37011680436329,2.4045363571912306,4.174734963262183,0.2222222222222222
standard,1.0,weak,63,3.3698836550734432,3.4408085554154386,4.55102258257527,0.0
standard,1.0,medium,61,2.692460952955551,2.7814637307936607,3.9676604117862535,0.05737704918032787
standard,1.0,strong,56,0.8942542211692253,0.8026730105540931,1.5284401253324775,0.6517857142857143
ultra_high,0.7142857142857143,all,180,2.3668244973110184,2.4270269590193507,4.014604093236871,0.2222222222222222
ultra_high,0.7142857142857143,weak,63,3.329829835254962,3.482084585332894,4.442468411843413,0.015873015873015872
ultra_high,0.7142857142857143,medium,61,2.6174785122621143,2.6411325390026104,3.9150281588655202,0.09836065573770492
ultra_high,0.7142857142857143,strong,56,1.0104096544094945,0.8172252286875994,2.088286326839002,0.5892857142857143
ultra_low,1.5,all,180,2.333730317286149,2.524412695608623,4.107358811316344,0.23055555555555557
ultra_low,1.5,weak,63,3.320145824063114,3.265316294970539,4.628387171472586,0.007936507936507936
ultra_low,1.5,medium,61,2.6558267167711436,2.7013279080654526,3.832188267794035,0.04918032786885246
ultra_low,1.5,strong,56,0.8731578655801945,0.7267943414521159,1.5590059594390404,0.6785714285714286
