model,mean_mm,median_mm,p90_mm,p95_mm,within_1mm,over_3mm
n288_h4_SVR,2.294475478833576,2.224984068789776,3.8279214579640737,4.356964283850145,0.1361111111111111,0.28055555555555556
n288_h4_binomial,2.084169446052046,1.754674314877687,4.141387571824708,4.951590672209135,0.2638888888888889,0.21666666666666667
n288_h4_GLS,2.034600995191437,1.6998373014342993,4.013513135142143,4.692695046827794,0.23333333333333334,0.20277777777777778
n288_h8_SVR,2.109917468023553,2.0477883485592554,3.6753951869531747,4.038390172156574,0.18055555555555555,0.20833333333333334
n288_h8_binomial,1.8700737872777742,1.5286443692563023,3.6930264667038712,4.556944640687646,0.29444444444444445,0.16944444444444445
n288_h8_GLS,1.8376685668908048,1.5603366337141882,3.588157732557969,4.281069758051263,0.2916666666666667,0.16944444444444445
n288_h16_SVR,2.057092961932745,1.9852394796414454,3.5872618191242536,3.9911201360709647,0.18333333333333332,0.19444444444444445
n288_h16_binomial,1.8726393509978483,1.5883142560187362,3.4584463039760163,4.252371179458454,0.28055555555555556,0.14722222222222223
n288_h16_GLS,1.8532872867035537,1.5529584334342759,3.559800204647822,4.253203115816935,0.2833333333333333,0.14722222222222223
n576_h4_SVR,2.24164525307695,2.057193987434681,3.8285648197468016,4.2516842818617055,0.1388888888888889,0.25555555555555554
n576_h4_binomial,2.042139808108628,1.6693827270779258,4.010217850689269,5.0581177851453,0.2861111111111111,0.20833333333333334
n576_h4_GLS,2.0113312858575734,1.728609094627331,3.949716716210559,4.621356710769966,0.23055555555555557,0.2
n576_h8_SVR,2.065668099806504,1.9500479297634148,3.7382691366693037,4.055718795096851,0.2,0.21388888888888888
n576_h8_binomial,1.8385594168345538,1.5244780721800346,3.6783039748423834,4.609973731983444,0.3111111111111111,0.16666666666666666
n576_h8_GLS,1.8084740542385185,1.5427155830948633,3.5842696730821615,4.360796479292756,0.30833333333333335,0.16111111111111112
n576_h16_SVR,2.0077978198463637,1.8739386596655618,3.551702338671717,4.128870304931063,0.20555555555555555,0.19444444444444445
n576_h16_binomial,1.8222799710401223,1.5233258947758035,3.574590457594623,4.403520664045161,0.3055555555555556,0.16111111111111112
n576_h16_GLS,1.7919437107710523,1.5182523619128703,3.4950869894696552,4.31720001824141,0.30833333333333335,0.1638888888888889
n864_h4_SVR,2.2455496224706497,2.153858315589315,3.8635961533467578,4.3023638055548155,0.16666666666666666,0.2722222222222222
n864_h4_binomial,2.0310308058286397,1.7010726455739456,4.010625637148227,5.0184288111083,0.2861111111111111,0.2
n864_h4_GLS,1.9980778514225461,1.735501869091629,3.8802404623398172,4.601839153514811,0.24444444444444444,0.20277777777777778
n864_h8_SVR,2.0603654379224943,1.9900603302274242,3.5925668666778736,4.180554919445945,0.20833333333333334,0.21666666666666667
n864_h8_binomial,1.8397801554362616,1.4647216806052368,3.7766868961967774,4.613695599307184,0.3138888888888889,0.16944444444444445
n864_h8_GLS,1.797530384607139,1.4640153207752789,3.5768336390032727,4.330602891085556,0.3138888888888889,0.1638888888888889
n864_h16_SVR,1.997249147876942,1.8387830041481767,3.702632298830338,4.233391851306483,0.2388888888888889,0.18055555555555555
n864_h16_binomial,1.825189357862527,1.4800356644096615,3.566401678011126,4.648294080467863,0.29444444444444445,0.15833333333333333
n864_h16_GLS,1.7772715328939686,1.4543199469403516,3.435429527994778,4.396746842444553,0.30277777777777776,0.1638888888888889
reference,2.084169446052046,1.754674314877687,4.141387571824708,4.951590672209135,0.2638888888888889,0.21666666666666667
old_allband_SVR4,2.382826310729707,2.305014892417896,3.754262588762005,4.148448230859162,0.10277777777777777,0.30277777777777776
old_allband_template4,2.0736045510189975,1.7419663215269137,3.8992950574180365,4.405185464901883,0.20277777777777778,0.2222222222222222
