model,seed,mean_mm,median_mm,p90_mm,p95_mm,within_1mm,over_3mm
n288_h4_SVR,20260911221,2.234705560600456,2.1107794181241424,3.6689942525648003,3.9764560842402723,0.175,0.2916666666666667
n288_h4_SVR,20260911231,2.334924475346321,2.2230887189494704,4.052052201772641,4.541112395894731,0.10833333333333334,0.25
n288_h4_SVR,20260911241,2.3137964005539504,2.2484336538859497,3.766762748615167,4.265180063837835,0.125,0.3
n288_h4_binomial,20260911221,2.0836760048146252,1.814437638717794,3.7049612844493183,5.07344763872289,0.25833333333333336,0.20833333333333334
n288_h4_binomial,20260911231,2.1348267276724053,1.6751292323317168,4.452797911911113,4.970393110290408,0.25,0.225
n288_h4_binomial,20260911241,2.0340056056691087,1.708577292745375,3.8809384753172975,4.627004815620786,0.2833333333333333,0.21666666666666667
n288_h4_GLS,20260911221,2.015341259812531,1.8521829798597946,3.6863247527722702,4.911075802681065,0.24166666666666667,0.175
n288_h4_GLS,20260911231,2.0673086921630217,1.6302389332107197,4.20439269818004,4.89363423867031,0.19166666666666668,0.20833333333333334
n288_h4_GLS,20260911241,2.0211530335987584,1.6810070599263867,3.6776320756747456,4.550471966721753,0.26666666666666666,0.225
n288_h8_SVR,20260911221,2.0355740212946287,2.078352947556568,3.5484857132021133,3.9424440382479657,0.24166666666666667,0.2
n288_h8_SVR,20260911231,2.108911298069357,1.9492805907672919,3.723448275169734,4.187238922196096,0.16666666666666666,0.20833333333333334
n288_h8_SVR,20260911241,2.1852670847066737,2.0586868736116677,3.6753951869531747,3.984747613561193,0.13333333333333333,0.21666666666666667
n288_h8_binomial,20260911221,1.8646219374766113,1.6161176911631767,3.4704900162130996,4.35061207072136,0.2916666666666667,0.16666666666666666
n288_h8_binomial,20260911231,1.9043598307221916,1.4123178100884624,4.248792904943383,4.619464116495799,0.3,0.19166666666666668
n288_h8_binomial,20260911241,1.8412395936345196,1.5256529227958917,3.590679476314506,4.43972735059005,0.2916666666666667,0.15
n288_h8_GLS,20260911221,1.8243995118890421,1.7038303535322312,3.3662557231721295,3.783707912904964,0.2916666666666667,0.175
n288_h8_GLS,20260911231,1.8593596855923844,1.3516881828448368,3.9941905969035605,4.8788409417159215,0.3,0.18333333333333332
n288_h8_GLS,20260911241,1.8292465031909884,1.6203571863042119,3.3347372590585596,4.1440059795973845,0.2833333333333333,0.15
n288_h16_SVR,20260911221,1.9541755594147512,1.8902610343030206,3.580042009746631,3.7774823983207413,0.225,0.16666666666666666
n288_h16_SVR,20260911231,2.0515300789149182,1.8413278854620367,3.631632489793731,4.218048635863175,0.175,0.2
n288_h16_SVR,20260911241,2.1655732474685663,2.0345390810567157,3.5820903025951654,4.2355420226934966,0.15,0.21666666666666667
n288_h16_binomial,20260911221,1.8673847710201832,1.5641730895502257,3.4982519340249643,4.146092222692999,0.3,0.15833333333333333
n288_h16_binomial,20260911231,1.9363921219026514,1.6188006450582835,3.5128464709385967,5.037059969342433,0.275,0.15833333333333333
n288_h16_binomial,20260911241,1.814141160070711,1.606542326371439,3.323633207036585,4.150420998421187,0.26666666666666666,0.125
n288_h16_GLS,20260911221,1.8411837091837857,1.5355799920693785,3.61023349355346,3.9751136618959886,0.2916666666666667,0.14166666666666666
n288_h16_GLS,20260911231,1.8892706581994938,1.5087687074487697,3.799863586719957,4.738620932005031,0.2833333333333333,0.16666666666666666
n288_h16_GLS,20260911241,1.8294074927273811,1.6374853464281816,3.2406777321330367,3.8391552591695235,0.275,0.13333333333333333
n576_h4_SVR,20260911221,2.1892559030525365,2.0751761149322725,3.6325884766573227,4.149975117286632,0.18333333333333332,0.25
n576_h4_SVR,20260911231,2.2858714170420265,2.0668250965189543,4.08075245733894,4.56036878594143,0.125,0.24166666666666667
n576_h4_SVR,20260911241,2.2498084391362863,2.03824668079966,3.8008476142029153,4.075641632128895,0.10833333333333334,0.275
n576_h4_binomial,20260911221,2.054663813350076,1.769108772490987,3.8315061084850868,5.187977037061523,0.25833333333333336,0.2
n576_h4_binomial,20260911231,2.0586161840423456,1.601614727046384,4.39530703792572,5.121930588775803,0.2833333333333333,0.20833333333333334
n576_h4_binomial,20260911241,2.013139426933463,1.6396824551319256,3.8882641998459544,4.344904770761387,0.31666666666666665,0.21666666666666667
n576_h4_GLS,20260911221,2.007696994066084,1.8091808325420495,3.65838770766482,4.67993098819074,0.20833333333333334,0.175
n576_h4_GLS,20260911231,2.0284479773014352,1.6421448613780076,4.103871199361657,4.924653870692543,0.225,0.20833333333333334
n576_h4_GLS,20260911241,1.997848886205201,1.7439316692871278,3.6175359619575818,4.321235022065989,0.25833333333333336,0.21666666666666667
n576_h8_SVR,20260911221,2.002149129176361,1.959006748518158,3.673994549446516,3.9131191481727887,0.23333333333333334,0.20833333333333334
n576_h8_SVR,20260911231,2.071415910345209,1.9604787500683312,3.7408343217621476,4.095647194174514,0.20833333333333334,0.21666666666666667
n576_h8_SVR,20260911241,2.1234392598979417,1.897313799553817,3.6673216684170082,4.21858106902026,0.15833333333333333,0.21666666666666667
n576_h8_binomial,20260911221,1.8689753054747498,1.620110237624334,3.5704025790711524,4.388394757049744,0.2916666666666667,0.18333333333333332
n576_h8_binomial,20260911231,1.8388110089657206,1.4488967936465358,4.102729025314621,4.8721001578629295,0.3416666666666667,0.16666666666666666
n576_h8_binomial,20260911241,1.8078919360631909,1.5058783388998211,3.6120377263291865,4.302637057668058,0.3,0.15
n576_h8_GLS,20260911221,1.8163080743835733,1.671087637551489,3.4255787296361184,3.977333220268925,0.2916666666666667,0.16666666666666666
n576_h8_GLS,20260911231,1.795040837150405,1.3089476831047187,3.933947335886762,4.97655456493103,0.325,0.18333333333333332
n576_h8_GLS,20260911241,1.814073251181577,1.6077049138855712,3.5035952077342456,4.042758731708618,0.30833333333333335,0.13333333333333333
n576_h16_SVR,20260911221,1.9269265035566552,1.9292827668182428,3.4626615178168745,3.735297360515148,0.275,0.18333333333333332
n576_h16_SVR,20260911231,2.0194480046004935,1.8686936437351818,3.6389426594062626,4.1662147545988555,0.2,0.20833333333333334
n576_h16_SVR,20260911241,2.077018951381942,1.8464063779214894,3.6546214327906603,4.220621777702071,0.14166666666666666,0.19166666666666668
n576_h16_binomial,20260911221,1.8508021028602262,1.5350429426512973,3.7516133145042336,4.265103825494479,0.31666666666666665,0.15833333333333333
n576_h16_binomial,20260911231,1.831816678251063,1.547432696567385,3.6260234756392475,4.793105718885144,0.31666666666666665,0.175
n576_h16_binomial,20260911241,1.7842211320090784,1.4876242231149166,3.241020334758228,4.381105213938764,0.2833333333333333,0.15
n576_h16_GLS,20260911221,1.8018003634038735,1.3996909649151428,3.5318442768311087,4.141270064026786,0.31666666666666665,0.15833333333333333
n576_h16_GLS,20260911231,1.8037905413694981,1.4990954904270435,3.7135430797363744,4.70415741025886,0.325,0.2
n576_h16_GLS,20260911241,1.7702402275397853,1.5393590517676317,3.2653335488823703,4.210172342604435,0.2833333333333333,0.13333333333333333
n864_h4_SVR,20260911221,2.1997569148151754,2.1011707451310313,3.614427986387821,3.8364745905958433,0.19166666666666668,0.2833333333333333
n864_h4_SVR,20260911231,2.2927423393621873,2.2109840795975035,4.119605280423793,4.45089608053893,0.16666666666666666,0.275
n864_h4_SVR,20260911241,2.2441496132345864,2.1392532992031112,3.9384350766629854,4.230508038216585,0.14166666666666666,0.25833333333333336
n864_h4_binomial,20260911221,2.051699561538711,1.790455825813127,3.8469923840125313,5.160590380369168,0.26666666666666666,0.18333333333333332
n864_h4_binomial,20260911231,2.0437703972114343,1.626491310902969,4.326019531811711,5.241449601562948,0.26666666666666666,0.20833333333333334
n864_h4_binomial,20260911241,1.997622458735774,1.7313550118905747,3.8959404768247654,4.393873501565716,0.325,0.20833333333333334
n864_h4_GLS,20260911221,1.98085735483361,1.8230561545077197,3.5727131367056746,4.63227553325144,0.225,0.175
n864_h4_GLS,20260911231,2.038644539290674,1.666188516392435,4.015407136220755,5.06381383591212,0.23333333333333334,0.2
n864_h4_GLS,20260911241,1.974731660143354,1.7164101229927509,3.7654480130418655,4.215090432146192,0.275,0.23333333333333334
n864_h8_SVR,20260911221,2.015600678990331,2.05523165082504,3.519718844868139,3.9773000584563305,0.25833333333333336,0.225
n864_h8_SVR,20260911231,2.0311973258739604,1.8816194546664025,3.667195445250703,4.184104765289183,0.21666666666666667,0.19166666666666668
n864_h8_SVR,20260911241,2.134298308903191,1.9880469574763842,3.671977397515807,4.282607139862219,0.15,0.23333333333333334
n864_h8_binomial,20260911221,1.8533382882875389,1.674186543906122,3.6549843386543377,4.243853164971757,0.275,0.15833333333333333
n864_h8_binomial,20260911231,1.836915791800771,1.366589626161443,4.207455046056269,4.7191034371988065,0.35833333333333334,0.18333333333333332
n864_h8_binomial,20260911241,1.8290863862204747,1.4667061530195344,3.6342528123087785,4.163578115700939,0.30833333333333335,0.16666666666666666
n864_h8_GLS,20260911221,1.7777421206924113,1.566333904235274,3.318416331716575,4.098192759547074,0.30833333333333335,0.15
n864_h8_GLS,20260911231,1.7966324797723616,1.3582158512829186,3.9786680448144764,4.866338328064373,0.35,0.2
n864_h8_GLS,20260911241,1.818216553356645,1.5098144866531982,3.441018271683816,4.141847971158424,0.2833333333333333,0.14166666666666666
n864_h16_SVR,20260911221,1.9413634238905193,1.9101174842107147,3.4787803265003374,3.8946113798697644,0.275,0.175
n864_h16_SVR,20260911231,1.9798413545559137,1.8379702889180445,3.707003993883898,4.308566425722134,0.275,0.16666666666666666
n864_h16_SVR,20260911241,2.070542665184393,1.8262998650247169,3.7444106231487084,4.277841861844272,0.16666666666666666,0.2
n864_h16_binomial,20260911221,1.825796515385339,1.5449024405541794,3.578861357401052,4.324333696429053,0.2833333333333333,0.14166666666666666
n864_h16_binomial,20260911231,1.8401064696085705,1.3614011156773247,3.845495162053096,4.698513945242996,0.3333333333333333,0.19166666666666668
n864_h16_binomial,20260911241,1.8096650885936711,1.5050409665544986,3.3906736554079044,4.267174929317058,0.26666666666666666,0.14166666666666666
n864_h16_GLS,20260911221,1.7719336160337145,1.5168730944100757,3.3608647800090354,4.2547214894527325,0.30833333333333335,0.14166666666666666
n864_h16_GLS,20260911231,1.7874625853329509,1.4380417308263642,3.727189028776384,4.658735448919581,0.35,0.20833333333333334
n864_h16_GLS,20260911241,1.7724183973152396,1.4528950309406738,3.1530923208223443,4.254457775294244,0.25,0.14166666666666666
reference,20260911221,2.0836760048146252,1.814437638717794,3.7049612844493183,5.07344763872289,0.25833333333333336,0.20833333333333334
reference,20260911231,2.1348267276724053,1.6751292323317168,4.452797911911113,4.970393110290408,0.25,0.225
reference,20260911241,2.0340056056691087,1.708577292745375,3.8809384753172975,4.627004815620786,0.2833333333333333,0.21666666666666667
old_allband_SVR4,20260911221,2.342209825474844,2.3159406328665817,3.8347644087619197,3.939896861345255,0.125,0.2916666666666667
old_allband_SVR4,20260911231,2.4124920987501755,2.326446543352975,3.8878337774643463,4.613369169826229,0.1,0.2916666666666667
old_allband_SVR4,20260911241,2.393777007964101,2.2849890006109934,3.713960253159842,4.020079826880555,0.08333333333333333,0.325
old_allband_template4,20260911221,2.019520996134923,1.7490599002737648,3.5610112680591683,4.373193120683597,0.2,0.2
old_allband_template4,20260911231,2.1160779867622774,1.7273121293669218,4.0889673761081475,4.926388812282411,0.19166666666666668,0.23333333333333334
old_allband_template4,20260911241,2.0852146701597927,1.7331245202212795,3.7296926402823014,4.071236496601039,0.21666666666666667,0.23333333333333334
