model,feature_label,group,reference,difference_mm,bootstrap_ci95_low_mm,bootstrap_ci95_high_mm,paired_test_root_1_difference_mm,paired_test_root_2_difference_mm,paired_test_root_3_difference_mm,train_seed_replicates
full__g120,Full,weak,relative__g120,0.00492591,-0.02227316,0.03173547,-0.02681504,0.02694049,0.01465226,1
full__g120,Full,medium,relative__g120,-0.02329321,-0.05116626,0.00429301,-0.00491598,-0.03656979,-0.02839385,1
full__g120,Full,strong,relative__g120,0.45465780,0.33391758,0.58443270,0.51861302,0.40026386,0.44509653,1
relative_level__g120,Relative+level,weak,relative__g120,0.00180481,-0.00146489,0.00505987,0.00235783,0.00337855,-0.00032196,1
relative_level__g120,Relative+level,medium,relative__g120,-0.00722393,-0.01148570,-0.00292327,-0.00888536,-0.00937366,-0.00341278,1
relative_level__g120,Relative+level,strong,relative__g120,-0.00971545,-0.02542844,0.00610094,-0.03056417,-0.01212958,0.01354740,1
early__g120,Early,weak,relative__g120,0.07764288,-0.00572425,0.15966700,0.06693501,0.05928180,0.10671182,1
early__g120,Early,medium,relative__g120,0.27598983,0.20237741,0.35168532,0.27752161,0.24058547,0.30986242,1
early__g120,Early,strong,relative__g120,0.05938370,0.01325926,0.10624506,0.02200510,0.07879718,0.07734882,1
late__g120,Late,weak,relative__g120,0.02492764,-0.03517223,0.08670350,0.02828425,0.03117058,0.01532810,1
late__g120,Late,medium,relative__g120,0.13239142,0.06631563,0.19743026,0.18266071,0.05629005,0.15822351,1
late__g120,Late,strong,relative__g120,0.16431236,0.10957166,0.21788365,0.12900926,0.19448624,0.16944157,1
log__g120,Log,weak,relative__g120,0.01091771,-0.01062726,0.03290649,0.00570872,0.02971422,-0.00266982,1
log__g120,Log,medium,relative__g120,-0.01256442,-0.03107650,0.00588259,-0.03399403,-0.00390406,0.00020482,1
log__g120,Log,strong,relative__g120,0.02781083,-0.00529591,0.05802832,0.01755371,0.04138918,0.02448958,1
signed__g120,Signed,weak,relative__g120,0.02919076,-0.02409186,0.08184956,-0.05290286,0.09456640,0.04590873,1
signed__g120,Signed,medium,relative__g120,-0.06224171,-0.10655158,-0.01664837,-0.03833799,-0.10755342,-0.04083373,1
signed__g120,Signed,strong,relative__g120,-0.01308222,-0.04098579,0.01579507,-0.02323334,-0.04186682,0.02585351,1
sqrt__g120,Sqrt,weak,relative__g120,0.02197086,-0.01236590,0.05664617,0.00312805,0.05193546,0.01084906,1
sqrt__g120,Sqrt,medium,relative__g120,-0.01467542,-0.04429986,0.01582090,-0.02911503,-0.02818735,0.01327612,1
sqrt__g120,Sqrt,strong,relative__g120,0.06673573,0.03245780,0.10054488,0.04812026,0.07546826,0.07661869,1
top60__g120,Top60,weak,relative__g120,0.00757673,-0.03467077,0.05130404,-0.00263888,-0.00050324,0.02587230,1
top60__g120,Top60,medium,relative__g120,0.03475198,-0.00786913,0.07853376,0.07271676,-0.00456232,0.03610151,1
top60__g120,Top60,strong,relative__g120,0.05299575,0.01112915,0.09448733,0.06428008,0.05290662,0.04180054,1
pca32__g120,PCA32,weak,relative__g120,-0.05474023,-0.11098245,0.00020879,-0.04673966,-0.10938946,-0.00809158,1
pca32__g120,PCA32,medium,relative__g120,0.18094417,0.12701845,0.23557476,0.23156576,0.12468418,0.18658258,1
pca32__g120,PCA32,strong,relative__g120,0.15897976,0.09627907,0.22000167,0.11878806,0.18061002,0.17754119,1
