group,model,training_seed,test_seed,mean_mm,rei_mm,difference_mm
weak,Blend,41,2026090941,3.2807686677461523,3.2612492989005104,0.01951936884564187
weak,Overlap,41,2026090941,3.27699591738822,3.2612492989005104,0.01574661848770953
weak,ThreeSoft,41,2026090941,3.2693357487937096,3.2612492989005104,0.008086449893199177
weak,ThreeHard,41,2026090941,3.276661061911014,3.2612492989005104,0.01541176301050351
weak,CNN,41,2026090941,3.2976359355730467,3.2612492989005104,0.03638663667253628
weak,Blend,41,2026091041,3.2232513169869117,3.210733974966752,0.012517342020159639
weak,Overlap,41,2026091041,3.2239664051216503,3.210733974966752,0.013232430154898278
weak,ThreeSoft,41,2026091041,3.191531724194508,3.210733974966752,-0.019202250772244245
weak,ThreeHard,41,2026091041,3.214024526341404,3.210733974966752,0.003290551374651951
weak,CNN,41,2026091041,3.239533718078444,3.210733974966752,0.028799743111691978
weak,Blend,41,2026091141,3.2194727951913524,3.2098867134676112,0.009586081723741202
weak,Overlap,41,2026091141,3.2118659226415223,3.2098867134676112,0.001979209173911034
weak,ThreeSoft,41,2026091141,3.2064272486898986,3.2098867134676112,-0.0034594647777126397
weak,ThreeHard,41,2026091141,3.1982266240815598,3.2098867134676112,-0.011660089386051453
weak,CNN,41,2026091141,3.191444709779201,3.2098867134676112,-0.018442003688410313
weak,Blend,42,2026090941,3.279631964747331,3.2612492989005104,0.01838266584682069
weak,Overlap,42,2026090941,3.2761787065213337,3.2612492989005104,0.014929407620823287
weak,ThreeSoft,42,2026090941,3.267440714002783,3.2612492989005104,0.006191415102272391
weak,ThreeHard,42,2026090941,3.2659334722504307,3.2612492989005104,0.004684173349920329
weak,CNN,42,2026090941,3.2908151095764717,3.2612492989005104,0.029565810675961313
weak,Blend,42,2026091041,3.22000471269937,3.210733974966752,0.009270737732617995
weak,Overlap,42,2026091041,3.221642438933636,3.210733974966752,0.010908463966884163
weak,ThreeSoft,42,2026091041,3.1948099544489232,3.210733974966752,-0.01592402051782882
weak,ThreeHard,42,2026091041,3.1999497655276903,3.210733974966752,-0.010784209439061776
weak,CNN,42,2026091041,3.194557097211548,3.210733974966752,-0.016176877755204266
weak,Blend,42,2026091141,3.218683698494885,3.2098867134676112,0.008796985027273774
weak,Overlap,42,2026091141,3.2111565073801054,3.2098867134676112,0.0012697939124941549
weak,ThreeSoft,42,2026091141,3.2070793116658973,3.2098867134676112,-0.0028074018017139046
weak,ThreeHard,42,2026091141,3.196960709795634,3.2098867134676112,-0.01292600367197716
weak,CNN,42,2026091141,3.2281081504703297,3.2098867134676112,0.0182214370027185
weak,Blend,43,2026090941,3.274575412970475,3.2612492989005104,0.013326114069964756
weak,Overlap,43,2026090941,3.275664497698389,3.2612492989005104,0.01441519879787867
weak,ThreeSoft,43,2026090941,3.271656373928217,3.2612492989005104,0.010407075027706547
weak,ThreeHard,43,2026090941,3.271689730278177,3.2612492989005104,0.010440431377666481
weak,CNN,43,2026090941,3.309111274082417,3.2612492989005104,0.04786197518190649
weak,Blend,43,2026091041,3.2225115996407863,3.210733974966752,0.011777624674034204
weak,Overlap,43,2026091041,3.222445692560816,3.210733974966752,0.011711717594063753
weak,ThreeSoft,43,2026091041,3.193460126385125,3.210733974966752,-0.01727384858162706
weak,ThreeHard,43,2026091041,3.200737990522493,3.210733974966752,-0.009995984444258976
weak,CNN,43,2026091041,3.2593165411799885,3.210733974966752,0.04858256621323642
weak,Blend,43,2026091141,3.2236658676548275,3.2098867134676112,0.013779154187216314
weak,Overlap,43,2026091141,3.2099333353562995,3.2098867134676112,4.662188868831407e-05
weak,ThreeSoft,43,2026091141,3.2066976874972277,3.2098867134676112,-0.0031890259703835078
weak,ThreeHard,43,2026091141,3.1864281566583044,3.2098867134676112,-0.023458556809306863
weak,CNN,43,2026091141,3.2515346800246263,3.2098867134676112,0.04164796655701508
medium,Blend,41,2026090941,2.780494881247112,2.968553765939442,-0.1880588846923299
medium,Overlap,41,2026090941,2.732006741851047,2.968553765939442,-0.23654702408839512
medium,ThreeSoft,41,2026090941,2.760285467806768,2.968553765939442,-0.208268298132674
medium,ThreeHard,41,2026090941,2.7515083327696503,2.968553765939442,-0.21704543316979175
medium,CNN,41,2026090941,2.878355611546572,2.968553765939442,-0.09019815439287004
medium,Blend,41,2026091041,2.675210449632099,2.822450285488684,-0.14723983585658518
medium,Overlap,41,2026091041,2.6377258594694144,2.822450285488684,-0.18472442601926975
medium,ThreeSoft,41,2026091041,2.642158172091173,2.822450285488684,-0.18029211339751106
medium,ThreeHard,41,2026091041,2.6511245740868024,2.822450285488684,-0.1713257114018818
medium,CNN,41,2026091041,2.800248170121701,2.822450285488684,-0.022202115366983133
medium,Blend,41,2026091141,2.739029767662926,2.943887712044637,-0.20485794438171112
medium,Overlap,41,2026091141,2.7045614097241097,2.943887712044637,-0.23932630232052743
medium,ThreeSoft,41,2026091141,2.7391369307304982,2.943887712044637,-0.20475078131413893
medium,ThreeHard,41,2026091141,2.7259224495976,2.943887712044637,-0.21796526244703696
medium,CNN,41,2026091141,2.845884343351309,2.943887712044637,-0.09800336869332815
medium,Blend,42,2026090941,2.788885523474596,2.968553765939442,-0.17966824246484592
medium,Overlap,42,2026090941,2.7356129381299543,2.968553765939442,-0.23294082780948777
medium,ThreeSoft,42,2026090941,2.760682423684357,2.968553765939442,-0.20787134225508508
medium,ThreeHard,42,2026090941,2.757158217976624,2.968553765939442,-0.21139554796281823
medium,CNN,42,2026090941,2.983812301998708,2.968553765939442,0.015258536059266081
medium,Blend,42,2026091041,2.676609672087403,2.822450285488684,-0.14584061340128107
medium,Overlap,42,2026091041,2.6394060818202534,2.822450285488684,-0.18304420366843077
medium,ThreeSoft,42,2026091041,2.639981370283302,2.822450285488684,-0.18246891520538222
medium,ThreeHard,42,2026091041,2.656081124083403,2.822450285488684,-0.16636916140528113
medium,CNN,42,2026091041,2.9061347488062337,2.822450285488684,0.08368446331754953
medium,Blend,42,2026091141,2.7367604680290283,2.943887712044637,-0.2071272440156089
medium,Overlap,42,2026091141,2.70161896374172,2.943887712044637,-0.24226874830291711
medium,ThreeSoft,42,2026091141,2.735468499136431,2.943887712044637,-0.2084192129082063
medium,ThreeHard,42,2026091141,2.727509409864211,2.943887712044637,-0.2163783021804262
medium,CNN,42,2026091141,2.9495794072439576,2.943887712044637,0.005691695199320446
medium,Blend,43,2026090941,2.783576285627947,2.968553765939442,-0.18497748031149497
medium,Overlap,43,2026090941,2.7315763120507746,2.968553765939442,-0.23697745388866753
medium,ThreeSoft,43,2026090941,2.7631348270258345,2.968553765939442,-0.20541893891360763
medium,ThreeHard,43,2026090941,2.7418746298611563,2.968553765939442,-0.22667913607828583
medium,CNN,43,2026090941,2.866307132197149,2.968553765939442,-0.10224663374229293
medium,Blend,43,2026091041,2.6740607135344923,2.822450285488684,-0.1483895719541919
medium,Overlap,43,2026091041,2.636769960887362,2.822450285488684,-0.18568032460132233
medium,ThreeSoft,43,2026091041,2.640277084140692,2.822450285488684,-0.1821732013479922
medium,ThreeHard,43,2026091041,2.659110709432154,2.822450285488684,-0.16333957605653016
medium,CNN,43,2026091041,2.828934651301592,2.822450285488684,0.0064843658129079
medium,Blend,43,2026091141,2.743620629140396,2.943887712044637,-0.200267082904241
medium,Overlap,43,2026091141,2.7041983479967,2.943887712044637,-0.2396893640479374
medium,ThreeSoft,43,2026091141,2.739155976142752,2.943887712044637,-0.20473173590188498
medium,ThreeHard,43,2026091141,2.731144416727659,2.943887712044637,-0.2127432953169781
medium,CNN,43,2026091141,2.839681736277316,2.943887712044637,-0.10420597576732105
strong,Blend,41,2026090941,0.856083434966917,1.621268766946703,-0.765185331979786
strong,Overlap,41,2026090941,0.8417884717513807,1.621268766946703,-0.7794802951953222
strong,ThreeSoft,41,2026090941,0.7940764025760653,1.621268766946703,-0.8271923643706377
strong,ThreeHard,41,2026090941,0.7989654033564058,1.621268766946703,-0.8223033635902972
strong,CNN,41,2026090941,1.4377500834753136,1.621268766946703,-0.18351868347138933
strong,Blend,41,2026091041,0.8833122224410128,1.6626110355201398,-0.779298813079127
strong,Overlap,41,2026091041,0.8928902230464035,1.6626110355201398,-0.7697208124737362
strong,ThreeSoft,41,2026091041,0.8504642741324352,1.6626110355201398,-0.8121467613877046
strong,ThreeHard,41,2026091041,0.8280913983629717,1.6626110355201398,-0.834519637157168
strong,CNN,41,2026091041,1.4229265052866906,1.6626110355201398,-0.23968453023344916
strong,Blend,41,2026091141,0.8196018586970923,1.519472665004998,-0.6998708063079055
strong,Overlap,41,2026091141,0.8355606717974473,1.519472665004998,-0.6839119932075506
strong,ThreeSoft,41,2026091141,0.7783389843284794,1.519472665004998,-0.7411336806765185
strong,ThreeHard,41,2026091141,0.7767157088104412,1.519472665004998,-0.7427569561945567
strong,CNN,41,2026091141,1.2603076813834937,1.519472665004998,-0.2591649836215042
strong,Blend,42,2026090941,0.8564471192669487,1.621268766946703,-0.7648216476797542
strong,Overlap,42,2026090941,0.8426809138926605,1.621268766946703,-0.7785878530540424
strong,ThreeSoft,42,2026090941,0.7952651662427409,1.621268766946703,-0.8260036007039621
strong,ThreeHard,42,2026090941,0.8008051010496381,1.621268766946703,-0.8204636658970649
strong,CNN,42,2026090941,1.545459170443631,1.621268766946703,-0.07580959650307206
strong,Blend,42,2026091041,0.894402043744383,1.6626110355201398,-0.7682089917757567
strong,Overlap,42,2026091041,0.8984839819797241,1.6626110355201398,-0.7641270535404157
strong,ThreeSoft,42,2026091041,0.8454275911332919,1.6626110355201398,-0.8171834443868479
strong,ThreeHard,42,2026091041,0.8339699374125336,1.6626110355201398,-0.8286410981076062
strong,CNN,42,2026091041,1.5804683038680405,1.6626110355201398,-0.08214273165209929
strong,Blend,42,2026091141,0.8171085732207645,1.519472665004998,-0.7023640917842334
strong,Overlap,42,2026091141,0.8350612111735133,1.519472665004998,-0.6844114538314846
strong,ThreeSoft,42,2026091141,0.7769065928231539,1.519472665004998,-0.742566072181844
strong,ThreeHard,42,2026091141,0.7745560238766387,1.519472665004998,-0.7449166411283592
strong,CNN,42,2026091141,1.4393689340859717,1.519472665004998,-0.08010373091902623
strong,Blend,43,2026090941,0.8572833926040657,1.621268766946703,-0.7639853743426372
strong,Overlap,43,2026090941,0.8416573836745321,1.621268766946703,-0.7796113832721708
strong,ThreeSoft,43,2026090941,0.7933253457176136,1.621268766946703,-0.8279434212290894
strong,ThreeHard,43,2026090941,0.7902989568210986,1.621268766946703,-0.8309698101256043
strong,CNN,43,2026090941,1.370942611034354,1.621268766946703,-0.25032615591234886
strong,Blend,43,2026091041,0.8958501049050707,1.6626110355201398,-0.7667609306150691
strong,Overlap,43,2026091041,0.8995988267403727,1.6626110355201398,-0.763012208779767
strong,ThreeSoft,43,2026091041,0.850972949867787,1.6626110355201398,-0.8116380856523527
strong,ThreeHard,43,2026091041,0.8311715321215183,1.6626110355201398,-0.8314395033986215
strong,CNN,43,2026091041,1.4334630209216424,1.6626110355201398,-0.22914801459849743
strong,Blend,43,2026091141,0.8199578033604706,1.519472665004998,-0.6995148616445273
strong,Overlap,43,2026091141,0.8352344478798837,1.519472665004998,-0.6842382171251142
strong,ThreeSoft,43,2026091141,0.7796525356547759,1.519472665004998,-0.739820129350222
strong,ThreeHard,43,2026091141,0.7766106653216198,1.519472665004998,-0.7428619996833781
strong,CNN,43,2026091141,1.2247323156275924,1.519472665004998,-0.29474034937740545
strong_circle,Blend,41,2026090941,0.6810771672099845,1.5334942063316277,-0.8524170391216432
strong_circle,Overlap,41,2026090941,0.6477453234022598,1.5334942063316277,-0.8857488829293679
strong_circle,ThreeSoft,41,2026090941,0.6657874854674465,1.5334942063316277,-0.8677067208641812
strong_circle,ThreeHard,41,2026090941,0.6459498805138092,1.5334942063316277,-0.8875443258178185
strong_circle,CNN,41,2026090941,1.274230420190679,1.5334942063316277,-0.2592637861409488
strong_circle,Blend,41,2026091041,0.8114134764502566,1.635505089928946,-0.8240916134786894
strong_circle,Overlap,41,2026091041,0.8104487694911844,1.635505089928946,-0.8250563204377617
strong_circle,ThreeSoft,41,2026091041,0.776225444303383,1.635505089928946,-0.859279645625563
strong_circle,ThreeHard,41,2026091041,0.7424589296499859,1.635505089928946,-0.8930461602789601
strong_circle,CNN,41,2026091041,1.3230439604841568,1.635505089928946,-0.3124611294447892
strong_circle,Blend,41,2026091141,0.8034640035197633,1.541876088937009,-0.7384120854172456
strong_circle,Overlap,41,2026091141,0.7953601933235099,1.541876088937009,-0.746515895613499
strong_circle,ThreeSoft,41,2026091141,0.7532532546728103,1.541876088937009,-0.7886228342641985
strong_circle,ThreeHard,41,2026091141,0.7522871150081607,1.541876088937009,-0.7895889739288482
strong_circle,CNN,41,2026091141,1.2160157834953782,1.541876088937009,-0.3258603054416307
strong_circle,Blend,42,2026090941,0.6784610798731951,1.5334942063316277,-0.8550331264584325
strong_circle,Overlap,42,2026090941,0.6487578720492861,1.5334942063316277,-0.8847363342823416
strong_circle,ThreeSoft,42,2026090941,0.6664688032383279,1.5334942063316277,-0.8670254030932998
strong_circle,ThreeHard,42,2026090941,0.6478110612775642,1.5334942063316277,-0.8856831450540635
strong_circle,CNN,42,2026090941,1.434924664134787,1.5334942063316277,-0.09856954219684066
strong_circle,Blend,42,2026091041,0.8259124143889242,1.635505089928946,-0.8095926755400219
strong_circle,Overlap,42,2026091041,0.8185532722779968,1.635505089928946,-0.8169518176509493
strong_circle,ThreeSoft,42,2026091041,0.7714523701895242,1.635505089928946,-0.8640527197394219
strong_circle,ThreeHard,42,2026091041,0.7469519784394543,1.635505089928946,-0.8885531114894918
strong_circle,CNN,42,2026091041,1.5161251491513994,1.635505089928946,-0.11937994077754666
strong_circle,Blend,42,2026091141,0.8009163014897115,1.541876088937009,-0.7409597874472974
strong_circle,Overlap,42,2026091141,0.7956819823242972,1.541876088937009,-0.7461941066127117
strong_circle,ThreeSoft,42,2026091141,0.751611996349887,1.541876088937009,-0.7902640925871219
strong_circle,ThreeHard,42,2026091141,0.750830286655479,1.541876088937009,-0.7910458022815299
strong_circle,CNN,42,2026091141,1.3694281056037394,1.541876088937009,-0.1724479833332695
strong_circle,Blend,43,2026090941,0.6777637558268841,1.5334942063316277,-0.8557304505047436
strong_circle,Overlap,43,2026090941,0.647004904489545,1.5334942063316277,-0.8864893018420827
strong_circle,ThreeSoft,43,2026090941,0.6628332905518411,1.5334942063316277,-0.8706609157797865
strong_circle,ThreeHard,43,2026090941,0.6334604345619268,1.5334942063316277,-0.9000337717697009
strong_circle,CNN,43,2026090941,1.2047470873738877,1.5334942063316277,-0.32874711895774
strong_circle,Blend,43,2026091041,0.8246930109228882,1.635505089928946,-0.8108120790060579
strong_circle,Overlap,43,2026091041,0.819001673602976,1.635505089928946,-0.81650341632597
strong_circle,ThreeSoft,43,2026091041,0.779940988234415,1.635505089928946,-0.855564101694531
strong_circle,ThreeHard,43,2026091041,0.7494065843451215,1.635505089928946,-0.8860985055838245
strong_circle,CNN,43,2026091041,1.363989096499315,1.635505089928946,-0.27151599342963095
strong_circle,Blend,43,2026091141,0.804338391601371,1.541876088937009,-0.7375376973356379
strong_circle,Overlap,43,2026091141,0.7948490280272711,1.541876088937009,-0.7470270609097378
strong_circle,ThreeSoft,43,2026091141,0.7566019433604978,1.541876088937009,-0.7852741455765111
strong_circle,ThreeHard,43,2026091141,0.7543787446278503,1.541876088937009,-0.7874973443091586
strong_circle,CNN,43,2026091141,1.2038257680239737,1.541876088937009,-0.3380503209130352
strong_ellipse,Blend,41,2026090941,1.031089702723849,1.7090433275617785,-0.6779536248379294
strong_ellipse,Overlap,41,2026090941,1.035831620100502,1.7090433275617785,-0.6732117074612765
strong_ellipse,ThreeSoft,41,2026090941,0.9223653196846838,1.7090433275617785,-0.7866780078770946
strong_ellipse,ThreeHard,41,2026090941,0.9519809261990024,1.7090433275617785,-0.757062401362776
strong_ellipse,CNN,41,2026090941,1.601269746759948,1.7090433275617785,-0.10777358080183053
strong_ellipse,Blend,41,2026091041,0.9552109684317688,1.6897169811113335,-0.7345060126795647
strong_ellipse,Overlap,41,2026091041,0.9753316766016222,1.6897169811113335,-0.7143853045097113
strong_ellipse,ThreeSoft,41,2026091041,0.9247031039614876,1.6897169811113335,-0.7650138771498459
strong_ellipse,ThreeHard,41,2026091041,0.913723867075958,1.6897169811113335,-0.7759931140353755
strong_ellipse,CNN,41,2026091041,1.5228090500892242,1.6897169811113335,-0.16690793102210932
strong_ellipse,Blend,41,2026091141,0.8357397138744214,1.4970692410729871,-0.6613295271985657
strong_ellipse,Overlap,41,2026091141,0.8757611502713849,1.4970692410729871,-0.6213080908016022
strong_ellipse,ThreeSoft,41,2026091141,0.8034247139841483,1.4970692410729871,-0.6936445270888388
strong_ellipse,ThreeHard,41,2026091141,0.8011443026127215,1.4970692410729871,-0.6959249384602656
strong_ellipse,CNN,41,2026091141,1.304599579271609,1.4970692410729871,-0.19246966180137814
strong_ellipse,Blend,42,2026090941,1.034433158660702,1.7090433275617785,-0.6746101689010764
strong_ellipse,Overlap,42,2026090941,1.036603955736035,1.7090433275617785,-0.6724393718257435
strong_ellipse,ThreeSoft,42,2026090941,0.9240615292471538,1.7090433275617785,-0.7849817983146247
strong_ellipse,ThreeHard,42,2026090941,0.953799140821712,1.7090433275617785,-0.7552441867400664
strong_ellipse,CNN,42,2026090941,1.6559936767524743,1.7090433275617785,-0.05304965080930413
strong_ellipse,Blend,42,2026091041,0.9628916730998416,1.6897169811113335,-0.7268253080114919
strong_ellipse,Overlap,42,2026091041,0.9784146916814516,1.6897169811113335,-0.7113022894298819
strong_ellipse,ThreeSoft,42,2026091041,0.9194028120770597,1.6897169811113335,-0.7703141690342739
strong_ellipse,ThreeHard,42,2026091041,0.9209878963856128,1.6897169811113335,-0.7687290847257207
strong_ellipse,CNN,42,2026091041,1.644811458584681,1.6897169811113335,-0.044905522526652586
strong_ellipse,Blend,42,2026091141,0.8333008449518176,1.4970692410729871,-0.6637683961211696
strong_ellipse,Overlap,42,2026091141,0.8744404400227291,1.4970692410729871,-0.622628801050258
strong_ellipse,ThreeSoft,42,2026091141,0.8022011892964208,1.4970692410729871,-0.6948680517765663
strong_ellipse,ThreeHard,42,2026091141,0.7982817610977981,1.4970692410729871,-0.698787479975189
strong_ellipse,CNN,42,2026091141,1.5093097625682033,1.4970692410729871,0.01224052149521615
strong_ellipse,Blend,43,2026090941,1.0368030293812476,1.7090433275617785,-0.6722402981805309
strong_ellipse,Overlap,43,2026090941,1.036309862859519,1.7090433275617785,-0.6727334647022594
strong_ellipse,ThreeSoft,43,2026090941,0.9238174008833862,1.7090433275617785,-0.7852259266783923
strong_ellipse,ThreeHard,43,2026090941,0.9471374790802706,1.7090433275617785,-0.7619058484815079
strong_ellipse,CNN,43,2026090941,1.5371381346948203,1.7090433275617785,-0.17190519286695816
strong_ellipse,Blend,43,2026091041,0.9670071988872534,1.6897169811113335,-0.7227097822240801
strong_ellipse,Overlap,43,2026091041,0.9801959798777694,1.6897169811113335,-0.7095210012335641
strong_ellipse,ThreeSoft,43,2026091041,0.922004911501159,1.6897169811113335,-0.7677120696101745
strong_ellipse,ThreeHard,43,2026091041,0.9129364798979154,1.6897169811113335,-0.7767805012134181
strong_ellipse,CNN,43,2026091041,1.5029369453439694,1.6897169811113335,-0.18678003576736413
strong_ellipse,Blend,43,2026091141,0.8355772151195704,1.4970692410729871,-0.6614920259534167
strong_ellipse,Overlap,43,2026091141,0.8756198677324961,1.4970692410729871,-0.621449373340491
strong_ellipse,ThreeSoft,43,2026091141,0.802703127949054,1.4970692410729871,-0.6943661131239331
strong_ellipse,ThreeHard,43,2026091141,0.7988425860153894,1.4970692410729871,-0.6982266550575977
strong_ellipse,CNN,43,2026091141,1.2456388632312116,1.4970692410729871,-0.25143037784177547
