model,group,seeds,mean_mm,seed_sd_mm,min_mm,max_mm,within1_min_percent,within1_max_percent
Blend,all,3,2.2763281844361036,0.001004705759237371,2.275247266063508,2.277233534382059,25.694444444444443,25.92592592592592
Blend,medium,3,2.7331387100484448,0.0013614967769050943,2.7315783661807127,2.734085221197009,6.94444444444444,7.2222222222222205
Blend,strong,3,0.8555607281340806,0.0023776497873273113,0.8529991720350073,0.8576971002898691,67.77777777777779,68.47222222222223
Blend,strong_circle,3,0.7675599556981086,0.001957548532415055,0.7653182157266681,0.768931719450381,73.33333333333333,75.0
Blend,strong_ellipse,3,0.9435615005700524,0.002891226262419093,0.9406801283433464,0.946462481129357,61.38888888888889,62.77777777777778
Blend,weak,3,3.240285115125788,0.000862574638617312,3.239440125313862,3.2411642599748056,2.2222222222222197,2.5
CNN,all,3,2.5139412572202717,0.04742598583125031,2.486009639843975,2.568700358189432,13.6574074074074,16.66666666666666
CNN,medium,3,2.8776597892049494,0.059650370019352215,2.8414960416731945,2.9465088193496336,5.0,6.25
CNN,strong,3,1.4128242917918588,0.0955796079162435,1.343045982527863,1.5217654694658806,32.91666666666666,41.11111111111111
CNN,strong_circle,3,1.3229255594397016,0.10175407105316368,1.257520650632392,1.4401593062966422,38.611111111111114,45.27777777777778
CNN,strong_ellipse,3,1.5027230241440155,0.09036233753656922,1.4285713144233338,1.6033716326351195,27.22222222222222,36.94444444444444
CNN,weak,3,3.251339690664008,0.019202606427845378,3.237826785752783,3.273320831762344,2.5,3.05555555555555
ExtraTrees,all,3,2.366895160804266,0.001736819423779101,2.364974623887278,2.3683556243983634,23.472222222222218,23.75
ExtraTrees,medium,3,2.8843695323344907,0.003347213954981539,2.88053354428024,2.886697084655587,5.41666666666666,5.69444444444444
ExtraTrees,strong,3,0.9752168795076782,0.0026599224488867597,0.9721492115402716,0.9768820427166232,62.361111111111114,63.33333333333333
ExtraTrees,strong_circle,3,0.9280756147128789,0.0018745073628254438,0.9267836631274364,0.9302255598134456,68.33333333333333,68.88888888888889
ExtraTrees,strong_ellipse,3,1.022358144302477,0.004982213681904595,1.0170808018827882,1.0269804223058094,55.833333333333336,58.333333333333336
ExtraTrees,weak,3,3.2410990705706286,0.0013781221229262623,3.239568350047682,3.2422411158413227,2.36111111111111,2.5
Overlap,all,3,2.262084524859601,0.000296887327887929,2.261897644982792,2.262426860396989,25.972222222222218,26.1574074074074
Overlap,medium,3,2.6914974017412594,0.0006846219852989872,2.6908482069782784,2.6922126612306427,7.638888888888889,7.916666666666659
Overlap,strong,3,0.8581062368817686,0.001178430347254833,0.8567464555317438,0.8588302194315961,67.22222222222223,67.63888888888889
Overlap,strong_circle,3,0.7530447798875919,0.0016497473156558034,0.751184762072318,0.7543310422171934,74.72222222222223,75.27777777777777
Overlap,strong_ellipse,3,0.9631676938759455,0.0008669702741174771,0.9623081489911698,0.9640419034899282,59.72222222222222,60.0
Overlap,weak,3,3.236649935955775,0.0008453926973320386,3.236014508538502,3.237609415050464,2.9166666666666603,3.05555555555555
ThreeHard,all,3,2.245304838107364,0.0018556093582717372,2.2432296430826866,2.246804453257538,27.12962962962963,27.31481481481481
ThreeHard,medium,3,2.7112704293776964,0.002089401454860501,2.7095184521513507,2.71358291730808,8.05555555555555,8.33333333333333
ThreeHard,strong,3,0.8012427474592073,0.0018750282271523466,0.7993603847547456,0.8031103541129367,70.83333333333334,71.25
ThreeHard,strong_circle,3,0.7137261127865946,0.0013982128750165339,0.7124152545116328,0.7151977754574991,77.22222222222223,78.05555555555556
ThreeHard,strong_ellipse,3,0.8887593821318202,0.002364460378666479,0.8863055149978585,0.8910229327683743,64.16666666666667,65.0
ThreeHard,weak,3,3.2234013374851895,0.005441341060477568,3.2196186258196584,3.2296374041113256,2.2222222222222197,2.63888888888888
ThreeSoft,all,3,2.247894425300905,0.0008511134484529408,2.247006847046764,2.248703656262225,27.453703703703702,27.68518518518518
ThreeSoft,medium,3,2.713364527893534,0.0011553049540054482,2.712044097701363,2.7141892957697595,8.888888888888879,9.027777777777771
ThreeSoft,strong,3,0.8071588713862603,0.0011334182938905794,0.8058664500663955,0.8079836104133923,71.11111111111111,71.80555555555556
ThreeSoft,strong_circle,3,0.7315750640409036,0.0016479254467789471,0.7298443899259129,0.7331254073822515,76.38888888888889,76.66666666666667
ThreeSoft,strong_ellipse,3,0.882742678731617,0.0008091685908868965,0.881888510206878,0.88349771254344,65.55555555555556,66.94444444444444
ThreeSoft,weak,3,3.223159876622921,0.0007544821488655004,3.222431573892705,3.2239380626035223,2.36111111111111,2.36111111111111
