candidate,split,mean_mm,median_mm,p90_mm
blend_0,id,2.840359740025392,2.8533361897818965,4.674023443324487
blend_0,ood,1.4766767951809432,1.3739182177700142,2.563838084808995
blend_0.25,id,2.8245841473716107,2.9086631291237675,4.519655224045265
blend_0.25,ood,1.445224747104201,1.3214180153112207,2.5507240094038384
blend_0.25_shrink_0.00141785,id,2.84664287424875,3.0815469003384477,4.234105437383694
blend_0.25_shrink_0.00141785,ood,1.531121298186635,1.4541301420443804,2.82791859975321
blend_0.25_shrink_0.00416578,id,2.892183475558121,3.110318830950913,4.207858385344894
blend_0.25_shrink_0.00416578,ood,1.6833721005619444,1.5630009607530764,3.0145162258288933
blend_0.25_shrink_1e-05,id,2.81967876213164,3.0109021822536897,4.425904080577914
blend_0.25_shrink_1e-05,ood,1.4458688888180873,1.3204386415433147,2.554474793315436
blend_0.5,id,2.823201465612878,2.9542359757023626,4.430644486791008
blend_0.5,ood,1.4303397832288924,1.302099473755728,2.5290958085353563
blend_0.5_shrink_0.00141785,id,2.8560226308065526,3.089318103681694,4.221669527756808
blend_0.5_shrink_0.00141785,ood,1.534314831990394,1.395102427592111,2.8746560797420315
blend_0.5_shrink_0.00416578,id,2.904301210703392,3.123624355126611,4.208811770333476
blend_0.5_shrink_0.00416578,ood,1.6961845653090688,1.546883329937772,3.0179880701169592
blend_0.5_shrink_1e-05,id,2.8220330288366218,3.061252478398286,4.346453100949877
blend_0.5_shrink_1e-05,ood,1.4310890394413545,1.3022293293269653,2.528961655041947
blend_0.75,id,2.8346064464123404,2.9819330167365248,4.346413862671413
blend_0.75,ood,1.442303586269318,1.3213454734388392,2.5819612847110633
blend_0.75_shrink_0.00141785,id,2.871853531875269,3.106276106994211,4.207858385344894
blend_0.75_shrink_0.00141785,ood,1.5559764114777415,1.3782829630575462,2.8748556300340278
blend_0.75_shrink_0.00416578,id,2.919284050041426,3.142761134467867,4.208639890337202
blend_0.75_shrink_0.00416578,ood,1.7240322733069031,1.5759929480445387,2.9794995710052303
blend_0.75_shrink_1e-05,id,2.8352098006157993,3.052688592187908,4.301992943382194
blend_0.75_shrink_1e-05,ood,1.4432331579272721,1.3230249191716008,2.581911329756016
blend_0_shrink_0.00141785,id,2.8426921512991323,3.077823340671648,4.27122940096573
blend_0_shrink_0.00141785,ood,1.5467345657991067,1.465644788067826,2.825084922071049
blend_0_shrink_0.00416578,id,2.8839965411821407,3.1115778397389167,4.207858385344894
blend_0_shrink_0.00416578,ood,1.6815286827004063,1.5543190344255295,3.035705117745885
blend_0_shrink_1e-05,id,2.829145617420874,3.001165647689379,4.488997469672355
blend_0_shrink_1e-05,ood,1.4771903401281152,1.373642886790053,2.5644632308993986
blend_1,id,2.858647814768263,3.0458038632059217,4.409593396336753
blend_1,ood,1.4854016788324045,1.2939732621899678,2.673545962377389
blend_1_shrink_0.00141785,id,2.893836684082626,3.1225494248029992,4.2207825671506605
blend_1_shrink_0.00141785,ood,1.600165009163305,1.3491148679167257,2.8873364343915044
blend_1_shrink_0.00416578,id,2.9369379689021113,3.150910911688355,4.208298454007438
blend_1_shrink_0.00416578,ood,1.7659888706000078,1.5893209011946277,3.0496663549000997
blend_1_shrink_1e-05,id,2.8592364195634574,3.083599652279884,4.270714074729549
blend_1_shrink_1e-05,ood,1.4863682537491714,1.2945234999803361,2.674126520430082
extra_trees_ensemble,id,2.858647814768263,3.0458038632059217,4.409593396336753
extra_trees_ensemble,ood,1.4854016788324045,1.2939732621899678,2.673545962377389
grid5_leaf12_mean,id,2.969636214110526,3.161057340404775,4.232939795933046
grid5_leaf12_mean,ood,2.020231415164564,1.9176322663635341,3.251213303657408
grid5_leaf12_median,id,2.906038814704268,3.1101095357559654,4.2922743836669595
grid5_leaf12_median,ood,1.6766344735318994,1.5742697201225795,2.9111674320220713
grid5_leaf4_mean,id,2.9317668101922223,3.175783640589474,4.240389625367188
grid5_leaf4_mean,ood,1.8109163604427436,1.6796295412304088,2.9444029711061988
grid5_leaf4_median,id,2.876074273223647,3.0663083715503063,4.322368701179442
grid5_leaf4_median,ood,1.5178028292925168,1.3942879191325583,2.795540592092262
grid9_leaf12_mean,id,2.9719201194742455,3.1620363522418877,4.242628043495566
grid9_leaf12_mean,ood,2.051872350436877,2.0043590009737846,3.2023339850768604
grid9_leaf12_median,id,2.901054399724252,3.113041953770144,4.230261492238704
grid9_leaf12_median,ood,1.7092382731703475,1.6353925394069782,2.8345719425500535
grid9_leaf4_mean,id,2.934223476636531,3.138955800998378,4.259477880916509
grid9_leaf4_mean,ood,1.8368281850202899,1.7138571031391105,3.089653715671065
grid9_leaf4_median,id,2.8743451393698454,3.0749923740906513,4.264247922271523
grid9_leaf4_median,ood,1.5460795246585144,1.449195827857681,2.7383872074455167
prior_median,id,3.2510477443722654,3.440332898143816,4.303687608706711
prior_median,ood,3.266678571139003,3.191802885554584,4.2586839197303075
svr,id,2.840359740025392,2.8533361897818965,4.674023443324487
svr,ood,1.4766767951809432,1.3739182177700142,2.563838084808995
template_k128_t0.5_mean,id,2.9160232654875005,3.132847410594997,4.285170312609523
template_k128_t0.5_mean,ood,1.7217766358072095,1.7546500275821366,2.974546536509684
template_k128_t0.5_median,id,2.8859130682730663,3.050655547084335,4.391732473922119
template_k128_t0.5_median,ood,1.5191333022020166,1.4349477280647127,2.6494121567574167
template_k128_t2_mean,id,2.9722308979721586,3.1607469337213234,4.262730963111801
template_k128_t2_mean,ood,2.0708739657505038,2.091427100696997,3.154848350867945
template_k128_t2_median,id,2.9192893881244997,3.09256711707972,4.360045391725544
template_k128_t2_median,ood,1.7717139955528287,1.7843815258348878,2.820936770809401
template_k32_t0.5_mean,id,2.882278244173602,3.0845264932622385,4.33908634124726
template_k32_t0.5_mean,ood,1.5395384718285807,1.4324771078465843,2.819933523707113
template_k32_t0.5_median,id,2.9032991719033716,2.9581935318862564,4.564585617559269
template_k32_t0.5_median,ood,1.424637512881867,1.274870865911205,2.4391557504235797
template_k32_t2_mean,id,2.892538481039948,3.037664480656506,4.3486814572258705
template_k32_t2_mean,ood,1.6492074155456276,1.6102085323688309,2.920481005311895
template_k32_t2_median,id,2.894155097981634,2.9771218388163216,4.543425772488177
template_k32_t2_median,ood,1.4800744897556926,1.3512662250849452,2.8022377311637188
template_k512_t0.5_mean,id,2.9736713358313334,3.219043997826037,4.236613750434103
template_k512_t0.5_mean,ood,1.9643852979366263,2.0077593284892696,3.293089196953358
template_k512_t0.5_median,id,2.9255496970749184,3.147076932549674,4.249785386899468
template_k512_t0.5_median,ood,1.7137387336082022,1.7539352497832208,3.013476147945377
template_k512_t2_mean,id,3.0941246160634135,3.254970485297555,4.222744479019887
template_k512_t2_mean,ood,2.632373000775785,2.6341777593349818,3.692830408510902
template_k512_t2_median,id,3.036103800759342,3.2152925730423583,4.253845004805229
template_k512_t2_median,ood,2.3707961361093757,2.3049360338332323,3.3681949070049106
