group,model,events,mean_mm,p90_mm,within_1mm
ordinary,REI,600,2.797498543359712,4.175209302948472,0.0825
ordinary,baseline/blend,600,2.5691286552003505,4.228480748695189,0.1875
ordinary,baseline/learned_logistic_expert_0.5_1,600,2.5831320829687545,4.184693437454583,0.18583333333333332
ordinary,combined/blend,600,2.6233741386164113,4.174407632876902,0.17333333333333334
ordinary,correlation/blend,600,2.615226865454941,4.150345351516802,0.17583333333333334
ordinary,multiscale/PCA128_SVR10,600,2.604876115054796,4.444089839080159,0.165
ordinary,parent,600,2.569568725878738,4.2288552866165725,0.18916666666666668
ordinary,prior,600,3.253323977206555,4.239442300169346,0.028333333333333332
ordinary,whitened/blend,600,2.5967837890183847,4.205137434833589,0.17916666666666667
strong_ellipse,REI,120,1.6273604457690412,2.7485915341005946,0.25833333333333336
strong_ellipse,baseline/blend,120,1.0013577282619004,1.953165753168962,0.5791666666666667
strong_ellipse,baseline/learned_logistic_expert_0.5_1,120,1.007156330072931,1.9503594091989906,0.575
strong_ellipse,combined/blend,120,1.1079086145406194,2.0704968390100236,0.5333333333333333
strong_ellipse,correlation/blend,120,1.0746849586372316,2.108660101998821,0.575
strong_ellipse,multiscale/PCA128_SVR10,120,1.1438501239488772,2.0310300945439126,0.49583333333333335
strong_ellipse,parent,120,1.0005876920718608,1.9373077865378332,0.5791666666666667
strong_ellipse,prior,120,3.152361705899323,4.229778142607012,0.05
strong_ellipse,whitened/blend,120,1.0973853542202543,2.0661684928144393,0.5125
weak,REI,240,3.2161342846564764,4.315269312487107,0.0375
weak,baseline/blend,240,3.2219486200688,4.387322980435061,0.03333333333333333
weak,baseline/learned_logistic_expert_0.5_1,240,3.214990232978318,4.290562122641299,0.03333333333333333
weak,combined/blend,240,3.204175388378047,4.293604437414987,0.03958333333333333
weak,correlation/blend,240,3.2058317441640414,4.288714875875417,0.0375
weak,multiscale/PCA128_SVR10,240,3.277598333127336,4.781387271177418,0.03125
weak,parent,240,3.2227147658348523,4.403877954062571,0.03333333333333333
weak,prior,240,3.2222615839437037,4.202158470657714,0.0375
weak,whitened/blend,240,3.206392305749203,4.3257910360983125,0.0375
medium,REI,240,3.0105312465849865,4.207424709590955,0.041666666666666664
medium,baseline/blend,240,2.83095701036315,4.16974118109522,0.04583333333333333
medium,baseline/learned_logistic_expert_0.5_1,240,2.8691075789312466,4.142167065776259,0.04375
medium,combined/blend,240,2.9355364986666626,4.128455927244247,0.035416666666666666
medium,correlation/blend,240,2.916521409953966,4.147582465354804,0.0375
medium,multiscale/PCA128_SVR10,240,2.780864946634136,4.332879273480296,0.06458333333333334
medium,parent,240,2.83103990688415,4.174855565606215,0.04791666666666667
medium,prior,240,3.297003397667786,4.332610295899581,0.025
medium,whitened/blend,240,2.888538300135756,4.196245626175957,0.035416666666666666
strong,REI,240,1.5807610500423381,2.595912485041876,0.25625
strong,baseline/blend,240,0.8705948716998767,1.7940856455115355,0.6791666666666667
strong,baseline/learned_logistic_expert_0.5_1,240,0.8773105605487871,1.8544119207898315,0.675
strong,combined/blend,240,0.9726777667666291,1.971408257838688,0.625
strong,correlation/blend,240,0.9530564888379607,2.0017609138299797,0.6520833333333333
strong,multiscale/PCA128_SVR10,240,1.0256520698499565,1.8873849252987156,0.5645833333333333
strong,parent,240,0.8704609880137724,1.797082212651079,0.68125
strong,prior,240,3.1902258143545605,4.229597552571962,0.03333333333333333
strong,whitened/blend,240,0.9457215437711309,1.893497762740158,0.63125
strong_circle,REI,120,1.5341616543156356,2.421220548709327,0.25416666666666665
strong_circle,baseline/blend,120,0.739832015137853,1.523231189024629,0.7791666666666667
strong_circle,baseline/learned_logistic_expert_0.5_1,120,0.7474647910246434,1.5330553607392756,0.775
strong_circle,combined/blend,120,0.8374469189926388,1.7812435080014193,0.7166666666666667
strong_circle,correlation/blend,120,0.8314280190386898,1.7716178038442556,0.7291666666666666
strong_circle,multiscale/PCA128_SVR10,120,0.9074540157510356,1.717995322235075,0.6333333333333333
strong_circle,parent,120,0.7403342839556835,1.5284757240574516,0.7833333333333333
strong_circle,prior,120,3.228089922809798,4.1904292791665165,0.016666666666666666
strong_circle,whitened/blend,120,0.7940577333220076,1.5254505819858775,0.75
all,REI,720,2.6024755270946,4.09995846747984,0.11180555555555556
all,baseline/blend,720,2.307833500710609,4.122992194614852,0.25277777777777777
all,baseline/learned_logistic_expert_0.5_1,720,2.3204694574861175,4.10464307607164,0.25069444444444444
all,combined/blend,720,2.3707965512704465,4.0815809638447655,0.23333333333333334
all,correlation/blend,720,2.3584698809853224,4.069689149723925,0.2423611111111111
all,multiscale/PCA128_SVR10,720,2.3613717832038095,4.299510304811363,0.22013888888888888
all,parent,720,2.308071886910925,4.132288646101936,0.25416666666666665
all,prior,720,3.236496931988683,4.239442300169346,0.03194444444444444
all,whitened/blend,720,2.346884049885363,4.13154666983392,0.23472222222222222
