arm,split,mean_mm,median_mm,p90_mm
binned_mse_gnn,test_id,3.039642813634209,3.1855671473123035,4.333365900715911
binned_mse_gnn,test_ood,2.245020144558102,2.159036950986505,3.744559319440064
binned_mse_self_only,test_id,3.051083590727708,3.2049602939275137,4.28217817837563
binned_mse_self_only,test_ood,2.296506878786661,2.213295904219747,3.6888081844705667
centered_mse_gnn,test_id,2.9818210790454036,3.071655003604313,4.407471786697227
centered_mse_gnn,test_ood,2.123987803633538,2.0432408045384154,3.67268895031329
centered_mse_self_only,test_id,2.991583748245814,3.1000086456981903,4.4819986619549
centered_mse_self_only,test_ood,2.1110424314821894,2.003901999680512,3.591071015993918
gnn,test_id,2.992007749931952,3.1184231762558157,4.382083733017953
gnn,test_ood,2.1006534967861508,2.062864944042814,3.6395864630904504
raw_huber_gnn,test_id,2.9981568862632373,3.061995416154153,4.4763328669793285
raw_huber_gnn,test_ood,2.1652248634354065,2.091816706274906,3.7056353891591134
raw_huber_self_only,test_id,2.9960086956921286,3.093817917968713,4.465869934740002
raw_huber_self_only,test_ood,2.145276695579899,2.0369959915231455,3.6599822128466952
self_only,test_id,3.002037594462009,3.132926261000584,4.3859414357526525
self_only,test_ood,2.1513670027495806,2.0868788963227134,3.6014622143965593
